ABL1	1	chr9	130713043	130887675
RPL23A	0,983337049	chr17	28719985	28724359
TRMT112	0,980884545	chr11	64316460	64317559
FARSA	0,9611941	chr19	12922479	12934037
ATP6V0C	0,914806427	chr16	2513952	2520218
EIF4A3	0,912296554	chr17	80134369	80147151
PTPMT1	0,909030459	chr11	47565430	47573461
RRM1	0,89859069	chr11	4094707	4138932
POLR2J3	0,878606883	chr7	102537918	102572653
CDC16	0,870789117	chr13	114234887	114272723
RPL9	0,870332777	chr4	39452587	39458931
UMPS	0,863140849	chr3	124730433	124749273
RPL5	0,862964832	chr1	92832013	92841924
GPN2	0,855677724	chr1	26876132	26890283
DNM2	0,854665626	chr19	10718055	10833488
EXOSC4	0,85455643	chr8	144078648	144080648
ATP2A2	0,850553672	chr12	110280756	110351093
RUVBL2	0,848813058	chr19	48993562	49015970
DNM1L	0,836667879	chr12	32679200	32745650
EXOSC6	0,836485343	chr16	70246778	70251940
IARS1	0,832912848	chr9	92210207	92293854
TTI1	0,828610208	chr20	37983007	38033461
DYNC1H1	0,826902191	chr14	101964573	102056443
RPL13	0,819699832	chr16	89560677	89564542
RPP21	0,816888774	chr6	30345131	30346884
GMPPB	0,816062146	chr3	49716844	49723973
GOLGA6L1	0,815933067	chr15	23127066	23136822
RPS8	0,813814994	chr1	44775251	44778779
DPAGT1	0,813198935	chr11	119096025	119108331
RPL8	0,813151997	chr8	144789765	144792587
YARS2	0,80662763	chr12	32727490	32755897
IMP3	0,804971766	chr15	75639085	75648706
HSPE1	0,803081212	chr2	197500140	197503449
DHODH	0,799387461	chr16	72008588	72027664
SF3B3	0,797539933	chr16	70523791	70577670
PRMT5	0,79516305	chr14	22920525	22929408
ALDOA	0,791208533	chr16	30064164	30070457
GINS2	0,788595657	chr16	85676198	85690073
SNRPD3	0,784390805	chr22	24555958	24582052
BCR	0,782478086	chr22	23179704	23318037
BUB3	0,77897339	chr10	123154402	123170467
RACK1	0,776704725	chr5	181236897	181248096
PFAS	0,775348742	chr17	8247618	8270491
CBWD3	0,768242867	chr9	68232003	68300035
CBWD5	0,768242867	chr9	65668805	65734041
DDX49	0,763635457	chr19	18919705	18929189
RPL36	0,762165714	chr19	5674947	5691875
ATIC	0,761144815	chr2	215311956	215349773
DBR1	0,760762607	chr3	138160988	138174949
ATP6V1A	0,759900961	chr3	113747027	113812056
RPL32	0,758434152	chr3	12834485	12841582
PCNA	0,757788756	chr20	5114953	5126626
POLR2J	0,75669745	chr7	102473128	102478922
RPS3A	0,75301413	chr4	151099624	151104642
TXNL4A	0,752144475	chr18	79970813	80033949
VARS1	0,751801567	chr6	31777518	31795752
RAD9A	0,750431242	chr11	67317871	67398410
PRPF19	0,748512656	chr11	60890547	60906585
PRPF38B	0,744604424	chr1	108692310	108702928
RRM2	0,743202807	chr2	10120698	10211725
RFC5	0,742099766	chr12	118013588	118033130
RPL18	0,74014011	chr19	48615328	48619184
VPS25	0,739741138	chr17	42773449	42779599
RPL27A	0,739545563	chr11	8682788	8714759
ESPL1	0,738661566	chr12	53268299	53293638
C1orf109	0,738379939	chr1	37681570	37692249
HARS1	0,737394243	chr5	140673035	140691537
EEF1A1	0,737071545	chr6	73489308	73525587
HSPA5	0,736323472	chr9	125234853	125241382
SNRPF	0,735375914	chr12	95858952	95903828
PPIL2	0,734915336	chr22	21666000	21700015
CCT2	0,734589704	chr12	69585426	69601570
TFRC	0,733404522	chr3	196012511	196082153
RPL37	0,733313254	chr5	40825262	40835222
WDR1	0,731984651	chr4	10068089	10116972
HDAC3	0,731135858	chr5	141620876	141636849
PSMG3	0,729403067	chr7	1567332	1571005
NCBP2	0,726846256	chr3	196935402	196942594
CCT3	0,722338915	chr1	156308968	156367873
DDX56	0,720770407	chr7	44565804	44575051
SF1	0,720355789	chr11	64764606	64778786
RPS19	0,720273648	chr19	41860255	41872925
LRR1	0,718044098	chr14	49598761	49614672
EARS2	0,717732483	chr16	23520754	23557731
ATP5F1D	0,715591593	chr19	1241746	1244825
SRSF2	0,713937033	chr17	76734115	76737333
WDR74	0,713442881	chr11	62832342	62841809
NELFB	0,712505427	chr9	137255327	137273542
POLR2J2	0,712505427	chr7	102665368	102671663
CDC45	0,710861297	chr22	19479457	19520612
RPL7A	0,709518352	chr9	133348218	133351426
CDIPT	0,709243244	chr16	29858357	29863414
DHFR	0,708785599	chr5	80626226	80654983
NSMCE3	0,708201483	chr15	29264989	29269822
CAD	0,707588683	chr2	27217369	27243943
HAUS5	0,705645976	chr19	35612735	35625355
QARS1	0,704995365	chr3	49095932	49105130
RCC1	0,704971896	chr1	28505943	28539300
SF3A1	0,704866286	chr22	30331988	30356919
ACO2	0,70408138	chr22	41447830	41529273
PSMB7	0,700973374	chr9	124353465	124415444
ATP1A1	0,699714852	chr1	116372668	116410261
NARS1	0,698722637	chr18	57600656	57622213
HEATR1	0,698523803	chr1	236549005	236604516
CKAP5	0,697919478	chr11	46743048	46846308
RPL13A	0,693143548	chr19	49487510	49493057
UBE2M	0,69209918	chr19	58555712	58558954
HSPA9	0,690156473	chr5	138553756	138575675
HNRNPU	0,689778362	chr1	244840638	244864560
MVD	0,68933506	chr16	88651935	88663161
RUVBL1	0,688148574	chr3	128064778	128153914
CFAP298	0,686267147	chr21	32592079	32612603
SARS2	0,685293186	chr19	38915266	38930763
DTYMK	0,683598206	chr2	241675747	241686944
SNRNP200	0,681655499	chr2	96274338	96321271
RPL6	0,681081814	chr12	112405189	112418838
RPS15A	0,680469014	chr16	18781295	18790383
EIF2S1	0,680071346	chr14	67360328	67386516
DDOST	0,679909997	chr1	20651767	20661544
RPL15	0,679438988	chr3	23916591	23924374
EIF3G	0,678591498	chr19	10115014	10119918
POLE2	0,678111689	chr14	49643555	49688422
XPO1	0,675788263	chr2	61476032	61538741
USP5	0,675447963	chr12	6852148	6866632
MYC	0,675295415	chr8	127735434	127742951
POLR1B	0,675154602	chr2	112541915	112579818
CCT6A	0,674218778	chr7	56051685	56063989
RPS6	0,673934217	chr9	19375715	19380236
MRPL41	0,673793403	chr9	137551879	137552555
DHX33	0,672883981	chr17	5440917	5468982
MRPL57	0,67184548	chr13	21176658	21179084
IARS2	0,670859785	chr1	220094132	220148041
CCT4	0,669921027	chr2	61868085	61888671
RPL23	0,669216959	chr17	38847860	38853764
KPNB1	0,667057816	chr17	47649476	47685505
SARS1	0,66651803	chr1	109213918	109238182
CBWD6	0,665944345	chr9	41131306	41199261
MCM2	0,665849165	chr3	127598410	127622436
INTS3	0,664079867	chr1	153728050	153774808
SS18L2	0,664009787	chr3	42581840	42596934
PPAT	0,663936446	chr4	56393362	56435615
RFC2	0,66384257	chr7	74231499	74254458
RPS11	0,663678288	chr19	49496365	49499708
TUBB	0,661965055	chr6	30717435	30725538
SPATA5L1	0,661501543	chr15	45402336	45421415
MARS2	0,66067687	chr2	197705369	197708395
MARS1	0,659894572	chr12	57475445	57517569
PSMA7	0,659113578	chr20	62136733	62143440
POLR2L	0,657470752	chr11	837356	842529
PIK3C3	0,657086448	chr18	41955234	42087830
POLR1C	0,656191694	chr6	43509702	43562419
POLR2I	0,655774469	chr19	36113709	36115213
ORC6	0,654619275	chr16	46689643	46698394
MFAP1	0,653938676	chr15	43804492	43824690
PPP2CA	0,6538448	chr5	134194035	134226073
RPS3	0,652084629	chr11	75399515	75422280
COPB2	0,651087199	chr3	139353946	139389736
PRPF6	0,648141846	chr20	63981132	64033100
U2AF2	0,647860219	chr19	55654146	55674716
RAN	0,646545958	chr12	130872037	130877678
TBCC	0,64649902	chr6	42744498	42746103
CHMP6	0,646111783	chr17	80991598	81009517
WDR77	0,644900524	chr1	111439890	111449256
SSU72	0,644678873	chr1	1541673	1574863
SNRNP25	0,644527629	chr16	53828	57669
DDX21	0,644457222	chr10	68956135	68985068
MRPS16	0,641558807	chr10	73248843	73252693
KARS1	0,641101163	chr16	75627474	75648643
PLK1	0,641030756	chr16	23677656	23690367
ZNHIT2	0,641024889	chr11	65116403	65117701
PRPF8	0,640866473	chr17	1650629	1684867
RPL18A	0,639163671	chr19	17859910	17864153
RFC3	0,638081492	chr13	33818069	33966558
RPL14	0,637616025	chr3	40457292	40468587
NDOR1	0,636243091	chr9	137205685	137219361
ZBTB11	0,635668102	chr3	101648889	101677135
PRPF31	0,634808878	chr19	54115410	54131719
RPL11	0,634456844	chr1	23691742	23696835
RPS13	0,633907931	chr11	17074388	17077715
BUD23	0,633817967	chr7	73683025	73705161
RPS4X	0,632814018	chrX	72255679	72277248
INO80	0,630798296	chr15	40978880	41116280
PRMT1	0,630422793	chr19	49675786	49689029
RPS28	0,630340652	chr19	8321158	8323340
EIF3D	0,630167242	chr22	36510855	36529184
MICOS10	0,629624849	chr1	19484403	19629821
DDX19A	0,628639153	chr16	70346861	70373383
RPL3	0,628134571	chr22	39312882	39320389
MCM7	0,627544914	chr7	100092728	100101940
NOB1	0,627242751	chr16	69741871	69754926
NSF	0,626116242	chr17	46590669	46757679
GTF3A	0,625608726	chr13	27424619	27435823
PHF5A	0,625082304	chr22	41459717	41468692
RPL35A	0,622631103	chr3	197950190	197956610
EIF6	0,622114787	chr20	35278907	35284985
DDX23	0,621092584	chr12	48829756	48852842
PPP2R1A	0,618842545	chr19	52170936	52229518
NDC80	0,617960783	chr18	2571557	2616635
RPS9	0,617057229	chr19	54200809	54249003
RPL38	0,617018114	chr17	74203582	74210655
WDR43	0,616775602	chr2	28894667	28948219
GTF2B	0,615848578	chr1	88852633	88891944
OGDH	0,615546416	chr7	44606572	44709066
NSMCE1	0,615167979	chr16	27224994	27268772
FKBPL	0,614912428	chr6	32128707	32130288
PSMB4	0,613771577	chr1	151399560	151401937
KIF11	0,613630763	chr10	92574105	92655395
ECD	0,612539457	chr10	73130155	73169055
CDC20	0,612143419	chr1	43358981	43363203
EMC7	0,610978772	chr15	34084017	34101862
TYMS	0,610286438	chr18	657653	673578
CTPS1	0,609007381	chr1	40979300	41012565
PAK1IP1	0,608702285	chr6	10694972	10709782
AQR	0,608667081	chr15	34851782	34969742
RPL37A	0,608127296	chr2	216498825	216579180
UTP20	0,608036353	chr12	101280105	101386618
NPIPA1	0,607728323	chr16	14922802	14952060
PES1	0,607000786	chr22	30576625	30607083
CSE1L	0,606724374	chr20	49046246	49096960
VPS28	0,606659183	chr8	144423601	144428563
YARS1	0,606155904	chr1	32775237	32818031
RPS18	0,603210552	chr6	33272075	33276511
FEN1	0,603093207	chr11	61792911	61797238
ZNF574	0,602213121	chr19	42068477	42081552
RPA1	0,602174007	chr17	1829702	1900082
TP53RK	0,600945798	chr20	46684365	46689444
MASTL	0,599443786	chr10	27154824	27187953
HMGCR	0,599409886	chr5	75336329	75364001
SNRPE	0,599015478	chr1	203861599	203871152
SPC24	0,598516763	chr19	11131520	11155807
DAD1	0,597894836	chr14	22564907	22589224
TKT	0,597601474	chr3	53224712	53256052
PPCDC	0,596768326	chr15	75023586	75117462
EFTUD2	0,596712588	chr17	44849948	44899445
NFS1	0,596476268	chr20	35668052	35699355
SOS1	0,595794365	chr2	38962206	39124345
POLA2	0,5957722	chr11	65261920	65305589
ATP6V0B	0,595720047	chr1	43974487	43978295
DHDDS	0,595665286	chr1	26432282	26471306
FPGS	0,59457398	chr9	127794597	127814327
RAD51C	0,594292353	chr17	58692573	58735611
COX15	0,59423368	chr10	99710868	99732127
RPS25	0,593869912	chr11	119015712	119018691
ERCC2	0,593868608	chr19	45349837	45370918
EIF3CL	0,592796207	chr16	28379579	28403841
UTP4	0,590197022	chr16	69131291	69231130
PMVK	0,589487738	chr1	154924740	154936719
SCD	0,588413382	chr10	100347233	100364826
PMF1	0,58822563	chr1	156212993	156240042
KRI1	0,587010461	chr19	10553085	10566031
RABGGTA	0,586559335	chr14	24265538	24271611
POP7	0,586195567	chr7	100706121	100707486
TRMT61A	0,58578486	chr14	103529196	103537073
EEF2	0,585758784	chr19	3976056	3985463
WDR3	0,585115995	chr1	117929720	117966543
ALDH18A1	0,585115995	chr10	95605941	95656711
RPS7	0,585106868	chr2	3575260	3580920
SLC7A6OS	0,584676604	chr16	68284503	68310946
DARS1	0,584076843	chr2	135905881	135986100
METTL16	0,582499208	chr17	2405562	2511891
MYB	0,581780471	chr6	135181308	135219173
POLR3H	0,581630857	chr22	41525799	41544606
DDX1	0,581138009	chr2	15591178	15634346
RPSA	0,580926789	chr3	39406716	39426255
RPS23	0,579201821	chr5	82273320	82278396
USP39	0,578626832	chr2	85602856	85649283
CLP1	0,578380408	chr11	57648188	57661865
LMO2	0,578110515	chr11	33858576	33892076
RPL10	0,57699574	chrX	154389955	154409168
SEC13	0,576587967	chr3	10293131	10321112
NEDD8	0,576543963	chr14	24216857	24232367
PRIM1	0,575845762	chr12	56731296	56752374
GPN3	0,575798824	chr12	110452486	110469268
RPS12	0,575693214	chr6	132814569	132817564
FAM50A	0,575354218	chrX	154444141	154450654
SNAPC5	0,57500088	chr15	66490135	66497780
RBM14	0,574062122	chr11	66616626	66629934
RBM14-RBM4	0,574062122	chr11	66616626	66646469
TIMM10	0,573867852	chr11	57528464	57530803
PSMC5	0,573135099	chr17	63827152	63832026
RPS17	0,573099896	chr15	82536750	82540459
RPS17	0,573099896	chr15	82536750	82540459
ZBTB8OS	0,572929094	chr1	32600172	32650903
NRDE2	0,572863902	chr14	90267860	90331969
NOP58	0,572830003	chr2	202265736	202303661
ADSL	0,572759596	chr22	40346461	40390463
POP5	0,57221981	chr12	120578764	120581402
SRSF1	0,572067262	chr17	58000919	58007346
COASY	0,571512808	chr17	42561467	42566277
CYB5B	0,571390574	chr16	69398402	69466264
ANAPC2	0,570934233	chr9	137174784	137188560
FAU	0,57088208	chr11	65120630	65122177
COX17	0,570706063	chr3	119654513	119677454
ALG2	0,569447867	chr9	99216425	99221942
PSMD14	0,569291407	chr2	161308425	161411717
NUBP1	0,568755207	chr16	10743786	10769351
DOLK	0,568626454	chr9	128945530	128947603
POLR2B	0,568605593	chr4	56977722	57031158
RSL24D1	0,567479083	chr15	55180806	55197049
TUT1	0,567153126	chr11	62575045	62591637
RPLP0	0,567127049	chr12	120196699	120201235
SMU1	0,566853245	chr9	33041765	33076674
TARS1	0,565096985	chr5	33440696	33468091
HNRNPK	0,565085251	chr9	83968083	83980631
CENATAC	0,565073516	chr11	118998138	119015793
CYCS	0,565050048	chr7	25118656	25125260
MRPS34	0,564813682	chr16	1771890	1773150
WDR75	0,564633474	chr2	189441446	189475552
EIF3C	0,562917307	chr16	28688558	28735727
LSM2	0,562574074	chr6	31797396	31806966
RBM8A	0,561916943	chr1	145921556	145927678
NVL	0,560954717	chr1	224227334	224330189
SLC20A1	0,559382297	chr2	112645939	112663825
IMPDH2	0,559229749	chr3	49024325	49029447
DTL	0,559112405	chr1	212035553	212107400
ATP6V1F	0,558117582	chr7	128862856	128865847
POLD2	0,557399172	chr7	44114631	44124358
MCM3	0,557058872	chr6	52264014	52284881
MRPL53	0,556918058	chr2	74471982	74472687
CIAO1	0,556865905	chr2	96266159	96274173
VCP	0,556631216	chr9	35053928	35072668
ZNF622	0,556378272	chr5	16451519	16465800
DDX54	0,555731573	chr12	113157173	113185479
MVK	0,555470807	chr12	109573255	109598125
TARS2	0,555327385	chr1	150487414	150507602
PET117	0,555005339	chr20	18137863	18143169
POLR2A	0,554805853	chr17	7484366	7514616
BRIX1	0,554153938	chr5	34915677	34925996
H3C15	0,553841019	chr1	149852608	149853125
H3C14	0,553841019	chr1	149840687	149841208
GPS1	0,553410755	chr17	82050691	82057470
PSMB3	0,552822727	chr17	38752741	38764225
SRRT	0,552393767	chr7	100875103	100888664
AAMP	0,552250346	chr2	218264129	218270178
NCAPH	0,551846158	chr2	96335766	96377091
CTU2	0,551719687	chr16	88706483	88715396
CCT5	0,550569709	chr5	10249929	10266389
AARS1	0,550522771	chr16	70251983	70289707
RPTOR	0,549584013	chr17	80544819	80966371
TAFAZZIN	0,548985555	chrX	154411524	154421726
TBCB	0,5487626	chr19	36114289	36125947
RPS27A	0,54852791	chr2	55231903	55235853
TANGO6	0,547726055	chr16	68843531	69085182
PPP4C	0,547647825	chr16	30075978	30085376
FARSB	0,546930718	chr2	222566899	222656092
NPIPB5	0,546896819	chr16	22479121	22536535
CENPM	0,546826412	chr22	41938737	41947152
RPL24	0,546063671	chr3	101681091	101686733
ELP6	0,546031075	chr3	47495640	47513712
MTG2	0,545840716	chr20	62183028	62203568
DARS2	0,545676434	chr1	173824653	173858808
SCO2	0,545261816	chr22	50523568	50526461
HARS2	0,545054507	chr5	140691430	140699305
SDHA	0,544937162	chr5	218303	257082
SMARCB1	0,544323058	chr22	23786931	23838009
RNGTT	0,543984062	chr6	88609897	88963618
LUC7L3	0,543684181	chr17	50719565	50756219
POLR2C	0,543592913	chr16	57462660	57472009
WEE1	0,543259132	chr11	9573670	9593457
TSEN34	0,542954036	chr19	54189938	54194536
HSD17B10	0,542496392	chrX	53431258	53434370
ELP3	0,542449454	chr8	28089673	28191156
RPS5	0,542437719	chr19	58386400	58394806
MTHFD1	0,541827527	chr14	64388031	64463457
IPO13	0,541545899	chr1	43946950	43968022
MRPS6	0,541545899	chr21	34073224	34143034
PSMB6	0,541506784	chr17	4796144	4798502
EIF1AD	0,541506784	chr11	65996545	66002176
PSMC3	0,54146767	chr11	47418769	47426473
NOC2L	0,54131121	chr1	944203	959309
FDPS	0,541298172	chr1	155308748	155320666
MRPL46	0,540893984	chr15	88459477	88467390
NUP85	0,540654079	chr17	75205659	75235758
MAU2	0,539562774	chr19	19320829	19358754
PGD	0,539140333	chr1	10398592	10420511
TRAIP	0,538638358	chr3	49828601	49856574
NUDT21	0,53853014	chr16	56429133	56452199
PHB2	0,537477949	chr12	6965327	6970780
TRAPPC1	0,537204145	chr17	7930345	7932123
DCTN5	0,537034647	chr16	23641466	23677472
SMC3	0,537028128	chr10	110567684	110606048
PELP1	0,536265387	chr17	4669774	4704337
MRPS27	0,535600433	chr5	72214953	72321717
FAM86B2	0,535561318	chr8	12424411	12436406
CPSF2	0,534681233	chr14	92121969	92172145
RPL12	0,534575623	chr9	127447674	127451406
POLR1A	0,534481747	chr2	86020216	86106155
ANAPC11	0,53420012	chr17	81890790	81900991
TUBGCP5	0,534000634	chr15	22983192	23039572
ORC3	0,533462152	chr6	87590067	87667453
EIF5	0,533287764	chr14	103333544	103345025
COA5	0,532956266	chr2	98599314	98608515
NAA25	0,532639435	chr12	112026689	112108796
NUP62	0,532054015	chr19	49906825	49929764
TBC1D3F	0,531325174	chr17	36428618	36439566
MRPL33	0,531271717	chr2	27771717	27988087
ZMAT2	0,531067016	chr5	140698680	140706686
PSMD2	0,530797123	chr3	184299198	184309050
TPI1	0,530676844	chr12	6867119	6870948
EIF2B3	0,530139992	chr1	44850522	44986722
ARMC7	0,530046116	chr17	75109952	75130272
ECT2	0,530007002	chr3	172750682	172821474
SRBD1	0,529987444	chr2	45388680	45612165
CDC123	0,52978535	chr10	12195965	12250589
DAP3	0,528846593	chr1	155687960	155739010
PSMA6	0,528626245	chr14	35278633	35317493
MED11	0,528602776	chr17	4731428	4733608
CPSF1	0,528416329	chr8	144393229	144409335
EIF5B	0,527969115	chr2	99337371	99401326
WDR61	0,527675753	chr15	78277835	78299703
CIAO2B	0,526713526	chr16	66932065	66934423
RTCB	0,52648666	chr22	32387582	32412248
SF3B4	0,526203077	chr1	149923317	149927803
DONSON	0,526115068	chr21	33559542	33588706
DHX8	0,525892113	chr17	43483865	43610338
FNTB	0,525769553	chr14	64986895	65062652
RPS20	0,5257513	chr8	56067254	56074510
PFDN6	0,525308323	chr6	33289302	33298401
RPRD1B	0,525129373	chr20	38033725	38127780
RFC1	0,525052447	chr4	39287456	39366375
MRPL9	0,524847745	chr1	151759647	151763496
COPE	0,52352175	chr19	18899514	18919387
FIP1L1	0,523322264	chr4	53377569	53464382
UTP23	0,523201008	chr8	116766505	116849463
LSM11	0,522770744	chr5	157743712	157760709
CDT1	0,521993335	chr16	88803789	88809258
GCLC	0,521374341	chr6	53497341	53616970
TBC1D3	0,521268731	chr17	38181659	38192555
TONSL	0,52108098	chr8	144428775	144444440
WDR55	0,521069245	chr5	140664868	140674124
ELL	0,520588132	chr19	18442663	18522116
UBA3	0,520224363	chr3	69054730	69080408
SPOUT1	0,519798011	chr9	128819651	128829794
PRC1	0,519602436	chr15	90966040	90995629
VPS29	0,519485091	chr12	110491083	110502111
ADSS2	0,519391216	chr1	244408494	244451909
MRPS24	0,519391216	chr7	43866558	43869893
RBM39	0,518989636	chr20	35701347	35742312
H3C13	0,518611525	chr1	149813225	149813693
RPS10	0,51795961	chr6	34417454	34426069
HUS1	0,51767463	chr7	47963288	47979615
PAFAH1B1	0,517607576	chr17	2593210	2685615
RANGAP1	0,517372886	chr22	41244779	41286187
NCAPD2	0,517125159	chr12	6493356	6531955
TRMT5	0,516916546	chr14	60971441	60981170
TBC1D3C	0,516645349	chr17	38057693	38068634
RARS1	0,516368937	chr5	168486451	168519301
PSMC6	0,516287448	chr14	52707178	52728590
YRDC	0,515765264	chr1	37802945	37808208
RPS14	0,515272416	chr5	150442635	150449739
NAT10	0,514726111	chr11	34105617	34147670
ELP5	0,514673958	chr17	7251416	7259940
H2AC18	0,514380596	chr1	149842218	149842750
H2AC19	0,514380596	chr1	149851061	149851594
BUD31	0,514310189	chr7	99408641	99419616
LARS2	0,514228048	chr3	45388561	45554726
NSL1	0,514087234	chr1	212726153	212791782
RABGGTB	0,51394642	chr1	75786197	75795086
RPS15	0,513265821	chr19	1438358	1440495
POLE	0,513148476	chr12	132623753	132687376
UBA52	0,51304417	chr19	18571730	18577550
TUBGCP2	0,512819911	chr10	133278635	133318823
ATP6V1D	0,512522638	chr14	67294371	67360265
COPS5	0,512244922	chr8	67043079	67083783
ARL2	0,511259226	chr11	65014160	65022184
GNB1L	0,510931965	chr22	19783223	19854939
UBL5	0,510355672	chr19	9827892	9830115
SUPT5H	0,510238327	chr19	39436156	39476670
YTHDC1	0,510132717	chr4	68310387	68350090
WDR46	0,509980169	chr6	33279108	33289247
POLR2G	0,509562943	chr11	62761565	62766710
THOC7	0,508935801	chr3	63833870	63863868
POLR3C	0,508853659	chr1	145824053	145844402
MRPS11	0,507920117	chr15	88467453	88480776
COX10	0,507504195	chr17	14069490	14231736
PGK1	0,506720593	chrX	77910739	78129295
ATR	0,505826166	chr3	142449007	142578733
CDC23	0,505075159	chr5	138187650	138213343
UTP6	0,504582311	chr17	31860904	31901708
NCOR2	0,504498494	chr12	124324415	124567612
TEDC1	0,504429763	chr14	105489855	105499575
GTF2H4	0,504125971	chr6	30908207	30914106
MAK16	0,504124667	chr8	33485182	33501262
RRS1	0,503972119	chr8	66429014	66430733
SMC1A	0,503930396	chrX	53374149	53422728
PCF11	0,503866509	chr11	83156988	83187451
URB2	0,50384304	chr1	229626247	229660200
DDX27	0,503643554	chr20	49219347	49244077
GEMIN5	0,501754304	chr5	154887411	154938211
CHMP2A	0,501331863	chr19	58551452	58555105
U2AF1	0,501322736	chr21	43092956	43107570
PSMD4	0,501015032	chr1	151254709	151267479
NAA50	0,500644744	chr3	113716458	113746300
TSEN54	0,500540438	chr17	75515944	75524735
ASH2L	0,50006454	chr8	38105493	38144076
NUDC	0,499875484	chr1	26900238	26946871
CREBBP	0,499784216	chr16	3725054	3880713
RFK	0,499630364	chr9	76385526	76394517
MYBBP1A	0,499595161	chr17	4538897	4555386
NHP2	0,499419144	chr5	178149463	178153894
NAMPT	0,499137516	chr7	106248298	106285966
AHCY	0,499090578	chr20	34280268	34311802
SEC61A1	0,499067109	chr3	128051641	128071705
MRPS18B	0,498545577	chr6	30617840	30626395
DNAJA3	0,498076198	chr16	4425805	4456775
MCM5	0,498011007	chr22	35400134	35425431
TTC27	0,4979406	chr2	32628032	32821051
PSMD6	0,497906701	chr3	64010550	64024010
DCPS	0,497267824	chr11	126304060	126350005
RPL10A	0,497130922	chr6	35468401	35470785
PMPCA	0,495714403	chr9	136410630	136427992
RPL26	0,495699316	chr17	8377516	8383213
GUK1	0,495546768	chr1	228139962	228148984
SF3A2	0,495520691	chr19	2236824	2248655
ZPR1	0,495511564	chr11	116773799	116788039
TSR2	0,495272963	chrX	54440404	54448032
DDB1	0,494229899	chr11	61299451	61342596
PGS1	0,4941621	chr17	78378649	78425114
COPS3	0,492836105	chr17	17246616	17281273
ELAC2	0,492319788	chr17	12991612	13018065
SHMT2	0,491979488	chr12	57229573	57234935
TERF2	0,491967754	chr16	69355567	69408571
RPL34	0,491850409	chr4	108620569	108630412
CCDC115	0,491756533	chr2	130337933	130342699
KRR1	0,490735634	chr12	75490863	75511636
CDK9	0,489984628	chr9	127785679	127790792
MTPAP	0,489949424	chr10	30309801	30374448
DHX15	0,489510034	chr4	24517441	24584554
CBWD1	0,488271395	chr9	120837	179147
PWP2	0,48823228	chr21	44107373	44131181
ETF1	0,488013236	chr5	138506095	138543236
EIF5A	0,487966299	chr17	7306999	7312463
MRPL21	0,487637733	chr11	68891276	68903835
RAD51	0,487580365	chr15	40694774	40732340
TRAPPC4	0,487071871	chr11	119018763	119025454
ATP5F1A	0,485760218	chr18	46080248	46104334
NUP160	0,485624619	chr11	47778087	47848555
GRPEL1	0,485396449	chr4	7058895	7068064
GFPT1	0,485246509	chr2	69319780	69387250
RPL30	0,485044415	chr8	98024851	98046469
PSMC2	0,48482146	chr7	103328570	103370346
TIMM23	0,48437555	chr10	45972489	46003742
HYOU1	0,48416433	chr11	119044188	119057227
MRPL43	0,4840861	chr10	100969458	100987515
DKC1	0,483942678	chrX	154762742	154777689
EIF2B5	0,483877487	chr3	184135038	184146127
SAP30BP	0,482938729	chr17	75667251	75708062
EIF2S2	0,482533238	chr20	34088309	34112243
CDC27	0,482286814	chr17	47117703	47189422
NUS1	0,482156431	chr6	117675469	117710727
CDC73	0,48193478	chr1	193121983	193254815
EXOSC7	0,481101632	chr3	44975241	45036066
PSMB2	0,480670064	chr1	35599541	35641526
GAPDH	0,480514909	chr12	6534512	6538374
ERCC3	0,480057264	chr2	127257290	127294166
CBWD2	0,479130241	chr2	113437691	113496204
NOL9	0,4790142	chr1	6521347	6554513
RPS16	0,478870779	chr19	39433137	39435949
NOL6	0,478310132	chr9	33461353	33473930
UTP25	0,478218864	chr1	209827972	209857565
BYSL	0,478191483	chr6	41921499	41933046
MRPL16	0,477651697	chr11	59806140	59810778
ISG20L2	0,47739745	chr1	156721891	156728766
TIMELESS	0,477373004	chr12	56416363	56449426
NUP133	0,476759877	chr1	229440259	229508341
PNKP	0,476454781	chr19	49859882	49878351
MCM6	0,476220092	chr2	135839626	135876443
SCAP	0,476126216	chr3	47413681	47477126
RNPC3	0,475692041	chr1	103525691	103555239
CEBPZ	0,475329948	chr2	37201612	37231596
TBL3	0,475102709	chr16	1972053	1982929
NUDCD3	0,474996773	chr7	44379119	44490658
GFER	0,47425522	chr16	1984193	1987749
RPN1	0,473967073	chr3	128619969	128681075
LTO1	0,473650242	chr11	69653076	69675416
MRPL38	0,473004846	chr17	75898644	75905093
TBC1D3H	0,472887502	chr17	36377531	36388435
FDXR	0,472641078	chr17	74862497	74873031
FASTKD5	0,47248853	chr20	3146519	3159865
WDR36	0,472429857	chr5	111092321	111130502
SRSF7	0,471819665	chr2	38743599	38751494
TAF6	0,471699712	chr7	100106876	100119841
CSTF1	0,471538037	chr20	56392371	56406362
CFL1	0,471444162	chr11	65823022	65862026
UPF2	0,4711508	chr10	11920022	12043170
KAT5	0,470787031	chr11	65711996	65719604
NUP214	0,470716624	chr9	131125573	131234663
GTF3C1	0,470305918	chr16	27459555	27549913
THAP11	0,470122078	chr16	67842320	67844195
DDX39B	0,470082963	chr6	31530219	31542448
AFG3L2	0,469496239	chr18	12328944	12377227
MDC1	0,468979922	chr6	30699807	30717447
SNU13	0,468862578	chr22	41673933	41690504
MPHOSPH10	0,468768702	chr2	71130310	71150101
EIF4A1	0,468745233	chr17	7572824	7579006
SPRTN	0,468721764	chr1	231337104	231355023
RPS2	0,468463606	chr16	1962058	1964841
PPP1CB	0,468166332	chr2	28751640	28802940
NAPA	0,4673723	chr19	47487637	47515091
GRB2	0,467370996	chr17	75318076	75405709
TICRR	0,467002664	chr15	89575469	89631056
EIF2B1	0,466855983	chr12	123620406	123633766
ATP6V1B2	0,466703435	chr8	20197381	20226819
DUT	0,466433542	chr15	48331011	48343373
SUPV3L1	0,465125148	chr10	69180234	69209099
ANAPC4	0,465025405	chr4	25377263	25418498
GSPT1	0,464732043	chr16	11868128	11916082
MRPS25	0,464619914	chr3	15009611	15065339
XRCC3	0,464020152	chr14	103697609	103715504
RAE1	0,463887161	chr20	57351223	57379211
MRPL20	0,4635938	chr1	1401909	1407293
BANF1	0,463511658	chr11	66002228	66004149
PPCS	0,463300438	chr1	42456117	42473385
POLR1F	0,462432087	chr7	19695461	19709037
PCBP1	0,462103522	chr2	70087477	70089203
RFC4	0,461934024	chr3	186789880	186807058
RPL4	0,461833629	chr15	66498015	66524532
MRPL4	0,461751487	chr19	10251901	10260055
MRPS35	0,46125864	chr12	27710822	27756295
COX4I1	0,461099572	chr16	85798633	85807068
CDC5L	0,461082622	chr6	44387706	44450425
AURKB	0,460941809	chr17	8204733	8210600
RPL17	0,460760576	chr18	49488453	49492508
PAICS	0,460754057	chr4	56435741	56464578
GART	0,460742323	chr21	33503931	33543491
ALYREF	0,460038254	chr17	81887835	81891586
INTS11	0,459443708	chr1	1311585	1324687
TFPT	0,459433929	chr19	54107020	54115657
ACTR8	0,459156865	chr3	53867066	53882152
TMX2	0,459076028	chr11	57712593	57740973
DDX51	0,458436499	chr12	132136594	132144319
SAP18	0,458102066	chr13	21140119	21149097
POLR3E	0,457937784	chr16	22297375	22335101
DDX46	0,457879111	chr5	134758771	134855133
ATL2	0,457677949	chr2	38293954	38377285
UBE2I	0,456764337	chr16	1308880	1327018
COPS6	0,456635257	chr7	100088969	100092187
POLR3K	0,455579155	chr16	46407	53608
IMP4	0,45556742	chr2	130342877	130347967
RPUSD4	0,455480064	chr11	126202096	126211692
HMGCS1	0,454228387	chr5	43287470	43313512
EIF2B4	0,454111042	chr2	27364352	27370338
TEFM	0,453983267	chr17	30897336	30906238
KIN	0,453619498	chr10	7750962	7787993
SMG1	0,45289848	chr16	18804860	18926408
COX7C	0,452504723	chr5	86617928	86620962
PWP1	0,452352175	chr12	107685799	107713162
NOP2	0,452181373	chr12	6556863	6568691
OSBP	0,451855416	chr11	59574398	59615774
WDR18	0,45178892	chr19	984332	998438
MCMBP	0,451490343	chr10	119829404	119892556
TAMM41	0,451307807	chr3	11790442	11846919
GOLGA6A	0,451203501	chr15	74069857	74082550
EIF3I	0,450932304	chr1	32221077	32245397
EIF3B	0,45082376	chr7	2354086	2380745
PRPF4	0,450677079	chr9	113275642	113294009
NUP155	0,450408164	chr5	37288137	37371106
CCNA2	0,45034558	chr4	121816444	121823883
TWNK	0,450005281	chr10	100987367	100994403
TCP1	0,449371619	chr6	159778498	159789703
CDK1	0,448960912	chr10	60778331	60794852
TSR1	0,448647993	chr17	2322396	2336657
MRPS5	0,448033889	chr2	95085369	95122006
ATP6V0D1	0,44790481	chr16	67438014	67481181
TELO2	0,447852657	chr16	1493344	1510457
TBC1D3B	0,447634917	chr17	36165683	36176636
QRSL1	0,447599714	chr6	106629578	106668417
HINFP	0,447513661	chr11	119121580	119136059
PSMA1	0,447376759	chr11	14504874	14643635
DNAAF10	0,447303418	chr2	68122936	68157549
GMPS	0,446526009	chr3	155870650	155944020
SUPT6H	0,446209831	chr17	28662198	28702679
SOD2	0,446209831	chr6	159669069	159762529
RBM25	0,445570954	chr14	73058532	73123899
PSMC4	0,444994661	chr19	39971165	39981764
MAT2A	0,444478344	chr2	85539168	85545281
BCS1L	0,444079372	chr2	218658764	218663443
ORC1	0,444032434	chr1	52372829	52404423
EIF3A	0,444008965	chr10	119033670	119080823
UQCRC2	0,443224059	chr16	21953288	21983660
NOM1	0,442565625	chr7	156949712	156973176
CHAF1A	0,442536289	chr19	4402640	4445018
EPRS1	0,442295732	chr1	219968600	220046530
MCM4	0,442201856	chr8	47960185	47978160
SFPQ	0,441646425	chr1	35176378	35193446
CYC1	0,44111055	chr8	144095039	144097525
PCID2	0,440864127	chr13	113177536	113208715
PGAM1	0,440371279	chr10	97426191	97433444
NOP16	0,439958896	chr5	176383946	176388927
SF3B2	0,439899292	chr11	66050729	66069308
BIRC5	0,43966721	chr17	78214186	78225636
UPF1	0,439638526	chr19	18831959	18868230
XAB2	0,43911569	chr19	7619525	7629545
FARS2	0,43901008	chr6	5261044	5829192
RPAP1	0,438798859	chr15	41517176	41544269
RGPD5	0,437769159	chr2	109792758	109857705
RGPD6	0,437769159	chr2	110513802	110610840
EXOSC8	0,437721896	chr13	36998816	37025881
HSCB	0,437643666	chr22	28742039	28757515
ISCU	0,437156033	chr12	108562582	108569368
PISD	0,437035755	chr22	31618491	31662221
SNAPC4	0,436757061	chr9	136375567	136400176
RTF2	0,436654385	chr20	56468585	56519449
GINS3	0,436592779	chr16	58295080	58406147
NDUFAB1	0,436522372	chr16	23581014	23596316
COX11	0,436444142	chr17	54951902	54968703
RBM17	0,436431104	chr10	6089034	6117457
MYBL2	0,436135134	chr20	43667019	43716495
LAS1L	0,435609691	chrX	65438549	65534810
TUFM	0,435524942	chr16	28842411	28846348
MRPL34	0,435149439	chr19	17292609	17306843
NPLOC4	0,435020359	chr17	81556887	81648465
SF3A3	0,434773935	chr1	37956975	37990075
PSMD3	0,434633122	chr17	39980807	39997959
ZWINT	0,43438409	chr10	56357227	56361273
MRPL39	0,43410507	chr21	25585656	25607517
LTV1	0,433984792	chr6	143843338	143863812
CCT8	0,4335366	chr21	29055805	29073797
MRPL15	0,433295392	chr8	54135241	54148514
PREB	0,432075007	chr2	27130756	27134666
DNLZ	0,432063272	chr9	136359480	136363744
SF3B5	0,432011119	chr6	144094884	144095573
NBPF10	0,431934193	chr1	146064711	146229000
MOCS3	0,431893774	chr20	50958818	50963929
SON	0,431711238	chr21	33543038	33577481
TFIP11	0,431629097	chr22	26491225	26512505
NEPRO	0,431629097	chr3	113002444	113019861
TTC1	0,431176668	chr5	160009113	160065543
CPSF3	0,431089311	chr2	9423651	9473101
ANKLE2	0,430875157	chr12	132725503	132761832
SDHB	0,430616021	chr1	17018722	17054032
CARS1	0,430347106	chr11	3000922	3057613
ATRIP	0,430197491	chr3	48446710	48467645
COX6B1	0,429892395	chr19	35648323	35658782
WDR33	0,429505157	chr2	127701027	127811187
CCT7	0,429064463	chr2	73233420	73253021
SNRPD2	0,42877762	chr19	45687460	45692569
TRRAP	0,428686352	chr7	98877933	99050831
HAUS1	0,427897535	chr18	46104378	46128333
TBC1D3G	0,427557235	chr17	36323884	36334759
NUBP2	0,427369483	chr16	1782932	1789186
GAB2	0,427357749	chr11	78215293	78418348
RCL1	0,425832267	chr9	4792944	4885917
MED1	0,425832267	chr17	39404285	39451272
CDCA8	0,425521304	chr1	37692481	37709719
EXOSC5	0,425257278	chr19	41386371	41397362
RRAGA	0,425046058	chr9	19049427	19051025
EXOSC10	0,424670555	chr1	11066618	11099869
RACGAP1	0,424388927	chr12	49976923	50033136
WDR12	0,424330255	chr2	202874261	203014798
RAD21	0,423837407	chr8	116845934	116874776
DIMT1	0,423444954	chr5	62347284	62403943
PABPN1	0,423288495	chr14	23321457	23326163
SNRPD1	0,422499677	chr18	21612314	21633524
CENPW	0,422388852	chr6	126340115	126348875
EIF5AL1	0,42232366	chr10	79512533	79516440
XRCC5	0,422264988	chr2	216107464	216206303
DNMT1	0,422036818	chr19	10133342	10231286
SGF29	0,421958588	chr16	28553915	28591790
PFN1	0,421912954	chr17	4945652	4949061
ELP1	0,421596123	chr9	108866898	108934328
ZFC3H1	0,421590256	chr12	71609599	71667725
NOC4L	0,421267558	chr12	132144457	132152473
TRNAU1AP	0,42111501	chr1	28553085	28578545
ACTL6A	0,42086337	chr3	179562886	179588407
METTL14	0,420070642	chr4	118685392	118715433
RINT1	0,41977728	chr7	105532169	105567677
DIS3	0,419663846	chr13	72752169	72782096
POLA1	0,419483918	chrX	24693873	24996986
SOD1	0,419285736	chr21	31659666	31668931
YLPM1	0,419143618	chr14	74763316	74859435
PTPN23	0,418697708	chr3	47381011	47413435
SMG5	0,418685974	chr1	156249224	156282825
POLR3A	0,418380878	chr10	77953148	78029522
ATP6AP1	0,418229633	chrX	154428633	154436516
VPS16	0,41802102	chr20	2840703	2866732
AURKA	0,417700278	chr20	56369389	56392337
NKAP	0,417359978	chrX	119920672	119943751
KMT5A	0,416651999	chr12	123384132	123409353
HSD17B12	0,41663896	chr11	43680680	43856617
ABCB7	0,416534654	chrX	75051048	75156732
PMPCB	0,41599878	chr7	103297435	103329511
H2BC18	0,415165632	chr1	149782689	149812373
SEC16A	0,41479893	chr9	136440096	136483759
HAUS8	0,413835725	chr19	17049729	17075625
PUF60	0,413757495	chr8	143816344	143830709
GNL3	0,413722292	chr3	52681156	52694497
PKMYT1	0,413698823	chr16	2968024	2980479
MED30	0,413379385	chr8	117520713	117540262
GTF2H3	0,413370258	chr12	123633739	123662604
LIPT1	0,413066465	chr2	99154955	99163157
SART1	0,412988236	chr11	65961728	65980137
WARS1	0,412959551	chr14	100333790	100376805
MRPS14	0,412748331	chr1	175010789	175023425
CSNK2B	0,412701393	chr6	31665227	31670343
PGM3	0,412623163	chr6	83147324	83193936
SETD1A	0,41253711	chr16	30957754	30984664
MRPL12	0,412140746	chr17	81703367	81707517
NUP88	0,411932133	chr17	5359668	5420164
IPO11	0,411915183	chr5	62403972	62628582
RNF113A	0,411710482	chrX	119870475	119871733
SRSF3	0,411449716	chr6	36594353	36605600
THOC3	0,411175911	chr5	175917873	176034680
EIF2S3	0,41111072	chrX	24054946	24078810
CLTC	0,411105505	chr17	59619684	59696956
UBA1	0,410902107	chrX	47190861	47215128
NEFM	0,410662528	chr8	24913758	24919098
PRELID1	0,409963349	chr5	177303799	177306949
RBBP6	0,409603492	chr16	24537693	24572863
HMGB1	0,409441817	chr13	30456704	30617597
NRF1	0,409272319	chr7	129611720	129757082
KDM8	0,40920452	chr16	27203508	27221768
YJU2	0,409122379	chr19	4247080	4269088
ERH	0,408782079	chr14	69380128	69398299
PPAN	0,408653	chr19	10106362	10112012
PPAN-P2RY11	0,408653	chr19	10106223	10114780
SDAD1	0,40842483	chr4	75940950	75990962
TIMM44	0,408294447	chr19	7926718	7943667
DNAJC17	0,407785953	chr15	40765161	40807478
DDX52	0,40765557	chr17	37609739	37643446
CIAO3	0,407564302	chr16	729760	741329
DPY30	0,40688631	chr2	31867809	32039805
CCDC27	0,406834157	chr1	3746460	3771645
PPA1	0,406677697	chr10	70202835	70233911
PAM16	0,406388247	chr16	4331549	4355607
LIG1	0,406364778	chr19	48115445	48170603
NFYA	0,406177026	chr6	41072974	41102403
TUBG1	0,405947552	chr17	42609641	42615238
GTF2H2C	0,405907133	chr5	69560191	69595221
ACIN1	0,405748718	chr14	23058564	23095614
GFM1	0,405243484	chr3	158644527	158695581
MEX3C	0,404943603	chr18	51174550	51218333
CAPZB	0,404761067	chr1	19338775	19485539
GRWD1	0,404575271	chr19	48445841	48457022
ARIH1	0,404296577	chr15	72474330	72602987
CHORDC1	0,403724522	chr11	90200429	90223077
TOP1	0,403639773	chr20	41028822	41124487
RPAIN	0,403302081	chr17	5419641	5432877
ROMO1	0,403092164	chr20	35699272	35700984
PSMD11	0,403020453	chr17	32444379	32483319
DDX41	0,402867905	chr5	177511577	177516961
NIPBL	0,402818359	chr5	36876769	37066413
TPX2	0,40253934	chr20	31739271	31801805
FBXW11	0,402445464	chr5	171861549	172006873
RNMT	0,402362019	chr18	13726660	13764556
EIF4G1	0,40230465	chr3	184314495	184335358
RBM19	0,402046492	chr12	113816738	113966325
DOHH	0,401577113	chr19	3490821	3500674
CENPA	0,401475414	chr2	26764289	26801067
MMS19	0,401318955	chr10	97458324	97498794
NUP93	0,401292878	chr16	56730118	56850286
FAM98B	0,401245614	chr15	38454127	38487710
THOC2	0,400767434	chrX	123600561	123733056
MEPCE	0,400239383	chr7	100428322	100434126
OGT	0,400002086	chrX	71533087	71575892
SHQ1	0,39951478	chr3	72749277	72861914
PSMA2	0,398244523	chr7	42916828	42932185
TRIAP1	0,39752872	chr12	120443964	120446384
ARCN1	0,397387906	chr11	118572390	118603033
TRAPPC8	0,3969772	chr18	31829197	31953136
SNIP1	0,396836386	chr1	37534449	37554293
RBX1	0,396481744	chr22	40951347	40973309
KIF20A	0,396460883	chr5	138178719	138187723
TRAPPC11	0,396437414	chr4	183659267	183713594
CLSPN	0,396355273	chr1	35720218	35769978
SNRNP35	0,395764638	chr12	123458088	123473154
ABCE1	0,39574508	chr4	145098288	145129524
ABT1	0,395583731	chr6	26596953	26600739
HJURP	0,394442554	chr2	233833416	233854566
LDB1	0,394173965	chr10	102106489	102120368
VPS13D	0,393900161	chr1	12230030	12512047
MRPL23	0,393248245	chr11	1947278	1984522
H2AC14	0,393245638	chr6	27814302	27814777
YME1L1	0,393104824	chr10	27110111	27155266
NOTCH2NLA	0,393026594	chr1	146146203	146229041
DHX30	0,392365552	chr3	47802909	47850195
INTS5	0,392244296	chr11	62646848	62653302
KAT8	0,391684953	chr16	31114489	31131393
ACTG2	0,391657572	chr2	73892314	73919865
E4F1	0,391379857	chr16	2223580	2235742
BRF2	0,391168636	chr8	37843268	37849861
RPP14	0,391044772	chr3	58306245	58324695
DDX18	0,390265082	chr2	117814691	117832377
UBE2L3	0,389877844	chr22	21549447	21624034
MTOR	0,389830906	chr1	11106535	11262556
TTI2	0,389455403	chr8	33473386	33513185
PRORP	0,388798273	chr14	35121846	35277622
ATP5F1B	0,388484376	chr12	56638175	56645984
PHB1	0,388345844	chr17	49404049	49414905
NLE1	0,387354933	chr17	35128730	35142304
RBM22	0,386709537	chr5	150690792	150701077
YAE1	0,38585292	chr7	39566385	39610320
GTF3C4	0,385697438	chr9	132670035	132694953
LSM7	0,385418745	chr19	2321520	2328611
GCSH	0,385255766	chr16	81081945	81096395
TAF1C	0,385242728	chr16	84177847	84187070
ZMAT5	0,384408276	chr22	29730956	29767011
UBE2N	0,384171957	chr12	93405673	93441947
TACC3	0,384116218	chr4	1712858	1745171
MRPL28	0,383822856	chr16	366969	371289
WNK1	0,383599901	chr12	752579	911452
MED21	0,38284368	chr12	27022546	27066343
CCNH	0,382402985	chr5	87318416	87412930
NOL11	0,38196881	chr17	67717931	67744531
MED24	0,380912707	chr17	40019097	40061215
KANSL3	0,380619345	chr2	96593170	96642787
RPP30	0,380327287	chr10	90871952	90908553
RPL35	0,380209943	chr9	124857880	124861981
KIFC2	0,380196904	chr8	144466043	144474202
AARS2	0,37976664	chr6	44298731	44313347
ATP5MF-PTCD1	0,37929335	chr7	99419749	99466197
PTCD1	0,37929335	chr7	99416739	99466163
SRRM1	0,379234678	chr1	24631716	24673281
CDK7	0,379211209	chr5	69234795	69277430
GTF3C3	0,378389796	chr2	196763035	196799725
TNPO3	0,378358504	chr7	128954180	129055173
COPB1	0,378331123	chr11	14443440	14500027
ALG14	0,378319389	chr1	94974405	95072951
TPT1	0,378119903	chr13	45333471	45341284
GTF3C2	0,378049496	chr2	27325849	27356999
SNAPC1	0,377810895	chr14	61762420	61796428
RFT1	0,377779603	chr3	53088483	53130453
VARS2	0,377762001	chr6	30914205	30926459
LRPPRC	0,377248618	chr2	43886224	43996226
USP37	0,377013929	chr2	218450251	218568351
RPL19	0,376911252	chr17	39200283	39204840
DDX24	0,37662441	chr14	94048287	94081202
NOP10	0,376582687	chr15	34339159	34343180
TRPM7	0,376535749	chr15	50552473	50686797
POLR1G	0,376485878	chr19	45406644	45410737
STN1	0,376480988	chr10	103856806	103918332
HCFC1	0,376454912	chrX	153947557	153971818
SRRM2	0,376192516	chr16	2752626	2772538
PSMG4	0,376115916	chr6	3231403	3303373
NIP7	0,376078105	chr16	69337996	69343106
SUPT16H	0,375920341	chr14	21351476	21384019
XRCC6	0,375633499	chr22	41621163	41664048
METTL3	0,375229311	chr14	21498133	21511342
GET1	0,374505685	chr21	39377698	39428528
WAPL	0,374407898	chr10	86435256	86521792
SAE1	0,3736256	chr19	47113274	47210636
CDC7	0,3736256	chr1	91500851	91525764
SDHD	0,373612562	chr11	112086824	112120016
TOMM22	0,373424438	chr22	38681957	38685421
PPP4R2	0,373402645	chr3	72996803	73069198
SDE2	0,372986723	chr1	225982702	225999343
TRMT6	0,37283939	chr20	5937228	5950558
KMT2A	0,371722008	chr11	118436456	118526832
CLNS1A	0,371643778	chr11	77514936	77637794
RARS2	0,371466457	chr6	87513459	87590028
SACM1L	0,370668513	chr3	45689056	45745409
HAUS2	0,370470331	chr15	42548828	42569994
GADD45GIP1	0,36995271	chr19	12953119	12957223
NOC3L	0,369609803	chr10	94333226	94362959
CHKA	0,369430526	chr11	68052859	68121444
AURKAIP1	0,368853581	chr1	1373730	1375207
CCDC86	0,368736236	chr11	60842113	60851081
MED19	0,368550441	chr11	57703710	57712221
TOP2A	0,368216008	chr17	40388525	40417896
CHERP	0,367567679	chr19	16517894	16542437
GLE1	0,36740633	chr9	128504655	128543874
DLST	0,367371126	chr14	74881891	74903743
FTSJ3	0,367019092	chr17	63819433	63830012
SMC2	0,36672573	chr9	104094260	104141419
IPO7	0,36648224	chr11	9384652	9448127
RPLP2	0,365869114	chr11	809965	812880
MRPS21	0,365458407	chr1	150293861	150308979
RBMX	0,36528239	chrX	136848004	136880764
EBNA1BP2	0,365241971	chr1	43164175	43270936
TOMM40	0,36517678	chr19	44890569	44903689
VMP1	0,365082904	chr17	59707192	59842255
NARS2	0,365024232	chr11	78435620	78575194
SRCAP	0,364648729	chr16	30698209	30741409
NGDN	0,364414039	chr14	23469679	23509862
COPZ1	0,364120677	chr12	54301202	54351846
PSMA3	0,363612184	chr14	58244843	58272012
NCAPG	0,362829885	chr4	17810979	17844865
POP4	0,362782947	chr19	29606283	29617237
RPL31	0,362712541	chr2	101002229	101024032
GNL3L	0,362067145	chrX	54530183	54621521
PARS2	0,361969357	chr1	54756898	54764523
ZBTB17	0,361729779	chr1	15941869	15976132
AGAP9	0,36171511	chr10	47501854	47523638
NXF1	0,361213136	chr11	62792123	62806302
PSMD7	0,361210528	chr16	74296814	74306288
TBCA	0,361187059	chr5	77691166	77868780
POLR2D	0,360926293	chr2	127843553	127858155
NCL	0,360729415	chr2	231453531	231483641
NOP56	0,359870191	chr20	2652593	2658393
PRKRIP1	0,359133527	chr7	102363872	102426676
GEMIN4	0,358687617	chr17	744421	753999
TAF5	0,358618514	chr10	103367966	103389065
CEP131	0,35803179	chr17	81189593	81222999
PAF1	0,357737124	chr19	39385629	39391154
AGAP7P	0,357471143	chr10	46109621	46131358
ABCF1	0,357381737	chr6	30571393	30597179
RPS29	0,357353798	chr14	49570984	49599164
MRPL51	0,357009587	chr12	6491886	6493841
GINS4	0,356634084	chr8	41529218	41545030
NUTF2	0,356141236	chr16	67846882	67872567
ZNF335	0,356082564	chr20	45948660	45972203
GGPS1	0,355636654	chr1	235327350	235344532
WDR25	0,355531044	chr14	100376418	100530303
NOL10	0,35442018	chr2	10562347	10689987
SNF8	0,354120299	chr17	48929316	48944842
OIP5	0,353663959	chr15	41309273	41332591
MAGED4	0,353407104	chrX	52184876	52192268
MAGED4B	0,353407104	chrX	52061827	52069219
DDX20	0,352761708	chr1	111754832	111775602
OSGEP	0,352679567	chr14	20446401	20455089
MRPL17	0,352294937	chr11	6680385	6683340
PRPF40B	0,352281899	chr12	49568218	49644666
SMC4	0,352034171	chr3	160399274	160434954
H2AC13	0,351881623	chr6	27808173	27808667
RPL7L1	0,35165606	chr6	42879616	42889925
COG4	0,35150612	chr16	70480568	70523560
MRPL18	0,351365306	chr6	159789812	159798436
NUP98	0,351162467	chr11	3671083	3797792
WTAP	0,351083679	chr6	159725585	159756319
GGA3	0,35080857	chr17	75236599	75262363
TRNT1	0,350778582	chr3	3126933	3153435
MRPL45	0,350344407	chr17	38297023	38323217
STRIP1	0,350297469	chr1	110031577	110074641
RBM28	0,349833957	chr7	128297685	128343908
VPS18	0,349311773	chr15	40894450	40903975
FBL	0,349100553	chr19	39834458	39846379
MAGOH	0,348722442	chr1	53226900	53238518
COX5B	0,348409523	chr2	97646062	97648383
CNOT1	0,347953182	chr16	58519951	58629885
HGS	0,347874952	chr17	81683326	81703138
C16orf72	0,347798026	chr16	9091644	9121635
ISCA1	0,34758811	chr9	86264546	86283102
RRP9	0,347528133	chr3	51933429	51941904
AHCTF1	0,347504664	chr1	246839098	246931948
WDR5	0,347118731	chr9	134135365	134159968
POLRMT	0,347066577	chr19	617221	633537
ZC3H3	0,34689708	chr8	143437659	143541447
RILPL1	0,346504301	chr12	123470054	123533719
KIAA1614	0,346351333	chr1	180912897	180951614
RPLP1	0,346190404	chr15	69452814	69456205
WDR26	0,34612782	chr1	224385146	224437033
MRPS2	0,345239911	chr9	135499984	135504673
DHX38	0,344453702	chr16	72093613	72112912
PMF1-BGLAP	0,344101667	chr1	156212982	156243332
WDR70	0,343831775	chr5	37379285	37753435
CSTF3	0,343761368	chr11	33077188	33162371
MAX	0,343632289	chr14	65006174	65102695
PPP1R15A	0,343324585	chr19	48872212	48876059
NOL12	0,34316291	chr22	37681673	37693476
BAG6	0,343092503	chr6	31639028	31652705
KIF23	0,342893017	chr15	69414246	69448427
CTC1	0,342855206	chr17	8224815	8248058
GATB	0,342803053	chr4	151670504	151761007
ILF3	0,342596302	chr19	10654304	10692400
MYH9	0,34243798	chr22	36281280	36388010
NAA15	0,342221218	chr4	139301446	139420033
RPL27	0,342020754	chr17	42998273	43002959
NUP205	0,341965993	chr7	135557917	135648757
PSMB5	0,341919056	chr14	23016543	23035230
SLC25A3	0,341892234	chr12	98593591	98606379
NMD3	0,341368839	chr3	161104696	161253532
GINS1	0,341308863	chr20	25391008	25452700
DCTN2	0,341109377	chr12	57529633	57547224
LIN52	0,339783382	chr14	74084956	74201493
EXOSC2	0,338199228	chr9	130693721	130707288
POP1	0,337791455	chr8	98117293	98159835
MRPL3	0,337753318	chr3	131462212	131502983
CDC6	0,337589035	chr17	40287879	40304657
NUF2	0,337377815	chr1	163266576	163355764
PPP1R18	0,337307408	chr6	30676389	30687895
IREB2	0,336767622	chr15	78437431	78501453
PNISR	0,336755888	chr6	99397629	99425331
DDX55	0,336648974	chr12	123602077	123620943
MYT1L	0,336231748	chr2	1789113	2331664
LARS1	0,335931867	chr5	146110566	146182696
HAUS4	0,335723254	chr14	22946228	22957161
PDRG1	0,334927918	chr20	31944337	31952046
DPY19L2	0,334711156	chr12	63558913	63668939
CHTF18	0,334132581	chr16	788046	800737
TINF2	0,334080428	chr14	24238286	24242663
RRN3	0,333937007	chr16	15060033	15094311
TOMM20	0,333751863	chr1	235109341	235128837
TRIM73	0,333598011	chr7	75395063	75410996
MRPL44	0,333153405	chr2	223957463	223967714
CDCA5	0,333011287	chr11	65066300	65084164
PPP1R10	0,332946096	chr6	30600413	30618612
PHLDB3	0,332921649	chr19	43474954	43504935
CEP57	0,332848308	chr11	95789965	95832693
TBCD	0,332637088	chr17	82752042	82945914
HNRNPH1	0,332370548	chr5	179614178	179634784
DGCR8	0,332073833	chr22	20080221	20111877
H2BC21	0,331498844	chr1	149884459	149886682
MED20	0,331485806	chr6	41905354	41921139
CHEK1	0,331475375	chr11	125625163	125676255
SART3	0,331334562	chr12	108522214	108561400
TUBA1B	0,331159848	chr12	49127782	49131397
INCENP	0,330384069	chr11	62123998	62153169
MYH7B	0,330301928	chr20	34955810	35002437
MRPS23	0,33014938	chr17	57834781	57850056
ZFP36	0,329895133	chr19	39406847	39409412
ZC3H18	0,329879487	chr16	88570403	88631964
SBNO1	0,329621329	chr12	123289109	123364847
DHPS	0,329412716	chr19	12675717	12681880
TXN2	0,329386639	chr22	36467046	36481640
SMARCA4	0,329316232	chr19	10960932	11079426
CUL1	0,328747762	chr7	148697914	148801110
UTP15	0,327966768	chr5	73565443	73583380
EXOSC3	0,32668771	chr9	37759234	37832117
H2BC3	0,326570366	chr6	26043227	26043713
CUL7	0,326241801	chr6	43037617	43053943
BCCIP	0,325748953	chr10	125823546	125853695
INTS9	0,32546211	chr8	28767661	28890242
PPWD1	0,325370842	chr5	65563236	65587549
WDR7	0,325314777	chr18	56651343	57029811
SNRNP70	0,325015548	chr19	49085419	49108605
R3HCC1	0,32469285	chr8	23270120	23296279
POLG	0,324419046	chr15	89305198	89334861
INPPL1	0,324301701	chr11	72223701	72239147
ERCC1	0,324249548	chr19	45407334	45478828
RRP12	0,324094392	chr10	97356358	97426076
SPC25	0,323859703	chr2	168834132	168913371
MRPL42	0,323378589	chr12	93467514	93516214
POLD3	0,323132165	chr11	74493851	74669117
DDX10	0,322193408	chr11	108665058	108940999
RBBP5	0,322064328	chr1	205086142	205122015
TEN1	0,321889615	chr17	75979240	76000586
MRPS22	0,321511504	chr3	139005806	139360497
MTG1	0,321498466	chr10	133394094	133422520
MRPL11	0,321325057	chr11	66435075	66466738
CINP	0,321195977	chr14	102341102	102362916
POLR1E	0,320325019	chr9	37485948	37503697
CASC3	0,319764372	chr17	40140318	40172171
UQCRC1	0,319594874	chr3	48599002	48610976
ATP6AP2	0,3186848	chrX	40579372	40606848
MDN1	0,318682193	chr6	89642498	89819794
ZC3H4	0,318145015	chr19	47064187	47113776
MRPS18A	0,318062873	chr6	43671202	43687791
RPP38	0,318033537	chr10	15097180	15139818
EIF2B2	0,317813516	chr14	75002921	75012366
CRACD	0,317601876	chr4	56049098	56330609
ITPK1	0,317534822	chr14	92936914	93116320
C6orf132	0,317373473	chr6	42092233	42142620
PSMD12	0,317300133	chr17	67337916	67366605
UBTF	0,316948098	chr17	44205033	44221626
NBPF15	0,31679555	chr1	144421390	144461676
GTPBP4	0,316217953	chr10	988434	1019932
TOP3A	0,31613842	chr17	18271428	18315007
TRUB2	0,315915465	chr9	128305159	128322447
THG1L	0,31545782	chr5	157731420	157741449
NAA30	0,3152466	chr14	57390544	57415906
AATF	0,31514099	chr17	36948925	37056871
ANAPC5	0,315129255	chr12	121308245	121399896
ACTR10	0,314718549	chr14	58200080	58235636
FCGR1BP	0,31470551	chr1	121087298	121097161
TRIM28	0,314640319	chr19	58544064	58550722
FAM86B1	0,314483859	chr8	12182096	12194133
NSA2	0,314002746	chr5	74766991	74780113
POLR2E	0,31396419	chr19	1086574	1095380
CTCF	0,313791525	chr16	67562467	67639177
SMN1	0,313744587	chr5	70925030	70953942
SMN2	0,313744587	chr5	70049638	70078522
NAE1	0,313466872	chr16	66802875	66873256
TADA3	0,313375604	chr3	9779967	9793011
INTS1	0,312449884	chr7	1470277	1504389
NOL8	0,312324716	chr9	92297358	92325636
TSFM	0,312280386	chr12	57782761	57808071
MED12	0,311498088	chrX	71118543	71144103
EXOC3	0,311397693	chr5	443175	471937
LONP1	0,311354667	chr19	5691834	5720572
SCAF1	0,310702751	chr19	49642209	49658642
AK6	0,309602319	chr5	69350984	69370013
ILF2	0,309250285	chr1	153661788	153671028
PPP1R11	0,309203347	chr6	30066709	30070333
PSMA5	0,308381934	chr1	109399042	109426448
STRAP	0,308252854	chr12	15882387	15903478
SYMPK	0,307677865	chr19	45815410	45863194
URB1	0,307143295	chr21	32311018	32393012
CDC40	0,306997266	chr6	110180141	110254275
EFR3A	0,306934682	chr8	131904093	132013642
UBB	0,306621763	chr17	16380798	16382745
RPA2	0,306582648	chr1	27891524	27914746
SMNDC1	0,306504418	chr10	110290730	110304938
CENPK	0,305553926	chr5	65517766	65563168
URM1	0,304779451	chr9	128371361	128392016
LENG8	0,303717481	chr19	54448887	54462016
SRPRB	0,303629472	chr3	133784023	133825772
TEX10	0,303183562	chr9	100302077	100352942
SNRPG	0,303171828	chr2	70281362	70293740
ZNHIT3	0,303075344	chr17	36486629	36499310
BAZ2A	0,30264508	chr12	56595596	56636816
GPN1	0,302491228	chr2	27628247	27651511
TBCE	0,302362149	chr1	235367360	235452443
ATXN2L	0,301367327	chr16	28822999	28837237
CTAGE9	0,301080484	chr6	131708441	131711017
DCTN3	0,300719323	chr9	34613545	34620523
HNRNPL	0,300566775	chr19	38836370	38852347
BCL2L1	0,300273413	chr20	31664452	31723989
SRP14	0,3001326	chr15	40035690	40039181
COPA	0,300097396	chr1	160288594	160343566
PPP2R3C	0,299768831	chr14	35085467	35122517
RRP1	0,299522407	chr21	43789513	43805293
SRP9	0,299450696	chr1	225777813	225790468
MFN2	0,299076497	chr1	11980181	12015211
C18orf21	0,298850934	chr18	35972625	35979286
RBBP4	0,298459785	chr1	32651142	32686211
MTREX	0,298238134	chr5	55307989	55425579
DHX37	0,298099602	chr12	124946825	124989131
NUP58	0,297982257	chr13	25301524	25365390
TRIM74	0,297926519	chr7	72959485	72969466
XRN2	0,297809174	chr20	21303331	21389825
MRPL10	0,297534066	chr17	47823272	47831541
GEMIN8	0,297163778	chrX	14006726	14029893
RIOK2	0,296712653	chr5	97160867	97183247
SIN3A	0,296600523	chr15	75369379	75455842
THOC5	0,296049003	chr22	29505879	29555216
TAF3	0,295790845	chr10	7818497	8016631
DNAJC8	0,295252363	chr1	28199456	28233029
CRNKL1	0,294957697	chr20	20034368	20056046
NOPCHAP1	0,294501729	chr12	104986316	105074197
PEX26	0,294476584	chr22	18077923	18105396
RPL17-C18orf32	0,293619967	chr18	49481681	49492479
SYF2	0,293611167	chr1	25222276	25232502
SEM1	0,293395336	chr7	96481626	96709880
GARS1	0,292983698	chr7	30580533	30634033
DLD	0,292514319	chr7	107891162	107931730
POLR2H	0,292501281	chr3	184361710	184368596
AP2S1	0,292223565	chr19	46838136	46850846
HAUS7	0,291924336	chrX	153447668	153495516
TAF13	0,291167463	chr1	109062496	109076012
ANAPC10	0,290181767	chr4	144831908	145098541
GFM2	0,290170033	chr5	74721206	74767147
DDX47	0,290089195	chr12	12813316	12829981
PSMC1	0,289653716	chr14	90256527	90275429
UQCRFS1	0,289489433	chr19	29205320	29213151
RAD17	0,289463357	chr5	69369293	69414801
RPL22	0,289055258	chr1	6185020	6209389
COA3	0,288407254	chr17	42795147	42798704
TRIM52	0,287624956	chr5	181254077	181261150
EEF1G	0,287130804	chr11	62559596	62574086
SNRPB	0,286585151	chr20	2461634	2470853
YJU2B	0,28643847	chr19	13731760	13763296
MED18	0,286350462	chr1	28329002	28335965
SRF	0,286295049	chr6	43171269	43181506
CENPE	0,286255934	chr4	103105349	103198445
MCM3AP	0,286086436	chr21	46235133	46286297
MBTPS2	0,285898685	chrX	21839617	21885423
DCTN1	0,285004257	chr2	74361154	74392087
SRP19	0,284952104	chr5	112861188	112898371
CDC37	0,284901254	chr19	10391133	10420121
PSMB1	0,284619627	chr6	170535120	170553307
CTR9	0,284234997	chr11	10751246	10801625
LSM3	0,284091576	chr3	14178817	14201122
PTPN11	0,283763011	chr12	112418351	112509918
MRPS12	0,283465737	chr19	38930944	38933168
MRPL37	0,282882925	chr1	54184041	54225464
SYVN1	0,282683439	chr11	65121780	65134532
UXT	0,282579133	chrX	47651796	47659180
CITED2	0,282500903	chr6	139371807	139374648
ZNF407	0,282474826	chr18	74597870	75065671
EMC1	0,282461788	chr1	19215660	19251552
SCYL1	0,282120184	chr11	65525077	65538704
BASP1	0,282116273	chr5	17065598	17276843
UFD1	0,282083677	chr22	19449911	19479202
SBDS	0,282005447	chr7	66987680	66995693
IDH3A	0,281953294	chr15	78131498	78171945
RPL7	0,281908964	chr8	73290242	73295789
BAP1	0,281796835	chr3	52401008	52410008
CHGA	0,281404382	chr14	92923150	92935285
ZNF830	0,281287037	chr17	34961540	34963777
RPF2	0,28121663	chr6	110982015	111028263
PNO1	0,280747251	chr2	68157888	68176238
TUBB8	0,280524296	chr10	46888	74163
CENPV	0,280497894	chr17	16342534	16353656
PDE4DIP	0,280301341	chr1	148808140	149048286
MEN1	0,280013847	chr11	64803510	64811294
ZBED2	0,279971472	chr3	111592900	111595346
POLR2F	0,279820228	chr22	37952607	38041915
CUX2	0,279374318	chr12	111034165	111350554
LSM4	0,278799329	chr19	18306236	18323112
FXN	0,278123758	chr9	69035751	69079076
HNRNPA1L2	0,277637616	chr13	52642431	52643773
SHOC2	0,277625882	chr10	110919367	111017307
UQCR10	0,276957017	chr22	29767369	29770413
QRICH1	0,276933548	chr3	49029707	49094363
RPA3	0,276594552	chr7	7636518	7718607
CLASRP	0,276317488	chr19	45039045	45070956
CENPN	0,275812254	chr16	81006552	81033114
TUBGCP3	0,275577564	chr13	112485011	112588205
ANAPC15	0,275501942	chr11	72106378	72112780
NBPF15	0,274680529	chr1	144421390	144461676
TBC1D17	0,274586653	chr19	49877666	49888750
SDHC	0,274527981	chr1	161314381	161363206
DHX16	0,274117274	chr6	30653119	30673006
RPL29	0,272914491	chr3	51993522	51995895
SNRPA1	0,272756076	chr15	101281510	101295282
REXO2	0,27238318	chr11	114439435	114450279
SPEN	0,272310166	chr1	15836095	15940456
FLCN	0,271465284	chr17	17212212	17237188
HNRNPC	0,270972436	chr14	21209136	21269494
CCDC116	0,270925498	chr22	21632716	21637329
CDH24	0,27064387	chr14	23047062	23057538
SSBP1	0,270636048	chr7	141738334	141787922
UBAP1	0,270620402	chr9	34179005	34252523
UBE2S	0,270585198	chr19	55399745	55407788
INTS4	0,270479588	chr11	77874418	77994715
EP300	0,270021943	chr22	41092592	41180077
AMHR2	0,269736405	chr12	53423855	53431672
TAF6L	0,269693378	chr11	62771357	62787342
BOP1	0,269527792	chr8	144262045	144291438
MRPS9	0,268954106	chr2	105038069	105099960
HSPD1	0,268719417	chr2	197486584	197516737
CENPI	0,268667264	chrX	101098188	101166126
C14orf93	0,268602072	chr14	22985894	23010166
RAF1	0,268402586	chr3	12582101	12664201
SMG7	0,268393459	chr1	183472216	183598246
PRCC	0,267898004	chr1	156750610	156800815
THAP1	0,267733721	chr8	42836674	42843325
TTYH1	0,267475563	chr19	54415219	54436904
POT1	0,266802787	chr7	124822386	124929983
FDX2	0,266568097	chr19	10310045	10316015
TTF1	0,266346446	chr9	132375548	132406851
VPS53	0,266124795	chr17	508503	721717
EXTL1	0,265577186	chr1	26019884	26036464
INTS8	0,265539375	chr8	94813311	94881746
GEMIN2	0,26547288	chr14	39114285	39136973
MED8	0,265459841	chr1	43383917	43389808
TTF2	0,265410296	chr1	117060326	117107453
SPATA31A3	0,265222544	chr9	66986304	66992550
NUP188	0,265152137	chr9	128947699	129007096
PCM1	0,265046527	chr8	17922842	18029948
SNUPN	0,26497612	chr15	75598083	75626469
TRAPPC3	0,264952651	chr1	36136570	36156053
LSM12	0,264230981	chr17	44034328	44067619
MMGT1	0,263931752	chrX	135960588	135974029
RANBP3	0,263830054	chr19	5916139	5978142
CHD4	0,263699671	chr12	6570082	6614524
H2BC15	0,263567984	chr6	27838545	27855709
PDCD11	0,26332156	chr10	103396626	103446294
VPS52	0,263145543	chr6	33250272	33272047
TAF1	0,263063401	chrX	71366222	71532374
TIMM13	0,263060794	chr19	2425625	2427586
NEDD1	0,262943449	chr12	96907224	96953780
SMARCD1	0,262805243	chr12	50085200	50100707
GPKOW	0,262280125	chrX	49113407	49123735
SUGT1	0,261848232	chr13	52652709	52700909
PLA2G4E	0,261408841	chr15	41981394	42051190
XYLT2	0,261065933	chr17	50346126	50363138
PRR13	0,260258862	chr12	53441678	53446645
SF3B1	0,260218444	chr2	197388515	197435079
TAF7	0,260035907	chr5	141259884	141320784
FNBP4	0,259868272	chr11	47716494	47767443
SYS1	0,259777749	chr20	45361937	45376798
C19orf53	0,259589998	chr19	13774456	13778773
MNT	0,259155822	chr17	2384073	2401104
PSMD8	0,259111818	chr19	38374563	38383850
DNAJC11	0,258666886	chr1	6634168	6701924
METAP2	0,258463488	chr12	95473520	95515839
UNC13D	0,258240533	chr17	75827225	75844785
SAMM50	0,257360448	chr22	43955442	44010531
WDR83	0,257149227	chr19	12666802	12675832
PPIE	0,2568676	chr1	39692182	39763914
RPL28	0,255271712	chr19	55385932	55403250
DDX3X	0,254473768	chrX	41333348	41364472
PPP1R2	0,254377284	chr3	195514428	195543386
PFDN2	0,254250813	chr1	161100556	161118055
TAF8	0,254180406	chr6	42050513	42087461
ZBTB4	0,254063061	chr17	7459366	7484263
CNNM3	0,253555871	chr2	96816245	96835382
PI4KA	0,253464603	chr22	20707691	20859417
RPS21	0,253405931	chr20	62387103	62388520
PCYT1A	0,253323789	chr3	196214222	196287957
EIF3L	0,252842676	chr22	37848868	37889407
EIF1AX	0,252807473	chrX	20124525	20141838
YKT6	0,252265079	chr7	44200959	44214294
RAI1	0,252159143	chr17	17681458	17811453
RTTN	0,251991275	chr18	70003031	70205726
NIFK	0,251913045	chr2	121726945	121736911
MNAT1	0,251786573	chr14	60734742	60969965
PLEKHG2	0,251547972	chr19	39412669	39428415
SERF1A	0,251469743	chr5	70900669	70918530
SERF1B	0,251469743	chr5	70025247	70043113
MRPS10	0,251220385	chr6	42206807	42217861
POTEE	0,250671799	chr2	131209536	131265278
AGAP6	0,25030803	chr10	49982190	50011654
TMEM258	0,24952182	chr11	61768501	61792802
MCRS1	0,248935097	chr12	49556544	49568145
PTCD3	0,248927274	chr2	86106223	86142157
H4C14	0,248465718	chr1	149832657	149839767
H4C15	0,248465718	chr1	149854045	149861159
SUPT7L	0,248407045	chr2	27650809	27663840
HOXC10	0,247779903	chr12	53985065	53990279
BRF1	0,247714712	chr14	105209286	105315589
ESS2	0,247644305	chr22	19130279	19144684
TAF1B	0,247519137	chr2	9843443	9934416
GAGE2A	0,247519137	chrX	49589496	49596824
SUGP1	0,247206218	chr19	19276018	19320509
MED17	0,247116253	chr11	93784227	93814963
PRPF18	0,24704417	chr10	13586939	13668445
ACRBP	0,246858095	chr12	6638075	6647433
USP10	0,246834626	chr16	84699986	84779922
YEATS2	0,246341778	chr3	183697797	183812624
INTS14	0,246318309	chr15	65578753	65611289
SCN4A	0,245931072	chr17	63938554	63972918
PNPT1	0,245693775	chr2	55634061	55693863
PGAP6	0,245652797	chr16	370788	387113
SMR3A	0,245066073	chr4	70360760	70367158
EMC3	0,244792828	chr3	9962682	10011202
UBA2	0,243760194	chr19	34428352	34471251
AAAS	0,24334688	chr12	53307456	53324864
MYOC	0,24330255	chr1	171635417	171652688
CENPT	0,243299616	chr16	67828157	67847811
MIS18BP1	0,242938781	chr14	45203190	45253540
SCGB1C1	0,242708003	chr11	193078	194575
POLR3D	0,24230512	chr8	22245133	22254601
KRT78	0,242069126	chr12	52837804	52849092
LAIR1	0,241847475	chr19	54351384	54370558
PSMD1	0,24151891	chr2	231056845	231173116
FCGR1A	0,241249017	chr1	149782671	149791675
ALS2CL	0,241182522	chr3	46668995	46693704
SCUBE1	0,241099403	chr22	43197280	43343372
RHEB	0,240955655	chr7	151466012	151520120
ZBED1	0,240348071	chrX	2486414	2500976
AP2M1	0,240126419	chr3	184174689	184184214
AGBL5	0,239852615	chr2	27042364	27070622
ART5	0,239709194	chr11	3638512	3642316
TRMT10C	0,239570988	chr3	101561868	101566446
RYR3	0,239412572	chr15	33310962	33866121
LAT	0,239339232	chr16	28984826	28990784
NOP53	0,238640053	chr19	47745546	47757058
POLR1H	0,238314095	chr6	30058899	30064909
PPIA	0,238131559	chr7	44796680	44824564
PIM1	0,237271031	chr6	37170152	37175428
ACBD4	0,236907262	chr17	45132600	45144181
GTF3C5	0,236827729	chr9	133030675	133058503
NRBP1	0,236437884	chr2	27427790	27442259
SRPRA	0,236437884	chr11	126262938	126269144
DHX36	0,236241005	chr3	154272546	154324487
ESF1	0,236241005	chr20	13714322	13784919
VIRMA	0,236144522	chr8	94487689	94553529
TRAPPC5	0,235769019	chr19	7680833	7687703
GBF1	0,235132749	chr10	102245371	102382899
MX1	0,235053216	chr21	41420020	41470071
ATXN1	0,234938805	chr6	16299112	16761491
SPINDOC	0,234525165	chr11	63813456	63827716
POTEG	0,234311336	chr14	19402486	19434341
C2orf27A	0,234272222	chr2	131647990	131767404
MRTFA	0,234044051	chr22	40410281	40636719
PPP6R3	0,233832831	chr11	68460731	68615334
DENND2A	0,233737651	chr7	140518420	140673993
MYRIP	0,232459897	chr3	39808914	40260321
CTNNBL1	0,232319084	chr20	37693955	37872129
CDC26	0,232049191	chr9	113255835	113275572
LUC7L2	0,231703676	chr7	139340359	139423457
DNAH10	0,231690638	chr12	123762188	123935720
PYM1	0,231579812	chr12	55901413	55932618
SNRPC	0,23152114	chr6	34757505	34773857
DDX6	0,23128645	chr11	118747763	118791164
MED10	0,230946151	chr5	6371874	6378571
SNRNP27	0,230453303	chr2	69893956	69905575
BRD4	0,22998262	chr19	15235519	15332545
ATXN7L1	0,229148169	chr7	105604772	105876599
MED27	0,228874364	chr9	131852928	132079867
FAM20A	0,228376301	chr17	68535113	68601367
DMAP1	0,228235487	chr1	44213455	44220681
ALG11	0,227695702	chr13	52012391	52079232
PLXNB3	0,227202854	chrX	153764196	153779346
MED22	0,227127232	chr9	133338312	133348131
SP1	0,227032704	chr12	53380176	53416446
SLC25A51	0,226909492	chr9	37879400	37904353
KIF3C	0,226788236	chr2	25926598	25982749
H3C2	0,226756944	chr6	26031589	26032099
STAG3	0,226710006	chr7	100177563	100221488
ATP1B3	0,226334503	chr3	141876124	141926549
GTF2E1	0,226158486	chr3	120742637	120783069
VWA7	0,225614789	chr6	31765590	31777328
IGF1R	0,225016889	chr15	98648539	98964530
FMNL2	0,224914632	chr2	152335174	152649826
EP400	0,224415265	chr12	131949942	132080460
POTEH	0,223971962	chr22	15690026	15721631
PLEKHA4	0,223717716	chr19	48837097	48868617
TNPO1	0,223321677	chr5	72816312	72916733
TCF3	0,222403455	chr19	1609291	1652615
FAM86C1P	0,221934076	chr11	71787537	71799660
SPCS2	0,22191354	chr11	74949261	74979033
EDC4	0,221863669	chr16	67873052	67884499
MED15	0,221638106	chr22	20495913	20587632
CHMP1A	0,221064421	chr16	89640816	89657738
TNNT2	0,220854504	chr1	201359008	201377764
ZEB2	0,220321238	chr2	144364364	144521057
NPAT	0,220150436	chr11	108157215	108222638
ZNF22	0,220036025	chr10	45000923	45005326
ATG2A	0,219004369	chr11	64894546	64917211
MBD3L2	0,218871378	chr19	7049321	7051735
NFYC	0,218626258	chr1	40691648	40771603
H2BC6	0,21845676	chr6	26172059	26184655
TUBGCP4	0,218378531	chr15	43369221	43409771
NDRG3	0,218300301	chr20	36651766	36746090
SREBF1	0,217896113	chr17	17810399	17837002
MRPL49	0,217334163	chr11	65122183	65127371
ATP5PB	0,217052535	chr1	111448864	111462773
RANBP1	0,216336732	chr22	20115938	20127355
MUC6	0,216163649	chr11	1012823	1036718
PABPN1L	0,216148981	chr16	88863333	88866660
SSRP1	0,214990202	chr11	57325986	57335892
MED14	0,214960866	chrX	40648305	40735858
CXXC1	0,214611765	chr18	50282343	50287839
PRELID3B	0,214576562	chr20	59033145	59042809
CNOT3	0,21438881	chr19	54137749	54155681
USP35	0,213502205	chr11	78188812	78215232
RTF1	0,213238832	chr15	41408408	41483563
MRPL36	0,212968939	chr5	1798385	1801366
PPP2R5B	0,212672643	chr11	64917553	64934475
CLEC11A	0,211889367	chr19	50723364	50725708
FNTA	0,21171335	chr8	43034194	43085788
H3-3A	0,211689881	chr1	226061851	226072019
MBD3L3	0,211326113	chr19	7056207	7069665
HNRNPA3	0,211233541	chr2	177212694	177223959
LSM10	0,211032751	chr1	36391238	36397908
PELO	0,21095061	chr5	52787916	52804044
TCEA1	0,210645513	chr8	53966552	54022456
H2BC13	0,210346936	chr6	27807479	27807929
ADO	0,209942749	chr10	62804720	62808479
ISY1-RAB43	0,208697591	chr3	129087575	129161036
MIS12	0,208251681	chr17	5486285	5490814
MED7	0,208063929	chr5	157137424	157159019
DPH2	0,207968377	chr1	43970000	43973369
ZBTB47	0,206922752	chr3	42653697	42667580
MBTPS1	0,206855279	chr16	84053761	84116942
CEP164	0,206813556	chr11	117314557	117413266
UTP14A	0,206396331	chrX	129906121	129929761
PLRG1	0,206370254	chr4	154535005	154550400
PBXIP1	0,206327227	chr1	154944076	154956123
PSMA4	0,205975193	chr15	78540405	78552417
ZMIZ1	0,205787442	chr10	79068966	79316519
EGR2	0,205457573	chr10	62811996	62819167
KANSL1	0,205306328	chr17	46029916	46225389
GTF2F2	0,204367571	chr13	45120510	45284893
TAF2	0,203801708	chr8	119730774	119832863
POU5F1	0,203792581	chr6	31164337	31180731
MRPL13	0,203393609	chr8	120380761	120445402
IGBP1	0,202771682	chrX	70133447	70166324
SMTN	0,202759948	chr22	31064105	31104757
TRIM41	0,202471801	chr5	181222499	181235808
CCER1	0,202302303	chr12	90905622	90955176
SKP1	0,202041537	chr5	134148935	134176964
FAM25BP	0,201862261	chr10	46369113	46373508
FAM25G	0,201862261	chr10	47487219	47491700
EPB41L3	0,201212674	chr18	5392381	5630700
CRLS1	0,200636008	chr20	6006093	6040053
CWC22	0,20037785	chr2	179944876	180007297
MIS18A	0,199626844	chr21	32268228	32279049
ZNF526	0,19956426	chr19	42220312	42228201
TMEM131	0,199316532	chr2	97756333	97995948
NUP153	0,199268104	chr6	17615035	17706925
DNAJC14	0,199227872	chr12	55820960	55830824
FCF1	0,199204403	chr14	74713144	74738620
AEBP1	0,199063589	chr7	44104345	44114562
NAA20	0,198664617	chr20	20017310	20033655
ATP6V1E1	0,198325621	chr22	17592136	17628749
GPR45	0,1977992	chr2	105241743	105243467
DCAF15	0,197556361	chr19	13952509	13961449
EIF3E	0,197152174	chr8	108162787	108443496
RPL36A	0,196954737	chrX	101390824	101396155
GOLGA8A	0,196728429	chr15	34378935	34437808
MMP17	0,194850914	chr12	131828393	131851783
GOLGA6B	0,194674896	chr15	72654697	72669599
CACTIN	0,194616224	chr19	3610645	3626815
POLR3B	0,194381535	chr12	106357748	106510198
ANKRD11	0,192836496	chr16	89267630	89490561
MAST4	0,192785646	chr5	66596380	67169593
CCR10	0,192782713	chr17	42678889	42683917
WDR82	0,192474683	chr3	52254434	52288020
EIF3F	0,192410143	chr11	7970251	8001862
CIAPIN1	0,192105047	chr16	57428187	57447420
ABHD16A	0,192069844	chr6	31686955	31703356
STEAP3	0,191949891	chr2	119223831	119265652
DHX35	0,191767355	chr20	38962299	39039723
SH3BP1	0,19169434	chr22	37634654	37656117
H2AZ1	0,191400979	chr4	99948086	99950355
MYO18A	0,190966803	chr17	29071122	29180398
APOBR	0,190815559	chr16	28494643	28498964
ISY1	0,190699844	chr3	129127415	129161063
DDX11	0,190515678	chr12	31073860	31104799
GTF2A2	0,190497424	chr15	59638062	59657541
AGAP4	0,18904235	chr10	45825594	45853875
CTAGE4	0,18859644	chr7	144183466	144186080
NANOS1	0,187692885	chr10	119029714	119033730
ARFRP1	0,187386485	chr20	63698642	63708025
UNC119B	0,187179502	chr12	120710458	120723640
TRIM48	0,185827104	chr11	55262155	55271114
AHCYL1	0,185275584	chr1	109984765	110023742
VPS51	0,18526385	chr11	65089324	65111862
RTL10	0,185017426	chr22	19846138	19854896
EFS	0,184418968	chr14	23356403	23365752
MYLK3	0,184407233	chr16	46702282	46790407
MBD3L4	0,184219482	chr19	7037749	7040179
MAP7D1	0,184172544	chr1	36155579	36180849
C9orf163	0,184069867	chr9	136483495	136486067
CACNA1S	0,18348021	chr1	201039512	201112451
RRP7A	0,183351131	chr22	42508344	42519796
LYRM4	0,182914347	chr6	5103629	5260950
MRPL40	0,182544386	chr22	19432545	19436075
TMED2	0,1823537	chr12	123584533	123598582
NFATC4	0,181519249	chr14	24365673	24379604
PITRM1	0,180789104	chr10	3137728	3172841
ZSCAN2	0,180163266	chr15	84600986	84627796
RTL10	0,180053744	chr2	19846138	19854896
BCAM	0,179760382	chr19	44809071	44821421
GTF2E2	0,178903766	chr8	30578318	30658236
CUL2	0,178551731	chr10	35008504	35127006
ZBTB9	0,178455248	chr6	33453970	33457544
SRP54	0,178058884	chr14	34981957	35029686
RILPL2	0,177967941	chr12	123415039	123436684
TEF	0,177712065	chr22	41367333	41399326
MAP2K3	0,177096657	chr17	21284672	21315232
MRTO4	0,176773307	chr1	19251805	19260128
ELOC	0,176564694	chr8	73939169	73972307
KCNG4	0,176316966	chr16	84218657	84240012
SLBP	0,176043162	chr4	1692731	1712344
AGAP4	0,17597797	chr10	45825594	45853875
NOXA1	0,175782396	chr9	137423350	137434406
UIMC1	0,174632418	chr5	176905005	177022633
CLPTM1	0,174579613	chr19	44954585	44993341
TARBP2	0,174503338	chr12	53500921	53506431
MAN1C1	0,174296029	chr1	25616791	25786206
SRSF10	0,174165646	chr1	23964347	23980927
SSBP3	0,17413957	chr1	54225433	54413479
IRX6	0,174038989	chr16	55324203	55330756
MAPK1	0,174009187	chr22	21759657	21867680
SLC6A17	0,173881411	chr1	110150494	110202202
CSDE1	0,173604999	chr1	114716913	114758676
H2BC9	0,173482439	chr6	26251614	26252075
ATP1A2	0,173447236	chr1	160115759	160143591
KRTAP2-1	0,173288821	chr17	41046541	41047316
KRTAP2-2	0,173288821	chr17	41054498	41055230
DOCK6	0,173266004	chr19	11199295	11262524
RIF1	0,172989592	chr2	151409883	151508013
FAM25C	0,172900931	chr10	47995322	47999791
NAT14	0,172887893	chr19	55485188	55487568
SIPA1	0,17214471	chr11	65638101	65650918
LCN10	0,172027365	chr9	136738167	136743356
CTDP1	0,171949135	chr18	79679803	79754503
DNAJC16	0,171924688	chr1	15526813	15592379
ATP5MG	0,171886551	chr11	118401346	118433278
LSM6	0,17137545	chr4	146175703	146200000
AKAP1	0,170956594	chr17	57085092	57121346
WIPF3	0,170919109	chr7	29806486	29917061
KRTAP10-12	0,170548821	chr21	44697172	44698044
BRMS1	0,169480984	chr11	66337333	66345125
SEC61A2	0,168207142	chr10	12129637	12169961
KIF5A	0,168119785	chr12	57546026	57586633
PRKAB2	0,167216231	chr1	147155106	147172550
CIBAR2	0,167204497	chr16	85098358	85112472
PPP1CA	0,165808094	chr11	67398181	67421183
EPS8L3	0,16537783	chr1	109750080	109764027
LEO1	0,165051873	chr15	51938025	51971778
TIGD3	0,164478188	chr11	65354751	65357613
SUN2	0,163591583	chr22	38733290	38794143
RIOX2	0,163543341	chr3	97941818	97972457
VPS39	0,163531607	chr15	42158701	42208307
DYNLRB1	0,1628484	chr20	34516395	34540958
ZFP91	0,162839273	chr11	58579063	58621550
DRD5	0,162444212	chr4	9781634	9784009
CBX1	0,162170408	chr17	48070052	48101478
ARHGEF15	0,161414186	chr17	8310241	8322514
DAPK3	0,161348995	chr19	3958453	3971123
FUT11	0,160553658	chr10	73772276	73780251
VPS54	0,159976062	chr2	63892146	64019428
SLC6A18	0,159976062	chr5	1225381	1246189
CMIP	0,159670965	chr16	81444808	81711762
DYRK1A	0,15931502	chr21	37365573	37526358
CCDC71L	0,159248524	chr7	106654360	106661158
TOB2	0,158780449	chr22	41433494	41446801
TMED10	0,158755677	chr14	75131469	75176612
PILRA	0,158755677	chr7	100367530	100400096
HCLS1	0,157969467	chr3	121631399	121660927
AGPAT5	0,157906883	chr8	6708642	6761503
IRAK1	0,157659155	chrX	154010506	154019902
CDR2L	0,157382743	chr17	74987632	75005800
MYOZ1	0,157359274	chr10	73631612	73641474
DPF2	0,15731527	chr11	65333843	65354262
SUMO2	0,157271266	chr17	75165586	75182959
NR4A2	0,157206726	chr2	156324437	156342348
FADS2	0,156960302	chr11	61792980	61867354
AGAP5	0,156514392	chr10	73674287	73698109
SYNC	0,156332508	chr1	32679906	32703596
FBXO41	0,156185827	chr2	73254682	73284478
ZP1	0,155077571	chr11	60867542	60875693
USHBP1	0,153557305	chr19	17249171	17282786
EFNB3	0,152853237	chr17	7705202	7711372
KCTD21	0,152536406	chr11	78171249	78188626
RDH8	0,152419061	chr19	10013249	10022279
MRPL2	0,15223131	chr6	43054029	43059438
SLFNL1	0,152143953	chr1	41015589	41023237
TSSC4	0,150905315	chr11	2400488	2403878
TMEM63B	0,150853161	chr6	44126914	44155519
NCAPG2	0,150271653	chr7	158631169	158704804
C9orf78	0,150215914	chr9	129827290	129835863
FOXN1	0,150067138	chr17	28506243	28538900
PDE4C	0,149943088	chr19	18207965	18248200
ZNF367	0,149001722	chr9	96385941	96418370
ADAMTS14	0,148822446	chr10	70672506	70762441
PHGDH	0,148519305	chr1	119648411	119744218
NCAN	0,148358934	chr19	19211958	19252233
HDGFL2	0,148349807	chr19	4472297	4502208
CYP27B1	0,148141194	chr12	57762334	57768986
ADAMTSL4	0,148089041	chr1	150549369	150560937
VASN	0,148030369	chr16	4371848	4383538
ZNF395	0,14778916	chr8	28345590	28402701
GARIN1B	0,147648998	chr7	128709061	128731743
NOTCH2	0,146575294	chr1	119911553	120100779
SETD1B	0,146469684	chr12	121804009	121832656
GPATCH1	0,146420138	chr19	33080899	33130542
MAPK1IP1L	0,1464071	chr14	55051647	55070194
KRTAP2-3	0,146387543	chr17	41059240	41060114
ARID3C	0,146161235	chr9	34621049	34629066
STAC3	0,145676955	chr12	57243453	57251188
POLR2K	0,14495007	chr8	100150623	100154003
OXER1	0,144803389	chr2	42762499	42764135
BSG	0,14443962	chr19	571277	583494
TPM2	0,144246001	chr9	35681992	35690056
PYGB	0,143665145	chr20	25248085	25298012
BICDL1	0,143017141	chr12	119989236	120094494
DNASE2	0,142842056	chr19	12875209	12881595
GGTLC2	0,142508648	chr22	22644614	22647898
PIP4K2C	0,141726349	chr12	57591174	57603418
CAPN9	0,141635081	chr1	230747384	230802003
KRT2	0,141529471	chr12	52644558	52652211
FOXE3	0,140942748	chr1	47416285	47418052
EIF4ENIF1	0,14076673	chr22	31436977	31496108
ADAMTSL5	0,140096562	chr19	1505022	1513604
PRKG1	0,140050928	chr10	50990888	52298423
CPNE7	0,139927064	chr16	89575758	89597246
CNNM4	0,139275149	chr2	96760902	96811874
FGD5	0,139118689	chr3	14810853	14934571
ACTR1B	0,138936153	chr2	97655939	97664044
DNAAF8	0,138443305	chr16	4734344	4749396
TTC39A	0,138384633	chr1	51287258	51345116
TSPYL2	0,138138209	chrX	53082367	53088540
LSR	0,137387202	chr19	35248330	35267964
CEACAM5	0,137363733	chr19	41708585	41730433
TBXA2R	0,137149905	chr19	3594507	3606875
YIPF3	0,136486582	chr6	43511832	43516985
SLC41A1	0,136406722	chr1	205789094	205813748
PPM1F	0,135591828	chr22	21919425	21952848
NPR1	0,134433049	chr1	153678688	153693992
NOLC1	0,133913799	chr10	102152176	102163871
PCNX3	0,13389033	chr11	65615776	65637439
GALNT9	0,132208389	chr12	132196372	132329589
SLC23A3	0,131848531	chr2	219161465	219170095
SPTBN2	0,131100133	chr11	66682497	66744670
GDE1	0,130557739	chr16	19501693	19522123
POLD1	0,129952762	chr19	50384204	50418018
ACD	0,129300847	chr16	67657512	67660810
HNRNPUL2	0,128832772	chr11	62712630	62727457
KEAP1	0,128081766	chr19	10486125	10503558
GRHPR	0,12804917	chr9	37422666	37436990
SPTB	0,127749289	chr14	64746283	64879907
PTPN20	0,127518511	chr10	46911396	47002488
PTPN20	0,127518511	chr10	46911396	47002488
DNAJB12	0,127113672	chr10	72332830	72355149
TTC31	0,126415471	chr2	74483073	74494559
ERCC6L	0,126239454	chrX	72204657	72239027
CREB3L4	0,126106463	chr1	153967534	153974361
PELI3	0,124781445	chr11	66466327	66477337
GCN1	0,124713972	chr12	120127202	120194715
DNAJC22	0,124685288	chr12	49346888	49357546
GPC2	0,124303266	chr7	100169606	100177381
ATP6V0A2	0,123986435	chr12	123712353	123761755
ARHGEF4	0,123552259	chr2	130836914	131047263
CACNA1A	0,123314636	chr19	13206442	13633025
RASGRP2	0,123303228	chr11	64726911	64745456
LTB	0,122794734	chr6	31580525	31582522
UNC5B	0,122768657	chr10	71212570	71302864
PRR12	0,122608473	chr19	49591182	49626439
COL2A1	0,122468777	chr12	47972967	48004554
C10orf55	0,121968106	chr10	73909969	73922777
LENG1	0,121495793	chr19	54155161	54159721
SELENON	0,121438751	chr1	25800193	25818221
HIP1R	0,12098241	chr12	122834453	122862961
CEP68	0,120900269	chr2	65056354	65087004
PRODH	0,12064211	chr22	18912777	18936553
SLC16A3	0,120615708	chr17	82217934	82261129
SLC22A6	0,119548197	chr11	62936385	62984967
FAM167B	0,11953907	chr1	32247222	32248856
SYT8	0,119468663	chr11	1828307	1837521
TTC30B	0,119292646	chr2	177548998	177552796
MED6	0,119209201	chr14	70581257	70600690
HIRA	0,11898755	chr22	19330698	19447450
ZNF513	0,118905408	chr2	27377235	27380790
RBP3	0,117918409	chr10	47348363	47357881
GARIN5A	0,117661554	chr19	50466785	50476848
RFXANK	0,117657643	chr19	19192229	19201869
CCNC	0,117018766	chr6	99542387	99568825
NDST2	0,116758	chr10	73801911	73811798
TBATA	0,11620648	chr10	70771238	70785401
ZNF492	0,115877915	chr19	22634324	22667671
AIFM3	0,115323787	chr22	20965108	20981360
CABIN1	0,115267722	chr22	24011192	24178628
NHSL1	0,115085838	chr6	138422043	138692571
ZBTB7A	0,114865816	chr19	4043303	4066899
CANT1	0,11414708	chr17	78991716	79009867
CAPN12	0,113733114	chr19	38730187	38769904
ARHGAP33	0,113178986	chr19	35774532	35788822
TMCC2	0,112898662	chr1	205227946	205285632
FZR1	0,112833471	chr19	3506311	3538334
GPRIN2	0,112468398	chr10	46541736	46556658
TEAD3	0,111389479	chr6	35473597	35497079
IVL	0,111266267	chr1	152908546	152911886
PPFIA4	0,110515261	chr1	203026491	203078740
ERVW-1	0,110315775	chr7	92468380	92477986
AGPAT1	0,108778559	chr6	32168212	32178096
C11orf68	0,108609061	chr11	65916810	65919062
SERPING1	0,108283103	chr11	57597387	57619171
H3C11	0,106502071	chr6	27871845	27872346
AUP1	0,106431664	chr2	74526645	74529760
CROCC	0,10631432	chr1	16740273	16972964
REN	0,105258217	chr1	204154819	204190324
STARD8	0,105000059	chrX	68647666	68725842
ZNF641	0,104762762	chr12	48337180	48351414
OTOF	0,104304791	chr2	26457203	26558756
IGSF3	0,103204684	chr1	116574399	116667755
ACSF2	0,103169481	chr17	50426158	50474845
MED26	0,103075605	chr19	16574907	16629062
OGFR	0,102969995	chr20	62804835	62814000
SLC38A2	0,102142063	chr12	46358188	46372773
HIGD1A	0,100822587	chr3	42782908	42804490
FTH1	0,099684343	chr11	61959718	61967634
CUL9	0,098686913	chr6	43182184	43224587
SMIM29	0,098170596	chr6	34246381	34249108
VDAC2	0,098053251	chr10	75210154	75231448
SLC12A9	0,097718819	chr7	100826820	100867010
FBXW9	0,095899975	chr19	12688053	12696631
NFKBIE	0,095616392	chr6	44258166	44265788
LGALS7B	0,095436464	chr19	38789200	38791754
CFAP251	0,094491839	chr12	121918592	122003927
XIRP1	0,094180875	chr3	39183210	39192596
MYO7A	0,093535479	chr11	77128246	77215241
GSC2	0,092350297	chr22	19146993	19150292
AGAP2	0,091279527	chr12	57723761	57742157
RAB36	0,090801347	chr22	23145366	23165663
SMUG1	0,090120748	chr12	54121277	54189008
TACR2	0,089944731	chr10	69403903	69416918
HSP90AB1	0,089463617	chr6	44246166	44253888
SNAP29	0,089240662	chr22	20859007	20891214
BRD2	0,088794752	chr6	32968594	32981505
TMEM41A	0,088628793	chr3	185476496	185499057
MAP3K11	0,08829017	chr11	65597756	65615382
RARG	0,088208029	chr12	53210567	53232980
PDZD2	0,087734738	chr5	31639131	32110932
CDS2	0,087627172	chr20	5126879	5197887
ATXN1L	0,086588672	chr16	71808439	71885268
ARHGEF35	0,086541734	chr7	144186083	144195879
ZNF333	0,084969314	chr19	14689801	14733746
ITPRIPL1	0,084810899	chr2	96325317	96330517
NPAS1	0,08440606	chr19	47019837	47045775
FHL2	0,084383895	chr2	105357712	105438513
PIAS4	0,082739765	chr19	4007736	4039386
FBXO28	0,081528506	chr1	224114111	224162047
MAVS	0,081280779	chr20	3846799	3876123
DGCR6L	0,081241664	chr22	20314238	20320080
GRM1	0,081096938	chr6	146027646	146437601
GATA1	0,08062756	chrX	48786540	48794311
METTL5	0,080416339	chr2	169810081	169824931
ZFPM1	0,080016063	chr16	88453280	88537031
KLHL22	0,079310365	chr22	20441519	20495844
CSF1	0,07905514	chr1	109910242	109930992
DAGLA	0,07706028	chr11	61680391	61747001
RGP1	0,076802122	chr9	35749287	35758585
BCL2L2-PABPN1	0,076802122	chr14	23306833	23326175
ELOA3BP	0,076521798	chr18	47022287	47023927
LAMC3	0,074073857	chr9	131009174	131094473
ATF6B	0,073549065	chr6	32115264	32128253
ZFHX2	0,073413793	chr14	23520857	23556192
CD81	0,072414733	chr11	2376177	2397802
GPR75	0,07236258	chr2	53852912	53859967
ARHGAP22	0,072349541	chr10	48446036	48656265
ZFPM2	0,070981823	chr8	104590733	105804539
MATK	0,070773536	chr19	3777970	3802129
CRACDL	0,070732792	chr2	98793846	98936259
CAND2	0,070615447	chr3	12796472	12834804
AKT1S1	0,070485064	chr19	49869033	49878459
YPEL1	0,070380758	chr22	21697536	21735794
TRMT2A	0,070138618	chr22	20111875	20117392
MAP4K2	0,069432873	chr11	64784918	64803241
LGALS7	0,068975229	chr19	38770968	38773517
GPR182	0,06871707	chr12	56994492	56998447
LGI4	0,067460178	chr19	35124513	35142451
HBS1L	0,066299769	chr6	134960378	135103056
THRSP	0,066273692	chr11	78063861	78068351
COL5A3	0,064879898	chr19	9959561	10010504
MON1B	0,064044142	chr16	77190835	77202398
POTEI	0,063105385	chr2	130459455	130509707
QRFP	0,062192704	chr9	130892707	130896812
PHLDB1	0,062179665	chr11	118606440	118658031
PTF1A	0,062104695	chr10	23192312	23194245
ARVCF	0,060221312	chr22	19969896	20016823
PPM1J	0,058848379	chr1	112709994	112715332
SLC7A5	0,058261655	chr16	87830023	87869507
ZDHHC8	0,057850949	chr22	20129456	20148007
VPREB1	0,056625348	chr22	22244780	22245515
SLC1A5	0,054753048	chr19	46774883	46788594
LEMD2	0,05404898	chr6	33771202	33789130
ALX3	0,05315716	chr1	110059870	110070672
KCNA2	0,052453091	chr1	110519837	110631474
PRAMEF17	0,052007181	chr1	13389632	13392629
BCL9L	0,051502599	chr11	118893875	118925926
SLC39A5	0,051294312	chr12	56230049	56237846
ZCCHC7	0,050129666	chr9	37120574	37358149
RIMBP3C	0,049123435	chr22	21545666	21551461
FRMPD2	0,048275619	chr10	48153088	48274696
CELSR2	0,0479288	chr1	109249539	109275751
CWF19L1	0,047250809	chr10	100232298	100267680
EHD1	0,046768392	chr11	64851642	64888296
DRGX	0,046104742	chr10	49364066	49396089
PLCB3	0,045542791	chr11	64251530	64269150
EIF2AK4	0,04536547	chr15	39934115	40035591
AOC1	0,045295063	chr7	150824627	150861504
SLC66A1	0,044799608	chr1	19312326	19329300
NPIPA5	0,044051209	chr16	15363628	15381047
SMCHD1	0,04393908	chr18	2655726	2805017
MGAT3	0,043886927	chr22	39457012	39492194
FIBCD1	0,041211467	chr9	130902438	130939286
SERPIND1	0,040272709	chr22	20774113	20787720
ESRRA	0,039345686	chr11	64305497	64316743
PIK3R2	0,039193138	chr19	18153163	18170532
FLVCR1	0,038283716	chr1	212858275	212899363
TMEM63A	0,035658128	chr1	225845536	225882380
THAP7	0,035250355	chr22	20999104	21002196
PRAME	0,034825306	chr22	22547701	22559361
IL22RA1	0,034721	chr1	24119771	24143140
RHOC	0,03464603	chr1	112701127	112707434
SLC16A1	0,032222861	chr1	112911847	112957593
TBC1D31	0,031706544	chr8	123041968	123152153
MYO1G	0,031375045	chr7	44962662	44979088
TOP3B	0,031190228	chr22	21957025	21982813
SNX18	0,030964339	chr5	54517759	54546586
TXNRD2	0,030544832	chr22	19875517	19941820
CSRNP1	0,028796395	chr3	39141855	39154562
FAM78A	0,026050529	chr9	131258076	131277365
RBM4B	0,024184748	chr11	66664998	66677887
ZFR2	0,023263591	chr19	3804024	3869038
PI16	0,021787004	chr6	36948263	36964837
AIF1L	0,021380209	chr9	131096476	131123152
RC3H1	0,020365829	chr1	173931084	174022357
CCNB1	0,020339752	chr5	69167135	69178245
TANGO2	0,019408817	chr22	20017014	20067164
HIC2	0,019075037	chr22	21417371	21451463
ZNF74	0,016076227	chr22	20394115	20408461
CRKL	0,015737231	chr22	20917407	20953747
TUBA8	0,014615937	chr22	18110100	18146683
SPOCK2	0,014175243	chr10	72059034	72089032
COMT	0,01405529	chr22	19941371	19969975
SEPTIN5	0,013937946	chr22	19714503	19724224
TRIP12	0,013276717	chr2	229763837	229923239
C22orf39	0,013083937	chr22	19351368	19447711
RSPH14	0,010847868	chr22	23059415	23145021
WRAP73	0,009387578	chr1	3630767	3652761
P2RX6	0,007627407	chr22	21009808	21028013
RIMBP3	0,006101926	chr22	18605815	18611919
USP1	0,004781797	chr1	62436297	62451804
CLTCL1	0,002464239	chr22	19179473	19291719
CBFA2T3	0,002206081	chr16	88874858	88977207
CCT8L2	0,001290792	chr22	16590751	16592810
RIC1	-0,000573685	chr9	5629025	5776557
PTEN	-0,000574989	chr10	87862638	87971930
MED16	-0,002088736	chr19	867630	893218
GNAZ	-0,002968822	chr22	23070519	23125032
ARMH1	-0,004602521	chr1	44674692	44725591
RTN4R	-0,005815083	chr22	20241415	20283246
SEC23B	-0,006747322	chr20	18507520	18561415
ZNF280A	-0,006923339	chr22	22513736	22520270
TSSK2	-0,007964773	chr22	19131308	19132622
FBXO10	-0,010429012	chr9	37510892	37576380
RIMBP3B	-0,010781046	chr22	21383751	21389478
STIP1	-0,012634115	chr11	64185272	64204543
GGTLC1	-0,013095671	chr20	23985050	23988779
ARL1	-0,013507682	chr12	101393116	101407772
MCUR1	-0,018599139	chr6	13786557	13814568
GPC5	-0,020157216	chr13	91398621	92873682
L3MBTL2	-0,021342072	chr22	41205282	41231271
SDF2L1	-0,026519908	chr22	21642302	21644299
SCARF2	-0,026598137	chr22	20424584	20437826
SLC7A4	-0,03001678	chr22	21028718	21032840
GP1BB	-0,035508513	chr22	19723539	19724771
ELOA	-0,037242282	chr1	23743448	23762059
MIDEAS	-0,038828065	chr14	73715122	73790285
DGCR2	-0,039237142	chr22	19036282	19122454
YDJC	-0,042291038	chr22	21628089	21630064
CLDN5	-0,043756544	chr22	19523024	19527545
IGLL5	-0,044812646	chr22	22887780	22896111
CRAMP1	-0,044907826	chr16	1612337	1677908
MAPK14	-0,048627653	chr6	36027782	36111236
ZNF280B	-0,050732036	chr22	22484421	22508742
ABCC1	-0,051514334	chr16	15949138	16143257
NALF1	-0,061788516	chr13	107163510	107867496
PTPN1	-0,084097052	chr20	50510321	50585241
KIF15	0,190497424	chr3	44761721	44873376
