chr17	27046411	27051377	RPL23A	0.9427614627974651
chr17	78109013	78120982	EIF4A3	0.9427071693197022
chr11	4115937	4160106	RRM1	0.9425045943481838
chr16	70557691	70608820	SF3B3	0.9369837303411003
chr19	10828755	10944164	DNM2	0.9347214533408253
chr19	49496705	49519252	RUVBL2	0.930782494826447
chr18	77732867	77793949	TXNL4A	0.9281495995194569
chr7	102178365	102213103	POLR2J3	0.9273903582596896
chr9	94972489	95056038	IARS	0.9271003547998592
chr8	146015150	146017972	RPL8	0.9267290201984449
chr14	67826714	67853233	EIF2S1	0.9255495959260425
chr9	127997132	128003609	HSPA5	0.9235870225787038
chr2	198364718	198368181	HSPE1	0.9188774624291361
chr4	152020725	152025804	RPS3A	0.9187724921903897
chr16	2563871	2570219	ATP6V0C	0.9187141738456448
chr11	60658202	60674060	PRPF19	0.9186438475092771
chr22	24951471	25005947	SNRPD3	0.9181848804989228
chr19	49118585	49122793	RPL18	0.9163526630003498
chr17	74730197	74733456	SRSF2	0.913813369194007
chr3	12875984	12883087	RPL32	0.9136902404377565
chr17	42927311	42977030	EFTUD2	0.9132111272858052
chr22	19466982	19508135	CDC45	0.9129268734611867
chr3	113465866	113530903	ATP6V1A	0.9124091314777286
chr4	39455744	39460568	RPL9	0.9117432174037432
chr12	96252706	96297606	SNRPF	0.9117058756426992
chr20	5095599	5107272	PCNA	0.9114311007263198
chr15	35147732	35262040	AQR	0.9089119012036965
chr5	137890571	137911133	HSPA9	0.9084909586745018
chrX	153618315	153637504	RPL10	0.9076190715890163
chr9	33041762	33076665	SMU1	0.9072570363014498
chr11	837356	842545	POLR2L	0.9057957544071039
chr11	64083932	64085556	TRMT112	0.9051003542818694
chr14	50065415	50081390	LRR1	0.90423430703706
chr9	136215069	136218281	RPL7A	0.903824339120997
chr1	27202624	27216788	GPN2	0.903509123290697
chr13	115000362	115038198	CDC16	0.9026376935166035
chr3	195754054	195809060	TFRC	0.9019797728315719
chr2	242615157	242626406	DTYMK	0.901782301612069
chr22	41855721	41864729	PHF5A	0.9014822097518937
chr6	31745295	31763730	VARS	0.901427555815576
chr5	140052758	140071609	HARS	0.9012021908627824
chr2	61704984	61765761	XPO1	0.9010307892777785
chr19	5674958	5691887	RPL36	0.9008523396333049
chr1	45240923	45244451	RPS8	0.8991247053028751
chr14	102430865	102517129	DYNC1H1	0.8989543587651218
chr3	23958036	23965183	RPL15	0.8985006341596106
chr19	42363988	42376994	RPS19	0.8982798845387541
chr19	8386042	8388224	RPS28	0.898036923649047
chr16	85709804	85723679	GINS2	0.8969849695229433
chr7	102113565	102119354	POLR2J	0.8966407171227936
chr14	35747839	35786699	PSMA6	0.8966014303221239
chr3	49133365	49142553	QARS	0.8959692762280872
chr19	17970685	17974962	RPL18A	0.8958577505491554
chr3	137879854	137893791	DBR1	0.8951491006287167
chr18	55267888	55289445	NARS	0.8948938544491731
chr15	75931426	75941047	IMP3	0.8947245843295444
chr19	13033293	13044851	FARSA	0.8931116269629085
chr17	1553923	1588176	PRPF8	0.8925113211976194
chr1	156278759	156337664	CCT3	0.8919040994770508
chr19	49990811	49995565	RPL13A	0.8918765923517348
chr22	39708887	39716394	RPL3	0.8912163153737128
chr12	32832134	32898486	DNM1L	0.8902917562946315
chr10	94353043	94415150	KIF11	0.8891733229681971
chr2	113299492	113334635	POLR1B	0.8885100341780093
chr9	19375713	19380252	RPS6	0.8880949029342303
chr22	36906897	36925483	EIF3D	0.888058093075911
chr22	30727977	30752936	SF3A1	0.8872314520862965
chr16	70284134	70285833	EXOSC6	0.8867107806710545
chr12	69979114	69995350	CCT2	0.8865921598518584
chr16	18792617	18801705	RPS15A	0.8859908134669287
chr6	133135580	133138703	RPS12	0.8859483664412591
chr17	45726842	45762871	KPNB1	0.8848763775689531
chr1	93297582	93307481	RPL5	0.8844301679689409
chr6	30687978	30693203	TUBB	0.8842796734722007
chr11	57416465	57429340	CLP1	0.8842366705170581
chr19	54618837	54635140	PRPF31	0.8841577475968155
chr19	54704610	54752862	RPS9	0.8838535171373441
chr19	3976054	3985467	EEF2	0.8836320223261473
chrX	153672473	153679002	FAM50A	0.8817974050360584
chr3	127783621	127872757	RUVBL1	0.8816840899244887
chr12	110890289	110907073	GPN3	0.8801837884046367
chr2	10262455	10271545	RRM2	0.8800237692961708
chr19	10225693	10230596	EIF3G	0.8799020904974801
chr10	74889913	74928813	ECD	0.8791069495493414
chr17	7387685	7417933	POLR2A	0.878401352184112
chr7	102277474	102312076	POLR2J2	0.8780098491351374
chr14	50110273	50155140	POLE2	0.8779723015222703
chr16	88718343	88729569	MVD	0.8779185155369236
chr14	24734744	24740945	RABGGTA	0.8775830262042357
chr3	49754277	49761384	GMPPB	0.8775669344119048
chr16	57496299	57505922	POLR2C	0.8771299537036243
chr16	89627065	89630950	RPL13	0.8762103644201499
chr8	145649000	145653931	VPS28	0.8759764817273445
chr12	112842994	112856642	RPL6	0.875338254216657
chr11	64532078	64546258	SF1	0.8745945287744156
chr19	1438358	1440583	RPS15	0.8745001976109852
chr17	37004118	37010096	RPL23	0.8738625969520009
chr6	74225473	74233520	EEF1A1	0.8737469144323501
chr5	40825364	40835437	RPL37	0.8736413005715853
chr12	57869228	57911352	MARS	0.8729005030163886
chr8	145133529	145135550	EXOSC4	0.8727961331068999
chr11	17095936	17099334	RPS13	0.872214594940102
chr4	57843888	57897334	POLR2B	0.8721919998000247
chr12	53662083	53687427	ESPL1	0.8715497574559128
chr5	149822753	149829319	RPS14	0.8715261734449863
chr1	153700543	153746555	INTS3	0.8711743722340977
chr18	2571510	2616634	NDC80	0.8710985804634122
chr3	197676858	197683481	RPL35A	0.8708029622047091
chr2	162164549	162268228	PSMD14	0.8707945419338329
chr10	124913793	124924886	BUB3	0.8704695643149767
chr15	22736246	22746002	GOLGA6L1	0.8699962602924615
chr19	19030484	19039436	DDX49	0.8692467701236075
chr11	46764598	46867847	CKAP5	0.8692379581642476
chr12	49223547	49246625	DDX23	0.8688548948392576
chr20	62612488	62664453	PRPF6	0.868742296474424
chr1	44440159	44443967	ATP6V0B	0.8679570929215629
chr1	45316450	45452282	EIF2B3	0.867813793580907
chr5	74632154	74657929	HMGCR	0.8675750580728196
chr6	42712219	42714558	TBCC	0.8671709887584058
chr6	31765173	31774761	LSM2	0.866577523538131
chr12	131356424	131362223	RAN	0.8660613986507484
chr3	196662273	196669468	NCBP2	0.8657571085192407
chr20	60711791	60718496	PSMA7	0.8656853004135672
chr3	39448180	39454033	RPSA	0.8653161784199015
chr1	24018269	24022915	RPL11	0.865238521493972
chr3	40498783	40503861	RPL14	0.8652290131243232
chr1	145507598	145513536	RBM8A	0.8643674035240363
chr8	145654165	145669827	TONSL	0.8643399838221844
chr1	151372010	151374420	PSMB4	0.8636077080786219
chr2	99953816	100017789	EIF5B	0.8626374615395263
chr19	36604612	36606248	POLR2I	0.8626116789899947
chr19	49999622	50002946	RPS11	0.8625086125520154
chr22	22006559	22054304	PPIL2	0.8616059219208436
chr10	112327449	112364394	SMC3	0.8604796621753745
chr22	42069934	42086508	NHP2L1	0.860128080746891
chr7	44646171	44748665	OGDH	0.8598872513501712
chr16	30087299	30096698	PPP4C	0.859254373028959
chr12	133200348	133263951	POLE	0.8592373369365482
chr9	35056061	35073246	VCP	0.8584646687937919
chr2	29117509	29171088	WDR43	0.8582135382205673
chr7	44605016	44614650	DDX56	0.8579166565012679
chr19	11242196	11266484	SPC24	0.8576771940285065
chr16	23688977	23701688	PLK1	0.8575053574910821
chr19	19010323	19030206	COPE	0.8574161546395376
chr12	7074490	7079988	PHB2	0.857237231005096
chr5	133530025	133561833	PPP2CA	0.8571265711184021
chr22	30972612	31003070	PES1	0.8570800997288933
chr11	8703958	8736306	RPL27A	0.8566077559717313
chr3	127317066	127341276	MCM2	0.8565012953252382
chr1	43824626	43828874	CDC20	0.855644596626525
chr6	89319985	89673348	RNGTT	0.8552878937039592
chr1	44412611	44433694	IPO13	0.8552633428547055
chr5	81569177	81574396	RPS23	0.8548709113230639
chr20	36611409	36661870	TTI1	0.854570790908217
chr2	136664247	136743670	DARS	0.8543749707195573
chr8	20054878	20084330	ATP6V1B2	0.8538592383120872
chr6	34385231	34393902	RPS10	0.853696459380036
chr2	85829979	85876403	USP39	0.8530051238251387
chr3	10334815	10362862	SEC13	0.852953426869304
chr5	180663909	180675096	GNB2L1	0.85239238820361
chr1	89318615	89357627	GTF2B	0.8520591527770636
chr19	56165512	56186081	U2AF2	0.851766811067421
chr11	9595228	9615004	WEE1	0.8517041974338282
chr5	10250033	10266524	CCT5	0.8515798577960564
chr16	75661622	75682541	KARS	0.850890111683453
chr7	73645829	73668774	RFC2	0.8507084227965456
chr12	110718561	110788898	ATP2A2	0.8505277880329223
chr17	36908989	36920484	PSMB3	0.8503206322293952
chr1	220267444	220321380	IARS2	0.8502057138227196
chr19	45853095	45874176	ERCC2	0.8499978909061005
chr11	65029233	65073060	POLA2	0.8493862060463486
chr19	7684411	7694451	XAB2	0.8489741724614455
chr1	203830731	203839678	SNRPE	0.848483804576397
chr2	55459039	55462989	RPS27A	0.8483292620742893
chr2	3622795	3628509	RPS7	0.847815791212293
chrX	71475529	71497150	RPS4X	0.8473627239768403
chr14	53173890	53195305	PSMC6	0.847270545350128
chrX	54466834	54471920	TSR2	0.8471142841146748
chr6	30312908	30314661	RPP21	0.8467399072894385
chr11	62599814	62609281	WDR74	0.8460697003690149
chr5	134094469	134190823	DDX46	0.8459899022173133
chr1	26758773	26797785	DHDDS	0.84536109473879
chrX	47050260	47074527	UBA1	0.8453318472998352
chr9	140149625	140167998	NELFB	0.8445629557901364
chr12	113594979	113623284	DDX54	0.8444180814585234
chr1	28832455	28865812	RCC1	0.8434398654561737
chr14	103799881	103811362	EIF5	0.8433540364791126
chr11	47440320	47447993	PSMC3	0.8427415114452309
chr16	28390900	28415200	EIF3CL	0.8424674596946775
chr19	19431490	19469563	MAU2	0.841839459020773
chrX	53401070	53449677	SMC1A	0.8414372070149215
chr9	140069236	140082989	ANAPC2	0.840629481429835
chr3	139074442	139108574	COPB2	0.8404756722165728
chr14	90742580	90798481	NRDE2	0.8401301768227346
chr9	131581930	131592100	C9orf114	0.8395947081140518
chr17	8280838	8286531	RPL26	0.8394798118948765
chr17	44668035	44834830	NSF	0.8394006653462466
chr16	88869621	88875666	CDT1	0.8393411010707159
chr12	118451393	118470935	RFC5	0.8393092573466164
chr10	135093135	135125841	TUBGCP2	0.8390512015583581
chr11	62342517	62359649	TUT1	0.8389681576924652
chr21	33964389	33985176	C21orf59	0.838968080767184
chr11	62529016	62534182	POLR2G	0.8388036217096406
chr15	55473004	55489265	RSL24D1	0.8384426960457643
chr11	118967213	118979041	DPAGT1	0.8373599874900721
chr16	15016659	15045915	NPIPA1	0.8373065999643031
chr7	73097355	73119491	WBSCR22	0.837209358624901
chr1	33240840	33283754	YARS	0.8370067379442058
chr19	2236520	2248678	SF3A2	0.8369790863562531
chr9	127115745	127177723	PSMB7	0.836414409759899
chr17	79848666	79858867	ANAPC11	0.8363963386424484
chr17	1732996	1803376	RPA1	0.8363285005837892
chr15	66790355	66816870	RPL4	0.8358977014192193
chr13	34392186	34540695	RFC3	0.8357470417918821
chr1	109234945	109244425	PRPF38B	0.8356283544858868
chr18	19192228	19210417	SNRPD1	0.8353859157747565
chr19	58897767	58906173	RPS5	0.8345440068151817
chr11	64883875	64885170	ZNHIT2	0.8332248761452216
chr9	130209953	130213684	RPL12	0.8322706121100544
chr1	149895209	149900236	SF3B4	0.8318289888259738
chr2	62095224	62115939	CCT4	0.8317254013785775
chr9	139270029	139293249	SNAPC4	0.831654870803678
chr12	120634489	120639038	RPLP0	0.8312743012406008
chr17	61904512	61909379	PSMC5	0.8312615245862478
chr17	56080721	56084707	SRSF1	0.8307396103590037
chr1	118472343	118509165	WDR3	0.8305788166014767
chr10	70715884	70744829	DDX21	0.8298212595507131
chr1	212208919	212280742	DTL	0.8290709086561281
chr5	79922047	79950802	DHFR	0.8289533330907716
chr16	69165194	69265033	CIRH1A	0.8289354219797082
chr19	18942747	18979045	UPF1	0.8286960426668627
chr16	28699879	28747051	EIF3C	0.8286255093775
chr11	75110530	75133324	RPS3	0.8281789073310606
chr7	56119323	56131682	CCT6A	0.8280126082026247
chr1	193091147	193223031	CDC73	0.827930293552591
chr15	78570177	78592136	WDR61	0.8274590042951964
chr11	47799639	47870107	NUP160	0.8272753854940371
chr22	41921808	41940610	POLR3H	0.8270952415625872
chr4	24519064	24586173	DHX15	0.8270638688277221
chr1	228327663	228336685	GUK1	0.826984331671663
chr11	64888100	64889945	FAU	0.826964280474912
chr1	224415036	224518089	NVL	0.82688132814278
chrX	24072833	24096088	EIF2S3	0.8268597052566486
chr4	7060633	7069924	GRPEL1	0.8265088398417286
chr2	86247339	86333278	POLR1A	0.8257466891716427
chr20	34291531	34330234	RBM39	0.8253532238489263
chr6	43477440	43497323	POLR1C	0.8251585084128423
chr8	144898514	144912029	PUF60	0.8250419067678622
chr15	82821158	82824972	RPS17	0.8250312939672184
chr2	32853099	33046118	TTC27	0.8248444943847125
chr15	45694529	45713617	SPATA5L1	0.8246412728006707
chr15	41809374	41836467	RPAP1	0.824435150506547
chr22	41641615	41682255	RANGAP1	0.8241390385024658
chr19	36103646	36116251	HAUS5	0.8238909199121172
chr8	99037079	99058697	RPL30	0.8228946290323907
chr1	236712305	236767804	HEATR1	0.8228729213705466
chr19	18682540	18688360	UBA52	0.8223684919667589
chr14	67761088	67826982	ATP6V1D	0.8222477234593991
chr2	217362912	217443903	RPL37A	0.8222248660809865
chrX	153656978	153664862	ATP6AP1	0.8215444168182533
chr14	23389720	23398794	PRMT5	0.8214991027366658
chr16	22490442	22547842	NPIPB5	0.8208703234907666
chr2	96940074	96971297	SNRNP200	0.8205656219646569
chr17	72199721	72206794	RPL38	0.8205565652492911
chr1	149784826	149785236	HIST2H3D	0.8199382910186561
chr3	101399935	101405626	RPL24	0.8198630996420222
chr20	33866714	33872788	EIF6	0.8196475682375071
chr19	9938568	9940791	UBL5	0.8193382663540733
chr16	2012053	2014861	RPS2	0.8192061377545024
chr5	154266976	154317769	GEMIN5	0.8188502068381831
chr7	1606966	1610641	PSMG3	0.8168902348863765
chr18	47014851	47018906	RPL17	0.8164390720835215
chr14	92588281	92630755	CPSF2	0.8162430667553708
chr8	128747680	128753674	MYC	0.8157177077734865
chr1	41445007	41478235	CTPS1	0.8152911513168275
chr17	41561233	41621831	DHX8	0.8152572665802044
chrX	122734412	122866906	THOC2	0.8145581893471043
chr1	109756540	109780791	SARS	0.8144747103080248
chr11	65818200	65836779	SF3B2	0.8143583169948584
chr17	8108056	8113918	AURKB	0.8140454176721651
chr1	10458649	10480201	PGD	0.8139743729704094
chr16	70286198	70323446	AARS	0.8139615347242127
chr5	137841784	137878989	ETF1	0.8135574533141884
chr2	128458596	128568761	WDR33	0.8131996741358761
chr7	99006264	99017239	BUD31	0.812601224158561
chr8	145618444	145634753	CPSF1	0.8124322385124836
chr17	78518619	78940171	RPTOR	0.8123216497199353
chr7	44154286	44163957	POLD2	0.812185667306719
chr11	47586982	47595013	PTPMT1	0.8110849978088173
chr9	70856397	70914929	CBWD3	0.8103658866797508
chr9	70432004	70497240	CBWD5	0.8103658866797508
chr21	45527171	45551063	PWP2	0.8100840811600849
chr2	223435255	223521056	FARSB	0.8100326695258413
chr21	44513066	44527697	U2AF1	0.8099998233460487
chr1	155278539	155290457	FDPS	0.8096397737901171
chr16	103010	107669	SNRNP25	0.8096150790814526
chr17	73201754	73231853	NUP85	0.8085101084174511
chr10	12237964	12292588	CDC123	0.8084407142027745
chr22	42334725	42343168	CENPM	0.807834213611857
chr12	133302254	133338474	ANKLE2	0.8076029491101768
chr9	86582998	86595569	HNRNPK	0.8074413432572152
chr10	79734907	79789303	POLR3A	0.806941022504756
chr11	3022152	3078843	CARS	0.8061048179443486
chr5	33440802	33469644	TARS	0.8059426246390121
chr1	1477053	1510249	SSU72	0.8057685414563784
chr7	99690351	99699563	MCM7	0.8056432392885764
chr14	24686058	24701660	NEDD8	0.8055689781204016
chr3	127770484	127790526	SEC61A1	0.8055047164736915
chr19	39926796	39967310	SUPT5H	0.8053359237241893
chr1	38147242	38157914	C1orf109	0.8053022117962921
chr2	113403434	113421404	SLC20A1	0.8047265958036545
chr16	27470876	27561234	GTF3C1	0.8044682079386976
chr19	46190712	46195827	SNRPD2	0.8042330638317949
chr19	59062933	59066491	CHMP2A	0.8042082416926416
chr11	118886422	118889401	RPS25	0.8040492139549674
chr1	244571796	244615436	ADSS	0.8037612142951989
chr12	108956358	108963160	ISCU	0.803645321626902
chr2	203130439	203168389	NOP58	0.8036439173818373
chr2	73460548	73480149	CCT7	0.8035947157442755
chr19	1086594	1095598	POLR2E	0.8034771645281382
chr6	52128807	52149679	MCM3	0.8033278015847913
chr4	69176105	69215807	YTHDC1	0.8032708816775338
chr20	34255977	34287281	NFS1	0.8031845180543875
chr11	14515329	14665181	PSMA1	0.8030917308481471
chr19	50410082	50433020	NUP62	0.8028144857404794
chr19	50179043	50192286	PRMT1	0.8027398976890052
chr1	245014468	245027844	HNRNPU	0.8022642807183162
chr22	35796056	35821423	MCM5	0.8019645430105212
chr2	219128850	219134980	AAMP	0.8017492727404261
chr7	102984701	103009842	PSMC2	0.8013384878309544
chr9	134000948	134110057	NUP214	0.8011824545900195
chr4	146019084	146050331	ABCE1	0.8007599689202634
chr4	109541722	109551568	RPL34	0.8006632172272237
chr12	112464500	112546826	NAA25	0.8005475977045997
chr1	112297867	112310638	DDX20	0.8005180534267178
chr16	56463045	56486111	NUDT21	0.8004894273521619
chr19	40476912	40487348	PSMC4	0.8004887831819401
chr6	33239787	33244287	RPS18	0.800257569937693
chr7	105888731	105926772	NAMPT	0.80006180421541
chr6	33246885	33257304	WDR46	0.8000032838978566
chr19	39923847	39926588	RPS16	0.7998473048690993
chr17	2496504	2588909	PAFAH1B1	0.7997827852341661
chr16	1355548	1377019	UBE2I	0.7995803291884638
chr1	38268616	38273857	YRDC	0.7993900425070353
chr1	20978270	20988000	DDOST	0.7993218027295501
chr19	10663761	10676713	KRI1	0.798728877200775
chr16	22308730	22346424	POLR3E	0.7983193576469824
chr17	4634723	4636905	MED11	0.7981076354493682
chr19	42572629	42585701	ZNF574	0.7980627102061439
chr12	6643093	6647537	GAPDH	0.7979600526664309
chr1	33065773	33116504	ZBTB8OS	0.7979371395949011
chr5	43289497	43313614	HMGCS1	0.7978782833311688
chr20	47835884	47860614	DDX27	0.7975362139340284
chr17	8150936	8173809	PFAS	0.7969788917839065
chr19	47990894	48018497	NAPA	0.7962525051596896
chr1	879584	894689	NOC2L	0.796243066300951
chr16	67880635	67906470	NUTF2	0.7960441223737029
chr10	62538089	62554610	CDK1	0.7958661657766851
chr1	220141943	220220000	EPRS	0.7953586166054037
chr7	128502880	128505898	ATP6V1F	0.7952302909662505
chr17	45195069	45266788	CDC27	0.7947386304417029
chr17	4574679	4607632	PELP1	0.794559171201958
chr3	101367733	101396339	ZBTB11	0.7939171176411548
chr7	98475556	98610866	TRRAP	0.7938483909402588
chr7	25159710	25164980	CYCS	0.793486712359765
chr10	27443753	27475853	MASTL	0.7927558984857895
chr15	40986972	41024354	RAD51	0.7923723071165487
chr5	167913450	167946304	RARS	0.7922410961719191
chr22	40742507	40786467	ADSL	0.7921651803225169
chr19	10362577	10370721	MRPL4	0.7916549008932854
chr14	65381203	65529368	FNTB	0.7915263415453131
chr16	68318406	68344849	SLC7A6OS	0.791150586521024
chr9	130547958	130553066	CDK9	0.7906786233138701
chr8	33342268	33358778	MAK16	0.7903136368610029
chr20	32676104	32700138	EIF2S2	0.7903021754947827
chr1	156219015	156252620	SMG5	0.7902355821589744
chr11	65590493	65629497	CFL1	0.7901666448760019
chr11	57480072	57508445	TMX2	0.7894309859304991
chr3	179280668	179306196	ACTL6A	0.78891071919142
chr6	144416018	144416754	SF3B5	0.788493540978458
chr1	76251879	76260764	RABGGTB	0.7883905363462731
chr20	47662849	47713489	CSE1L	0.7882648976850621
chr15	41271078	41408552	INO80	0.788214566248602
chr9	131707809	131709898	DOLK	0.7880563448135252
chr3	42623332	42636606	SS18L2	0.7879882331475133
chr1	17345217	17380665	SDHB	0.7878804180039649
chr16	1543345	1560458	TELO2	0.7876543983739105
chr16	23652713	23681195	DCTN5	0.7875013369629834
chr8	117778742	117861702	UTP23	0.7872963148394636
chr1	145289772	145370303	NBPF10	0.7866009242610985
chr1	229761981	229795946	URB2	0.7865862259146392
chr21	34931848	34961014	DONSON	0.7865343663519846
chr3	63996225	64009658	PSMD6	0.7863762639442886
chr1	38422647	38456593	SF3A3	0.7863541522401806
chr2	118572226	118589955	DDX18	0.7862696052094064
chr8	37700786	37707422	BRF2	0.7862372728189699
chr6	33257079	33266178	PFDN6	0.7855501308791433
chr6	160199530	160210781	TCP1	0.7854551924813556
chr16	72042487	72058954	DHODH	0.7854284040296524
chr12	101673887	101780394	UTP20	0.7852975826779205
chr15	34376218	34394149	EMC7	0.7850582452048063
chr19	18553473	18632937	ELL	0.7844905410491264
chr9	139305110	139318213	PMPCA	0.7842170053481903
chr2	45615819	45839304	SRBD1	0.7840639134924059
chr14	58711549	58738730	PSMA3	0.783987962626785
chr20	54944445	54967393	AURKA	0.7839243538266261
chr3	63819546	63849579	THOC7	0.7838942498231494
chr16	68877507	69119083	TANGO6	0.7836354329724413
chr1	156691683	156698591	ISG20L2	0.78360423271417
chr12	56810903	56843187	TIMELESS	0.7835126076949099
chr9	33461439	33473928	NOL6	0.7833026010473946
chr9	69204538	69269662	CBWD6	0.7832908579548215
chr5	140044261	140053709	WDR55	0.783184444024153
chr19	59067079	59070327	UBE2M	0.783109365451957
chr10	99185917	99193198	PGAM1	0.7825433774935874
chr14	23938897	23979071	NGDN	0.7820390005539148
chr7	42948872	42971773	PSMA2	0.7817559855556346
chrX	24712036	25015103	POLA1	0.7813444324145425
chr17	47481414	47492246	PHB	0.7812574733436415
chr11	65764016	65769647	EIF1AD	0.7812456712566874
chr1	229577045	229644103	NUP133	0.7812233854909538
chr12	32880424	32908836	YARS2	0.7808758025290612
chr11	116648436	116658766	ZNF259	0.7807179516901845
chr17	40925454	40931617	VPS25	0.7798954448587687
chr5	176730775	176733960	PRELID1	0.779221734962777
chr17	48796905	48833574	LUC7L3	0.7782924248990916
chr15	66782473	66790151	SNAPC5	0.7781963651919972
chrX	153991031	154005964	DKC1	0.7781747523642208
chr19	16628700	16653341	CHERP	0.7780982641553391
chr9	101978708	101984238	ALG2	0.7775337988901505
chr13	27998681	28009958	GTF3A	0.7770578252146019
chr17	5344232	5372380	DHX33	0.7767436096161456
chr8	28625178	28747759	INTS9	0.7765669758375899
chr2	9563697	9613230	CPSF3	0.7765322599473259
chr9	116037623	116055185	PRPF4	0.7760089880920037
chr2	97001525	97039583	NCAPH	0.7758229739482909
chr3	184016497	184026842	PSMD2	0.7755732201944505
chr16	58328984	58440048	GINS3	0.7749714988376035
chr17	73663196	73704142	SAP30BP	0.7748987269035646
chr5	137523339	137549032	CDC23	0.7748612331133478
chr2	128603840	128615731	POLR2D	0.7743532918090985
chr22	26887191	26908471	TFIP11	0.7738718591206427
chr13	21750784	21753223	MRP63	0.7736949445831749
chr6	41888926	41900784	BYSL	0.7735341979543304
chr1	32687529	32697205	EIF3I	0.7734863833503881
chr10	11962021	12085169	UPF2	0.7728236992664645
chr11	14464986	14521573	COPB1	0.7727294485547469
chr17	79523913	79615495	NPLOC4	0.7726604623306099
chr9	127620159	127624260	RPL35	0.7726288258728351
chr5	218356	256815	SDHA	0.7726241728513804
chr10	120794356	120840316	EIF3A	0.7718722999751263
chr22	38348614	38437922	POLR2F	0.7715019884940229
chr3	183852826	184402546	EIF2B5	0.7713083757461181
chr10	70939988	70968855	SUPV3L1	0.7709082038409194
chr1	6581407	6614595	NOL9	0.7708917938132279
chr7	100472733	100486285	SRRT	0.7707745175997089
chr4	39289076	39367995	RFC1	0.770694602175785
chr16	74330673	74340186	PSMD7	0.770506283130699
chr14	21819631	21852425	SUPT16H	0.7700908524858355
chr22	41347351	41369313	RBX1	0.7698709132820389
chr10	1034338	1065876	GTPBP4	0.7698055358136244
chr14	23033805	23058175	DAD1	0.7697913120482506
chr19	49588676	49611862	SNRNP70	0.7695905622101742
chr6	36562145	36573377	SRSF3	0.7695371919014226
chr22	42017123	42060044	XRCC6	0.7693000576401305
chr18	12328943	12377313	AFG3L2	0.7690995566011054
chr11	65479467	65487075	KAT5	0.7689421552784512
chr1	36067185	36107445	PSMB2	0.7684895253233422
chr2	99215773	99224978	COA5	0.768118309631185
chr16	4381550	4405608	PAM16	0.7679716152168535
chr11	118992297	119006752	HINFP	0.7679489885218962
chr11	34127149	34169217	NAT10	0.7679077441217482
chr6	35436185	35438562	RPL10A	0.767806460125104
chr8	118532952	118552501	MED30	0.7675497878340942
chr3	45016733	45077558	EXOSC7	0.7675057187427903
chr11	61066923	61110068	DDB1	0.7673523632710091
chr2	37428755	37458856	CEBPZ	0.7667064801980261
chr2	190306159	190340291	WDR75	0.7666521696802401
chr14	73525144	73588122	RBM25	0.7665024739185208
chr1	156182784	156212874	PMF1	0.7660700674692654
chr17	38137050	38154213	PSMD3	0.7660426988408904
chr15	41060067	41099675	DNAJC17	0.7660192338179824
chr14	100800125	100843142	WARS	0.7659821353222422
chr11	64781585	64789656	ARL2	0.7655107172260774
chr16	29869678	29875057	CDIPT	0.7654849396354266
chr16	2022038	2032934	TBL3	0.7654578668497092
chr20	55926066	55954267	RAE1	0.7653761344662295
chr3	128338817	128399918	RPN1	0.7648797234263949
chr16	67471917	67515140	ATP6V0D1	0.7643060015632803
chr2	198570087	198573113	MARS2	0.7638827154173821
chrX	64732462	64754655	LAS1L	0.7636397103366667
chr11	69467844	69490184	ORAOV1	0.7634819226376504
chr8	117858174	117887105	RAD21	0.7631510325948805
chr7	19735085	19748710	TWISTNB	0.7630513781963035
chr11	65729160	65747299	SART1	0.7629731410900823
chr12	124104953	124118313	EIF2B1	0.7628802158339727
chrX	153213004	153237258	HCFC1	0.7626235867349431
chr2	85766288	85772403	MAT2A	0.7625678161430594
chr14	75469614	75476292	EIF2B2	0.7624710985198102
chr16	46723555	46732306	ORC6	0.762262703361217
chr12	132628993	132637013	NOC4L	0.7617666885801652
chr1	1246965	1260071	CPSF3L	0.7617097826636836
chr19	4247076	4269087	CCDC94	0.76128711518031
chr11	65769550	65771620	BANF1	0.7612672325880583
chr17	4442192	4458926	MYBBP1A	0.7610799992109767
chr13	37572953	37583750	EXOSC8	0.7608649377702612
chr2	203739505	203879521	WDR12	0.7607730826730192
chr7	100303676	100305118	POP7	0.7603085088555908
chr17	41150290	41154976	RPL27	0.7600168700780741
chr5	140078265	140086248	ZMAT2	0.7599238659867233
chr1	35641979	35658749	SFPQ	0.7599050670118583
chr19	4402659	4445015	CHAF1A	0.7594155489212695
chr7	100026413	100031741	MEPCE	0.7586466224012421
chr11	67159176	67165881	RAD9A	0.7580948662381426
chr2	128014866	128051752	ERCC3	0.7578136011536165
chr14	65472892	65569413	MAX	0.757754635945977
chr5	150070356	150080669	RBM22	0.7575227922863623
chr5	175810949	175815976	NOP16	0.7570330508578601
chr12	57125380	57146157	PRIM1	0.7567935592079831
chr17	4699439	4701790	PSMB6	0.7562863650798034
chr16	56764017	56878797	NUP93	0.7558759993758644
chr17	78965398	78983317	CHMP6	0.7557317460590646
chr9	4792869	4885917	RCL1	0.7553454779253084
chr17	80008567	80015346	GPS1	0.7551331912013869
chr17	2308856	2415185	METTL16	0.7546853398519033
chr6	44355262	44418163	CDC5L	0.7546256798706106
chr11	59341871	59383617	OSBP	0.7544905283376069
chr8	74202506	74208024	RPL7	0.7539304998014524
chr16	4475806	4506776	DNAJA3	0.7539002092109542
chr12	12966250	12982915	DDX47	0.7537008285806343
chr11	66384097	66413940	RBM14-RBM4	0.7536646178970927
chr11	66384053	66394818	RBM14	0.7536646178970927
chr17	40761694	40767252	TUBG1	0.7529412640766682
chr1	226170403	226187032	SDE2	0.7528805253853545
chr17	12895708	12921504	ELAC2	0.752600020584582
chr9	106856541	106903698	SMC2	0.752091011169622
chr3	124449213	124464040	UMPS	0.7518029089213566
chr11	61891445	61920635	INCENP	0.7516209791535957
chrX	119059014	119077735	NKAP	0.7514707498070191
chr5	110427414	110466200	WDR36	0.7513882489837072
chr2	38970741	38978636	SRSF7	0.7512598769327556
chr6	10694928	10710015	PAK1IP1	0.7505472015216942
chr17	76210267	76221717	BIRC5	0.7493619627205215
chr1	111982512	111991998	WDR77	0.7491727969562221
chr10	51592080	51623365	TIMM23	0.7490031066990241
chr11	118914900	118927913	HYOU1	0.7486322135512794
chr21	30428126	30446118	CCT8	0.7483809401835574
chr15	48623208	48635570	DUT	0.7483421226312571
chr17	73106047	73126360	ARMC7	0.7481575869465628
chr1	145592605	145611025	POLR3C	0.7481147893319536
chr17	7210318	7215774	EIF5A	0.7479333589186559
chr20	55043647	55093943	RTFDC1	0.7476710888892497
chr11	62414320	62420774	INTS5	0.7473366289903156
chr19	41892279	41903384	EXOSC5	0.7473170353009564
chr21	34914924	34949812	SON	0.7471600811579826
chr22	20067755	20099400	DGCR8	0.7471171259748564
chr1	52838501	52870131	ORC1	0.7468171856968919
chr12	121016567	121019201	POP5	0.7466676340188465
chr19	1241749	1244824	ATP5D	0.7465831417890123
chr10	101471601	101491857	COX15	0.7463141825618693
chr5	86687311	86708836	CCNH	0.7461213357270171
chr13	45911008	45915505	TPT1	0.7457937528763945
chr12	110928902	110939922	VPS29	0.7452771992800341
chr3	142168077	142297668	ATR	0.7452055415398475
chr10	7792925	7829990	KIN	0.7449156383123263
chr17	34580902	34757050	TBC1D3C	0.7448559446339387
chr20	39657458	39753127	TOP1	0.7446751372475763
chr19	39405906	39440495	SARS2	0.7446211664541884
chr8	56979854	56987069	RPS20	0.7442125719936055
chr16	85832239	85840650	COX4I1	0.743627449084678
chrX	40440146	40465889	ATP6AP2	0.7427526075865215
chr19	10244021	10341962	DNMT1	0.7426160329472804
chr10	75006510	75012451	MRPS16	0.7418256700991781
chr12	114254543	114404176	RBM19	0.7416189407700231
chr1	104068313	104097861	RNPC3	0.7415153017826297
chr17	30187923	30228784	UTP6	0.7411384894954277
chr16	779753	791329	NARFL	0.7409188373780884
chr5	179041179	179061785	HNRNPH1	0.740425614081647
chr2	70508494	70520903	SNRPG	0.7403644203981837
chr22	41865129	41924993	ACO2	0.7399890250601859
chr5	68530668	68573250	CDK7	0.7396446708814355
chr12	6961292	6975796	USP5	0.7394384813795446
chr12	6666029	6677857	NOP2	0.7391399872407807
chr2	131099798	131105383	IMP4	0.7391120910136724
chr18	43664110	43684300	ATP5A1	0.7383886540122165
chr19	2321516	2328619	LSM7	0.738236618519895
chr20	60758085	60778624	MTG2	0.7381623816167067
chr9	137000487	137025093	WDR5	0.7380006724809385
chr1	210001352	210030910	DIEXF	0.7379857168474785
chr1	91966408	91991321	CDC7	0.7379484546743031
chr1	11166592	11322564	MTOR	0.7376298450231606
chr15	90118713	90174287	TICRR	0.7374699676999518
chr9	140445651	140447007	MRPL41	0.7374222092590864
chr20	30327074	30389608	TPX2	0.7373905946859326
chr6	117996665	118031803	NUS1	0.7368470985360502
chr11	108535752	108811657	DDX10	0.7365117725882605
chr16	10837643	10863208	NUBP1	0.7357790964653916
chr4	76862103	76912115	SDAD1	0.7356073032120692
chr19	47341393	47354249	AP2S1	0.7354954024165409
chr16	18816175	18937776	SMG1	0.735442338616271
chr22	24129150	24176703	SMARCB1	0.735371283338179
chr3	119373360	119396301	COX17	0.7352948006404131
chr8	37962760	38001594	ASH2L	0.7351664021273969
chr17	36337711	36358166	TBC1D3	0.7350706098572932
chr17	79845713	79849462	ALYREF	0.734957958950746
chr5	36876861	37066515	NIPBL	0.734780381262097
chr19	47616531	47713886	SAE1	0.7346049857353402
chr11	57295936	57298276	TIMM10	0.7344232881818324
chr12	6602522	6641121	NCAPD2	0.734191478195906
chr17	73894724	73905899	MRPL38	0.7340544704625471
chr5	141000443	141016437	HDAC3	0.7338775450087257
chrX	135930163	135962923	RBMX	0.7330219883681439
chr4	57259528	57301781	PPAT	0.7322711149969019
chr12	123942188	123957701	SNRNP35	0.7322366175187103
chr6	5261277	5771813	FARS2	0.7320263876853081
chr3	186507669	186524847	RFC4	0.731477710107377
chr6	41040684	41067715	NFYA	0.7309229585414494
chr11	82868030	82898493	PCF11	0.7305556012846894
chr8	33330904	33371119	TTI2	0.7303655997177384
chr1	27226729	27273353	NUDC	0.7298093439154024
chr20	32868074	32899608	AHCY	0.7293651860050683
chr14	75348594	75370448	DLST	0.7292299592552864
chr10	102729215	102747272	MRPL43	0.728856173765638
chr10	6130950	6159420	RBM17	0.7287350561612106
chr3	53901093	53916229	ACTR8	0.728127973095376
chr16	28853732	28857729	TUFM	0.7281139763648692
chr17	36283971	36294915	TBC1D3F	0.7279841871595908
chr1	212899495	212965124	NSL1	0.7276684603350103
chr22	41487790	41576081	EP300	0.7276604503644586
chr1	149811110	149812765	HIST2H3C	0.7273786924440251
chr1	149824181	149825836	HIST2H3A	0.7273786924440251
chr6	41873092	41888877	MED20	0.7271877370758277
chr11	68658744	68671303	MRPL21	0.7268975281061214
chrX	77320685	77384793	PGK1	0.7268277771322851
chr11	118443105	118473748	ARCN1	0.7262777300801904
chr2	96931870	96939087	CIAO1	0.7259993824682499
chr15	44096690	44117000	MFAP1	0.7259915036967642
chr5	68856035	68890550	GTF2H2C	0.7253908606251538
chr6	88224096	88299721	RARS2	0.7252652466364221
chr6	30875961	30881883	GTF2H4	0.7249624155826631
chr12	50370706	50426919	RACGAP1	0.7246487814622632
chr9	131266979	131304567	GLE1	0.7246040064032685
chr14	90722839	90738968	PSMC1	0.7242896021781351
chr7	1509913	1545489	INTS1	0.7242461002419697
chr18	43684298	43708299	HAUS1	0.7241635374885472
chr22	29138019	29153503	HSCB	0.7240841298567433
chr16	30064411	30081778	ALDOA	0.7238437991524309
chr9	140100147	140111461	NDOR1	0.7235337912233635
chr19	36605191	36616849	TBCB	0.7234308386283831
chr16	69389464	69442474	TERF2	0.723346546864065
chr3	112721287	112738708	C3orf17	0.723273324589429
chr12	108916357	108955176	SART3	0.7228301624159901
chr22	39077953	39080818	TOMM22	0.7227388562985098
chr5	140071011	140078889	HARS2	0.722709789685263
chr6	31633013	31638120	CSNK2B	0.7225711900182527
chr12	123868320	123893905	SETD8	0.7221734681187221
chr16	31127075	31142714	KAT8	0.722009818172912
chr15	29560353	29562033	NDNL2	0.7217162156866148
chr5	61683081	61699766	DIMT1	0.7215246206647845
chr22	19437433	19466738	UFD1L	0.7215197936268036
chr1	109941653	109969062	PSMA5	0.721153532301443
chr1	151732119	151736040	MRPL9	0.7211063325532068
chr16	66965959	66968326	FAM96B	0.7210183515361683
chr20	54967427	54979518	CSTF1	0.7208718175895272
chr16	3018025	3030540	PKMYT1	0.7208044231826597
chr22	30126945	30163000	ZMAT5	0.720599083518504
chr5	34915481	34926101	BRIX1	0.7205786565303903
chr2	27548716	27579868	GTF3C2	0.7203035349221482
chr17	33455772	33469334	NLE1	0.7202702164252102
chr14	20914570	20923264	OSGEP	0.7196099594701595
chrX	119004497	119005791	RNF113A	0.7191010567117675
chr22	19770747	19842462	GNB1L	0.7188106234959086
chr4	54243810	55161439	FIP1L1	0.7185137670065554
chr14	21677295	21737653	HNRNPC	0.7184189093956566
chr6	132029581	132032206	CTAGE9	0.7182692448051651
chr6	42847356	42857663	RPL7L1	0.7181340099161793
chr3	47844399	47891685	DHX30	0.7180193474717911
chr17	37560538	37607539	MED1	0.7177824845598904
chr16	69373333	69377014	NIP7	0.7174520877088258
chr12	54694986	54745633	COPZ1	0.7172801730245535
chr17	38443885	38459171	CDC6	0.7171209459520014
chr8	48872745	48890720	MCM4	0.7170309480582286
chr11	118868852	118886501	CCDC84	0.7162003614245482
chr8	67341263	67342966	RRS1	0.7159315508546266
chr19	50364461	50371166	PNKP	0.715910891401137
chr10	88195013	88281572	WAPAL	0.7158589489916023
chr19	47567444	47617009	ZC3H4	0.7156981390311152
chr2	71357444	71377231	MPHOSPH10	0.715586941874787
chr2	27587219	27593353	EIF2B4	0.715537581784774
chr3	69103881	69129559	UBA3	0.7152905589081744
chr7	128594948	128695198	TNPO3	0.7143004977215636
chr14	23790498	23795394	PABPN1	0.7141174345066906
chr6	30539153	30564956	ABCF1	0.7139323240972553
chr19	54693789	54697585	TSEN34	0.7139162200449987
chr15	91509270	91538859	PRC1	0.7138325648779391
chr5	145492601	145562223	LARS	0.7138215117315072
chr7	99704693	99717464	TAF6	0.7136211573559103
chr19	39327028	39342987	HNRNPL	0.7130840499155436
chr19	11071598	11176071	SMARCA4	0.712957675705231
chr16	23592323	23607677	NDUFAB1	0.7123937028322056
chr19	30094924	30108144	POP4	0.7123624668573054
chr20	25388363	25433264	GINS1	0.7120181777995616
chr12	27175479	27219276	MED21	0.7118544871464529
chr1	174979925	174992561	MRPS14	0.711775873383635
chr3	184032283	184053146	EIF4G1	0.7111918448394925
chr17	16284112	16286059	UBB	0.7111315600792203
chr17	73512141	73520820	TSEN54	0.7111049023920248
chr1	24958207	24999758	SRRM1	0.7108282115699047
chr2	28974506	29025806	PPP1CB	0.7106993178658021
chr12	132621139	132628880	DDX51	0.7104215565183707
chr11	59573608	59578345	MRPL16	0.7102142019940412
chr2	101618177	101640494	RPL31	0.7101555576168405
chr16	15153879	15188174	RRN3	0.7100357565980251
chr2	27353624	27357543	PREB	0.7099425470458225
chr8	41386725	41402565	GINS4	0.709521971185605
chr16	69775770	69788843	NOB1	0.7093591505664626
chr10	105127724	105148822	TAF5	0.7088859691419305
chr3	184079506	184086384	POLR2H	0.7087812199269447
chr2	198351305	198381461	HSPD1	0.7087789621686
chr19	40325098	40337054	FBL	0.7085954092918529
chr1	38000050	38019903	SNIP1	0.708329825874443
chr10	7860467	8058590	TAF3	0.7078533318892555
chr2	231921578	232037541	PSMD1	0.7078231835947566
chr17	13972813	14111994	COX10	0.7078148031415448
chr16	24549014	24584184	RBBP6	0.7076979106851807
chr17	30771279	30810336	PSMD11	0.7074903705059036
chr2	74699085	74700449	MRPL53	0.7074508602961382
chr3	45730548	45786916	SACM1L	0.7071215068869356
chr16	1821891	1823156	MRPS34	0.7067049540346932
chr22	32783569	32808242	RTCB	0.7066030762391637
chr1	163236366	163325554	NUF2	0.7062628182848558
chr17	26989109	27029697	SUPT6H	0.7060239603030868
chr2	68350068	68384692	WDR92	0.7059387450285234
chr2	27440258	27466811	CAD	0.7051643787077433
chr2	69546905	69614382	GFPT1	0.7046936898160917
chr6	144164481	144184949	LTV1	0.7045457038510178
chr3	155588325	155661815	GMPS	0.7045336979267685
chr21	34876238	34915797	GART	0.7044635086183655
chr10	99116115	99161127	RRP12	0.7042990087037629
chr16	23533335	23569052	EARS2	0.7039785707452327
chr19	983174	994569	WDR18	0.703502783554059
chr2	27851114	27874375	GPN1	0.7028917380297932
chr16	11961985	12009939	GSPT1	0.7021893123866451
chr15	75315896	75409803	PPCDC	0.7020451821879323
chr19	13064972	13068050	GADD45GIP1	0.7019680713374509
chr11	62559595	62573774	NXF1	0.701854696967209
chr17	2225797	2240801	TSR1	0.7018191544016911
chr1	151227179	151239955	PSMD4	0.7015153070815496
chr14	69846848	69865344	ERH	0.7012687083938101
chr2	10710892	10830101	NOL10	0.7010941897594196
chr11	6702013	6704632	MRPL17	0.7010223955666024
chr17	57784553	57919616	VMP1	0.7009427880327392
chr2	111271389	111334762	RGPD6	0.700917638843293
chr2	110550335	110615272	RGPD5	0.700917638843293
chrX	74273115	74376567	ABCB7	0.7005992142499571
chr17	80709940	80900724	TBCD	0.7003271444934456
chr17	57697219	57773671	CLTC	0.700281652592875
chr4	57301907	57327534	PAICS	0.7002298557356915
chr10	92631473	92668312	RPP30	0.6995894823787501
chr11	64889252	64902004	SYVN1	0.6988121411195647
chr15	22833395	22873892	TUBGCP5	0.6987552342669424
chr19	7991603	8008805	TIMM44	0.6985432661685318
chr16	72127461	72146811	DHX38	0.6981265213713382
chr5	159436120	159492550	TTC1	0.6980245134904992
chrX	100353178	100418670	CENPI	0.6980114778143794
chr1	150459887	150480078	TARS2	0.697958051634688
chr19	17160539	17186435	HAUS8	0.697774017341805
chr10	102106881	102124591	SCD	0.6975120994171649
chr2	216972187	217071026	XRCC5	0.6974302951861747
chr4	25378835	25420120	ANAPC4	0.697196852016947
chr19	48949030	48960279	GRWD1	0.6970490637484051
chr7	99014362	99063787	PTCD1	0.6969045490475307
chr7	99017372	99063820	ATP5J2-PTCD1	0.6969045490475307
chr16	84211458	84220669	TAF1C	0.6968727062487099
chr7	102937869	102969958	PMPCB	0.6968275748527575
chr14	50043390	50065408	RPS29	0.6968212596439772
chr3	113435307	113465147	NAA50	0.6965346156221791
chr8	99129525	99172062	POP1	0.6964500132307441
chr5	54603588	54721409	SKIV2L2	0.6964123258519299
chr15	32737307	32747835	GOLGA8O	0.6960135945240247
chr5	157170703	157187717	LSM11	0.6956671820243838
chr19	10764937	10803093	ILF3	0.695500912943628
chr17	34581086	34808061	TBC1D3H	0.695478203379624
chr3	172468472	172539264	ECT2	0.6949587718222565
chr7	148395006	148498128	CUL1	0.6948881393545403
chr5	71515236	71616473	MRPS27	0.6946709414072136
chr20	60962172	60963576	RPS21	0.6942136565575753
chr5	74062817	74072737	NSA2	0.6939107228735872
chr9	139253932	139258241	DNLZ	0.6939065661709953
chr15	74362198	74374891	GOLGA6A	0.6938529309670969
chr10	81272357	81276188	EIF5AL1	0.6936005445724809
chr11	77589766	77705724	INTS4	0.693416480185864
chr17	7833663	7835441	TRAPPC1	0.6930075222197081
chr11	77225981	77348850	CLNS1A	0.6929061858251503
chr9	136205160	136214986	MED22	0.6925261600892959
chr2	32092878	32264881	DPY30	0.6922029860746723
chr13	21714653	21723221	SAP18	0.6918930052704657
chr15	89002707	89010650	MRPL46	0.6918095631341499
chr5	16451628	16465901	ZNF622	0.6914494861081713
chr7	44418720	44530479	NUDCD3	0.6911084388853366
chr21	26957968	26979829	MRPL39	0.6904185585937287
chr12	124118375	124147153	GTF2H3	0.6904028472896566
chr19	3490819	3500938	DOHH	0.6903945565801153
chr17	7476024	7482323	EIF4A1	0.6902781420977022
chrX	53458206	53461320	HSD17B10	0.6901128886666629
chr1	182808504	182856886	DHX9	0.6899838389962778
chr5	176938578	176944470	DDX41	0.6899227481216197
chr9	121041	188979	CBWD1	0.6899090152575624
chr19	617223	633597	POLRMT	0.689774336532818
chr22	21987005	21991616	CCDC116	0.6894715730699588
chr7	2393721	2420380	EIF3B	0.6891566276733272
chr12	75890684	75905416	KRR1	0.6888295789906457
chr1	205055270	205091143	RBBP5	0.6883983848394193
chr10	48189612	48237508	AGAP9	0.6879857080331508
chr2	198254508	198299815	SF3B1	0.6877430581862893
chr8	132916335	133025889	EFR3A	0.6873864563266345
chr19	1609291	1652604	TCF3	0.687371273855588
chr22	36677327	36784063	MYH9	0.6872828670643696
chr17	73232694	73258444	GGA3	0.6871321664426506
chr7	135242667	135333505	NUP205	0.687041984894246
chr15	75661720	75748183	SIN3A	0.6869493138335856
chr5	112196919	112205485	SRP19	0.6869004822100748
chrX	47511197	47518560	UXT	0.686739649399939
chr11	809647	812880	RPLP2	0.6867013368135408
chr2	1792885	2335032	MYT1L	0.6862774130589616
chr1	149813505	149814478	HIST2H2AA3	0.6861241624910637
chr1	149822643	149823191	HIST2H2AA4	0.6861241624910637
chr19	50145382	50161899	SCAF1	0.6859129707555918
chr17	36452989	36479101	MRPL45	0.6857476491380994
chr13	113831891	113863029	PCID2	0.6855550413457533
chr5	37379314	37753537	WDR70	0.6855174936029803
chr1	53692564	53704282	MAGOH	0.6854038359354482
chr2	38522022	38604427	ATL2	0.68536522458534
chr19	52693292	52730687	PPP2R1A	0.685039290693479
chr4	140222609	140341187	NAA15	0.684986696671313
chr7	39605975	39649919	YAE1D1	0.6849240917643895
chr8	67955314	67996018	COPS5	0.6847964513658609
chr15	50569389	50647605	GABPB1	0.6847139694425854
chr17	65334032	65362743	PSMD12	0.6843869045586002
chr16	2034208	2037750	GFER	0.6842395483361841
chr15	101821715	101835487	SNRPA1	0.683819290653451
chr17	40713485	40718295	COASY	0.6837071871504139
chr14	100842755	100996640	WDR25	0.6834431821994247
chr1	225965531	225978168	SRP9	0.6831270558064279
chr19	54960065	54973217	LENG8	0.6830622250491054
chr6	26597180	26600278	ABT1	0.6830383976953414
chrX	70338406	70362303	MED12	0.6828394621256697
chr2	26987157	27023935	CENPA	0.6827480541677979
chr14	75230069	75322244	YLPM1	0.6827333553194216
chr20	45313004	45318418	TP53RK	0.6827083152065423
chr1	8921061	8939308	ENO1	0.6825396236913073
chr20	2442280	2451499	SNRPB	0.6824242048434739
chr1	36185819	36235568	CLSPN	0.6824186005651296
chr6	33218049	33239824	VPS52	0.681797999384819
chr2	216176540	216214487	ATIC	0.6816506388419193
chr16	67876213	67878097	THAP11	0.6813728675854793
chr19	48618702	48673860	LIG1	0.6811382851965565
chr12	6679249	6716642	CHD4	0.6810148205875264
chr19	10501810	10530797	CDC37	0.6809260711543723
chr16	2802330	2822539	SRRM2	0.6807460504760566
chr5	177576461	177580968	NHP2	0.6806714098633384
chr13	31032884	31191734	HMGB1	0.6802484395986701
chr22	32014477	32058418	PISD	0.6800966524885185
chr1	19665267	19812066	CAPZB	0.6799215683337247
chr5	171288553	171433877	FBXW11	0.6797571600768457
chr6	90352218	90529442	MDN1	0.6795377732230315
chr22	19117792	19132197	DGCR14	0.6794683781106765
chr10	30598730	30663377	MTPAP	0.6793547288582236
chr9	88879461	88897676	ISCA1	0.6783983334084362
chr8	145149930	145152428	CYC1	0.6782387981004012
chr1	149754245	149783928	HIST2H2BF	0.6777606735238497
chr7	43906157	43909492	MRPS24	0.677589524138932
chr1	155657751	155708801	DAP3	0.6775821801235206
chr11	125495036	125546150	CHEK1	0.6774703157894326
chr17	34745936	34808104	TBC1D3G	0.6774376131310655
chr5	175344876	175461683	THOC3	0.677031601018083
chr19	17403418	17417652	MRPL34	0.6765713557887275
chr9	34613548	34620515	DCTN3	0.676077173329445
chr17	34493061	34503996	TBC1D3B	0.6752964575087214
chr8	27947190	28048673	ELP3	0.6751710930889544
chr3	14219858	14242619	LSM3	0.6741191079058497
chr2	114195268	114253766	CBWD2	0.6740586221464736
chr11	74204896	74380162	POLD3	0.6738283407501602
chr1	153634512	153643524	ILF2	0.6737104213276497
chr5	159828648	159848718	SLU7	0.673606595059979
chr12	110011060	110035067	MVK	0.6732264006005001
chr3	49061758	49066841	IMPDH2	0.673222737189196
chr19	18417040	18434084	LSM4	0.6731581761505574
chr2	95752952	95815179	MRPS5	0.6726685925706437
chr5	96496571	96518964	RIOK2	0.6726122642056928
chr3	72798428	72911065	SHQ1	0.6725833244827479
chr6	150045451	150070801	NUP43	0.6725064903075857
chr5	70330784	70363516	GTF2H2	0.6724705228701976
chr11	118889142	118896164	TRAPPC4	0.6724556790100756
chr1	28218035	28241257	RPA2	0.672366932331618
chr6	135502453	135540311	MYB	0.6722933821359044
chr1	160259063	160313190	COPA	0.6722718725612606
chr1	43849588	43855479	MED8	0.6716194054312217
chr20	30532758	30539895	PDRG1	0.6715068142076105
chr3	47537130	47555251	ELP6	0.6713532492282889
chr5	72861268	72877794	UTP15	0.6712730027973706
chr8	109213445	109447562	EIF3E	0.6710758952039452
chr17	37356536	37360980	RPL19	0.6705812006849007
chr9	130556876	130576606	FPGS	0.6705171027937951
chr6	170844205	170862429	PSMB1	0.6704625426125006
chr10	71962586	71993667	PPA1	0.6702996525838961
chr19	45393826	45406946	TOMM40	0.6699372117137402
chr9	100395908	100436030	NCBP1	0.6699133635450361
chr2	169690642	169769881	SPC25	0.6698207197497005
chr1	6241329	6269449	RPL22	0.6698130768204625
chr1	38158090	38175391	CDCA8	0.6695550155368112
chr9	133569108	133580248	EXOSC2	0.6693625433999355
chr6	88299839	88377169	ORC3	0.6692592456808621
chr17	5264258	5323480	NUP88	0.6690151641033925
chr5	64859063	64883376	PPWD1	0.6689604193683492
chr9	135545422	135570342	GTF3C4	0.6689074498380325
chr19	10216965	10225414	PPAN	0.6684820131767502
chr19	10216899	10225456	PPAN-P2RY11	0.6684820131767502
chr1	247002400	247095280	AHCTF1	0.66781764279211
chr14	103995521	104003410	TRMT61A	0.6674560487308365
chr13	73329540	73356234	DIS3	0.667341687778661
chr17	65713949	65740647	NOL11	0.6670119214651647
chr9	139334549	139372141	SEC16A	0.6667523846115713
chr14	74551499	74667936	LIN52	0.6666338040164039
chr22	38077680	38170137	NOL12	0.6664327183357044
chr15	43015757	43029324	CDAN1	0.6664143600366581
chr11	93517393	93547861	MED17	0.6661620531112127
chr7	30634297	30673649	GARS	0.6657436339160451
chr11	10772534	10801290	CTR9	0.6650937115122716
chr17	17150141	17184607	COPS3	0.6650624373469023
chr1	1337288	1342693	MRPL20	0.6650071865778842
chr3	47455203	47518616	SCAP	0.6645188214093132
chr5	37288239	37371283	NUP155	0.6643895135197204
chr5	85913721	85916779	COX7C	0.6642138544043464
chr15	69706585	69740764	KIF23	0.6641234930507215
chr6	34725183	34741571	SNRPC	0.6640581877010878
chrX	69353299	69386174	IGBP1	0.6639202216652388
chr16	21963981	21994981	UQCRC2	0.6637039862215148
chr11	3692313	3819022	NUP98	0.663664607066631
chr2	70314585	70316332	PCBP1	0.663640777891055
chr1	40157854	40229586	PPIE	0.6635964073422149
chr12	49521565	49525180	TUBA1B	0.6633066068428555
chr7	99686577	99689823	COPS6	0.663200711823172
chr3	49396578	49450431	RHOA	0.6629411830945448
chr15	34633917	34635378	NOP10	0.6629101719914328
chr17	6915736	6917851	RNASEK	0.6622271746912118
chr15	78832747	78841604	PSMA4	0.6620810881780712
chr20	44577292	44600833	ZNF335	0.6620210706744345
chr10	102747124	102754158	C10orf2	0.6614308066922794
chr5	69345350	69374349	SMN2	0.661341809266826
chr5	70220768	70249769	SMN1	0.661341809266826
chr19	36139125	36149763	COX6B1	0.6611106333680868
chr2	74119441	74146992	ACTG2	0.6609043426823074
chr4	122737599	122745087	CCNA2	0.6607126983904912
chr22	29901868	29951205	THOC5	0.6603602889590408
chr3	15083967	15106842	MRPS25	0.6601098970139035
chr2	27994584	28210954	MRPL33	0.6601004005835505
chr11	57471186	57479693	MED19	0.6598681182183697
chr15	69745123	69748255	RPLP1	0.6596220765787193
chr3	58291974	58310422	RPP14	0.6595137266894426
chr4	71554196	71556267	UTP3	0.6591942196178363
chr6	30667584	30685666	MDC1	0.6591739585649657
chr14	105956192	105965912	C14orf80	0.6591158058935529
chr1	161284047	161332984	SDHC	0.6589164852611222
chr14	102808956	102829253	CINP	0.6586605891955981
chr12	861759	1020618	WNK1	0.6581568811061089
chr14	95552565	95624347	DICER1	0.6577231693508893
chr1	235490665	235507847	GGPS1	0.6577117822894951
chr16	2273567	2285743	E4F1	0.6574365535397991
chr7	74441226	74490064	WBSCR16	0.6574047993474901
chr3	111311747	111314290	ZBED2	0.6570976260768102
chr11	33098734	33183917	CSTF3	0.6570855925507588
chr10	58116989	58121036	ZWINT	0.6570048535753696
chr6	107077453	107116292	QRSL1	0.6569058080305266
chr14	23485752	23504439	PSMB5	0.6568029364526847
chr21	47655047	47706211	MCM3AP	0.6567163671682392
chr17	79670387	79674556	MRPL12	0.6566870108682807
chr3	131181056	131221827	MRPL3	0.6565774982699175
chr3	47422501	47454931	PTPN23	0.656459023614255
chr1	1309110	1310875	AURKAIP1	0.6556647991706311
chr5	133484633	133512729	SKP1	0.6555890531920108
chr14	35591052	35743271	KIAA0391	0.6553859087538376
chr9	19049372	19051019	RRAGA	0.6553430856017357
chr17	79163393	79196799	AZI1	0.6553155507621188
chr3	48488114	48507115	ATRIP	0.655197110502386
chr11	118307205	118397539	KMT2A	0.6551191775708757
chr17	35969787	36003493	DDX52	0.6547490403946284
chr12	124086624	124105488	DDX55	0.6545879107461561
chr7	129251555	129396922	NRF1	0.654478066591216
chr1	173793641	173827684	DARS2	0.6544357296398412
chr3	16299485	16306479	DPH3	0.654275189677461
chr11	236546	252983	PSMD13	0.6541728403338707
chr15	41700606	41775761	RTF1	0.6541277490079431
chr16	88636789	88698374	ZC3H18	0.6540696965128603
chr18	48700920	48744674	MEX3C	0.6539513258584396
chr21	35445524	35515334	MRPS6	0.6535449384018693
chr7	156742417	156765876	NOM1	0.6533509235354436
chr2	136597196	136633996	MCM6	0.6532922380570648
chr22	44351301	44406411	SAMM50	0.6527191313555745
chr12	27863706	27909228	MRPS35	0.6521960578271705
