chr17	78109013	78120982	EIF4A3	1.0
chr17	27046411	27051377	RPL23A	0.9999435920577617
chr11	4115937	4160106	RRM1	0.9998871841155235
chr16	70557691	70608820	SF3B3	0.9998307761732852
chr8	146015150	146017972	RPL8	0.9997743682310469
chr19	10828755	10944164	DNM2	0.9997179602888087
chr11	60658202	60674060	PRPF19	0.9996615523465704
chr14	67826714	67853233	EIF2S1	0.9996051444043321
chr19	49496705	49519252	RUVBL2	0.9995487364620939
chr18	77732867	77793949	TXNL4A	0.9994923285198556
chr9	94972489	95056038	IARS	0.9994359205776173
chr9	127997132	128003609	HSPA5	0.999379512635379
chr16	2563871	2570219	ATP6V0C	0.9993231046931408
chr7	102178365	102213103	POLR2J3	0.9992666967509025
chr17	42927311	42977030	EFTUD2	0.9992102888086642
chrX	153618315	153637504	RPL10	0.999153880866426
chr2	198364718	198368181	HSPE1	0.9990974729241877
chr3	137879854	137893791	DBR1	0.9990410649819494
chr15	35147732	35262040	AQR	0.9989846570397112
chr19	49118585	49122793	RPL18	0.9989282490974729
chr4	152020725	152025804	RPS3A	0.9988718411552346
chr1	27202624	27216788	GPN2	0.9988154332129964
chr11	64083932	64085556	TRMT112	0.9987590252707581
chr3	12875984	12883087	RPL32	0.9987026173285198
chr22	19466982	19508135	CDC45	0.9986462093862816
chr17	74730197	74733456	SRSF2	0.9985898014440434
chr9	33041762	33076665	SMU1	0.9985333935018051
chr22	24951471	25005947	SNRPD3	0.9984769855595669
chr19	8386042	8388224	RPS28	0.9984205776173286
chr20	5095599	5107272	PCNA	0.9983641696750903
chr13	115000362	115038198	CDC16	0.9983077617328521
chr12	96252706	96297606	SNRPF	0.9982513537906138
chr3	113465866	113530903	ATP6V1A	0.9981949458483755
chr4	39455744	39460568	RPL9	0.9981385379061373
chr11	837356	842545	POLR2L	0.998082129963899
chr5	137890571	137911133	HSPA9	0.9980257220216607
chr2	242615157	242626406	DTYMK	0.9979693140794225
chr19	3976054	3985467	EEF2	0.9979129061371842
chr22	41855721	41864729	PHF5A	0.9978564981949459
chr14	35747839	35786699	PSMA6	0.9978000902527077
chr3	23958036	23965183	RPL15	0.9977436823104694
chr2	61704984	61765761	XPO1	0.9976872743682311
chr19	42363988	42376994	RPS19	0.9976308664259929
chr5	140052758	140071609	HARS	0.9975744584837546
chr11	57416465	57429340	CLP1	0.9975180505415163
chr15	75931426	75941047	IMP3	0.997461642599278
chr9	136215069	136218281	RPL7A	0.9974052346570398
chr19	5674958	5691887	RPL36	0.9973488267148015
chr1	45240923	45244451	RPS8	0.9972924187725632
chr14	50065415	50081390	LRR1	0.997236010830325
chr14	102430865	102517129	DYNC1H1	0.9971796028880867
chr17	1553923	1588176	PRPF8	0.9971231949458484
chr6	30687978	30693203	TUBB	0.9970667870036102
chr3	195754054	195809060	TFRC	0.9970103790613719
chr19	17970685	17974962	RPL18A	0.9969539711191336
chr6	31745295	31763730	VARS	0.9968975631768954
chr3	49133365	49142553	QARS	0.9968411552346571
chr6	133135580	133138703	RPS12	0.9967847472924188
chr16	85709804	85723679	GINS2	0.9967283393501806
chr9	19375713	19380252	RPS6	0.9966719314079423
chr18	55267888	55289445	NARS	0.996615523465704
chr7	102113565	102119354	POLR2J	0.9965591155234658
chr1	156278759	156337664	CCT3	0.9965027075812275
chr19	13033293	13044851	FARSA	0.9964462996389892
chr16	89627065	89630950	RPL13	0.996389891696751
chr22	39708887	39716394	RPL3	0.9963334837545127
chr3	127783621	127872757	RUVBL1	0.9962770758122744
chr19	49990811	49995565	RPL13A	0.9962206678700362
chr12	32832134	32898486	DNM1L	0.9961642599277979
chr12	53662083	53687427	ESPL1	0.9961078519855596
chr16	88718343	88729569	MVD	0.9960514440433214
chr12	57869228	57911352	MARS	0.9959950361010831
chr12	69979114	69995350	CCT2	0.9959386281588448
chr22	36906897	36925483	EIF3D	0.9958822202166066
chr2	113299492	113334635	POLR1B	0.9958258122743683
chr10	94353043	94415150	KIF11	0.99576940433213
chr3	49754277	49761384	GMPPB	0.9957129963898917
chr10	112327449	112364394	SMC3	0.9956565884476535
chr8	145133529	145135550	EXOSC4	0.9956001805054152
chr19	54618837	54635140	PRPF31	0.9955437725631769
chr3	197676858	197683481	RPL35A	0.9954873646209387
chr19	1438358	1440583	RPS15	0.9954309566787004
chr19	19030484	19039436	DDX49	0.9953745487364621
chr16	70284134	70285833	EXOSC6	0.9953181407942239
chr1	93297582	93307481	RPL5	0.9952617328519856
chr17	45726842	45762871	KPNB1	0.9952053249097473
chr5	149822753	149829319	RPS14	0.9951489169675091
chr10	74889913	74928813	ECD	0.9950925090252708
chr22	30727977	30752936	SF3A1	0.9950361010830325
chr14	24734744	24740945	RABGGTA	0.9949796931407943
chr16	18792617	18801705	RPS15A	0.994923285198556
chr19	54704610	54752862	RPS9	0.9948668772563177
chrX	153672473	153679002	FAM50A	0.9948104693140795
chr15	22736246	22746002	GOLGA6L1	0.9947540613718412
chr10	124913793	124924886	BUB3	0.9946976534296029
chr16	57496299	57505922	POLR2C	0.9946412454873647
chr17	7387685	7417933	POLR2A	0.9945848375451264
chr1	153700543	153746555	INTS3	0.9945284296028881
chr11	17095936	17099334	RPS13	0.9944720216606499
chr12	110890289	110907073	GPN3	0.9944156137184116
chr6	74225473	74233520	EEF1A1	0.9943592057761733
chr19	10225693	10230596	EIF3G	0.994302797833935
chr4	57843888	57897334	POLR2B	0.9942463898916968
chr2	10262455	10271545	RRM2	0.9941899819494585
chr12	131356424	131362223	RAN	0.9941335740072202
chr14	50110273	50155140	POLE2	0.994077166064982
chr7	102277474	102312076	POLR2J2	0.9940207581227437
chr12	112842994	112856642	RPL6	0.9939643501805054
chr8	145649000	145653931	VPS28	0.9939079422382672
chr3	39448180	39454033	RPSA	0.9938515342960289
chrX	71475529	71497150	RPS4X	0.9937951263537906
chr11	64532078	64546258	SF1	0.9937387184115524
chr8	145654165	145669827	TONSL	0.9936823104693141
chr17	37004118	37010096	RPL23	0.9936259025270758
chr5	40825364	40835437	RPL37	0.9935694945848376
chr2	29117509	29171088	WDR43	0.9935130866425993
chr6	42712219	42714558	TBCC	0.993456678700361
chr12	110718561	110788898	ATP2A2	0.9934002707581228
chr2	162164549	162268228	PSMD14	0.9933438628158845
chr12	49223547	49246625	DDX23	0.9932874548736462
chr22	22006559	22054304	PPIL2	0.993231046931408
chr5	133530025	133561833	PPP2CA	0.9931746389891697
chr1	44440159	44443967	ATP6V0B	0.9931182310469314
chr3	196662273	196669468	NCBP2	0.9930618231046932
chr1	45316450	45452282	EIF2B3	0.9930054151624549
chr22	42069934	42086508	NHP2L1	0.9929490072202166
chr1	24018269	24022915	RPL11	0.9928925992779783
chr18	2571510	2616634	NDC80	0.9928361913357401
chr12	7074490	7079988	PHB2	0.9927797833935018
chr7	44646171	44748665	OGDH	0.9927233754512635
chr1	145507598	145513536	RBM8A	0.9926669675090253
chr1	43824626	43828874	CDC20	0.992610559566787
chr2	3622795	3628509	RPS7	0.9925541516245487
chr6	31765173	31774761	LSM2	0.9924977436823105
chr3	10334815	10362862	SEC13	0.9924413357400722
chr6	30312908	30314661	RPP21	0.9923849277978339
chr20	62612488	62664453	PRPF6	0.9923285198555957
chr11	46764598	46867847	CKAP5	0.9922721119133574
chr12	113594979	113623284	DDX54	0.9922157039711191
chr5	74632154	74657929	HMGCR	0.9921592960288809
chr8	20054878	20084330	ATP6V1B2	0.9921028880866426
chr19	49999622	50002946	RPS11	0.9920464801444043
chr19	19010323	19030206	COPE	0.9919900722021661
chr2	99953816	100017789	EIF5B	0.9919336642599278
chr3	40498783	40503861	RPL14	0.9918772563176895
chr19	36604612	36606248	POLR2I	0.9918208483754513
chr22	30972612	31003070	PES1	0.991764440433213
chr20	36611409	36661870	TTI1	0.9917080324909747
chr1	28832455	28865812	RCC1	0.9916516245487365
chr20	60711791	60718496	PSMA7	0.9915952166064982
chr1	151372010	151374420	PSMB4	0.9915388086642599
chr6	89319985	89673348	RNGTT	0.9914824007220217
chr12	133200348	133263951	POLE	0.9914259927797834
chrX	47050260	47074527	UBA1	0.9913695848375451
chr2	136664247	136743670	DARS	0.9913131768953068
chr16	30087299	30096698	PPP4C	0.9912567689530686
chr11	47586982	47595013	PTPMT1	0.9912003610108303
chr6	34385231	34393902	RPS10	0.991143953068592
chr7	73645829	73668774	RFC2	0.9910875451263538
chr17	8280838	8286531	RPL26	0.9910311371841155
chr9	140149625	140167998	NELFB	0.9909747292418772
chr9	140069236	140082989	ANAPC2	0.990918321299639
chr11	8703958	8736306	RPL27A	0.9908619133574007
chr5	81569177	81574396	RPS23	0.9908055054151624
chr1	26758773	26797785	DHDDS	0.9907490974729243
chr19	7684411	7694451	XAB2	0.990692689530686
chr3	127317066	127341276	MCM2	0.9906362815884477
chr2	85829979	85876403	USP39	0.9905798736462095
chr7	44605016	44614650	DDX56	0.9905234657039712
chr9	35056061	35073246	VCP	0.9904670577617329
chr5	10250033	10266524	CCT5	0.9904106498194947
chr11	62599814	62609281	WDR74	0.9903542418772564
chr5	79922047	79950802	DHFR	0.9902978339350181
chr11	65029233	65073060	POLA2	0.9902414259927799
chr11	9595228	9615004	WEE1	0.9901850180505416
chr10	70715884	70744829	DDX21	0.9901286101083033
chr1	44412611	44433694	IPO13	0.9900722021660651
chr5	180663909	180675096	GNB2L1	0.9900157942238268
chr1	220267444	220321380	IARS2	0.9899593862815885
chr19	11242196	11266484	SPC24	0.9899029783393503
chr16	23688977	23701688	PLK1	0.989846570397112
chrX	54466834	54471920	TSR2	0.9897901624548737
chr3	124449213	124464040	UMPS	0.9897337545126355
chr14	103799881	103811362	EIF5	0.9896773465703972
chr19	45853095	45874176	ERCC2	0.9896209386281589
chr19	56165512	56186081	U2AF2	0.9895645306859207
chr11	118967213	118979041	DPAGT1	0.9895081227436824
chr5	134094469	134190823	DDX46	0.9894517148014441
chr18	19192228	19210417	SNRPD1	0.9893953068592058
chr6	43477440	43497323	POLR1C	0.9893388989169676
chr1	33240840	33283754	YARS	0.9892824909747293
chr12	118451393	118470935	RFC5	0.989226083032491
chr10	135093135	135125841	TUBGCP2	0.9891696750902528
chr17	36908989	36920484	PSMB3	0.9891132671480145
chr11	62529016	62534182	POLR2G	0.9890568592057762
chr9	139270029	139293249	SNAPC4	0.989000451263538
chr21	33964389	33985176	C21orf59	0.9889440433212997
chr14	53173890	53195305	PSMC6	0.9888876353790614
chr16	75661622	75682541	KARS	0.9888312274368232
chr1	89318615	89357627	GTF2B	0.9887748194945849
chrX	53401070	53449677	SMC1A	0.9887184115523466
chr17	44668035	44834830	NSF	0.9886620036101084
chr15	55473004	55489265	RSL24D1	0.9886055956678701
chr11	47440320	47447993	PSMC3	0.9885491877256318
chr11	75110530	75133324	RPS3	0.9884927797833936
chr17	56080721	56084707	SRSF1	0.9884363718411553
chr20	33866714	33872788	EIF6	0.988379963898917
chr13	34392186	34540695	RFC3	0.9883235559566788
chr2	55459039	55462989	RPS27A	0.9882671480144405
chr16	88869621	88875666	CDT1	0.9882107400722022
chr1	203830731	203839678	SNRPE	0.988154332129964
chrX	153656978	153664862	ATP6AP1	0.9880979241877257
chr9	131581930	131592100	C9orf114	0.9880415162454874
chr19	19431490	19469563	MAU2	0.9879851083032491
chr15	45694529	45713617	SPATA5L1	0.9879287003610109
chr7	73097355	73119491	WBSCR22	0.9878722924187726
chr9	134000948	134110057	NUP214	0.9878158844765343
chr11	64883875	64885170	ZNHIT2	0.9877594765342961
chr1	212208919	212280742	DTL	0.9877030685920578
chr14	90742580	90798481	NRDE2	0.9876466606498195
chr8	144898514	144912029	PUF60	0.9875902527075813
chr9	127115745	127177723	PSMB7	0.987533844765343
chr14	23389720	23398794	PRMT5	0.9874774368231047
chr1	109234945	109244425	PRPF38B	0.9874210288808665
chr17	79848666	79858867	ANAPC11	0.9873646209386282
chr1	228327663	228336685	GUK1	0.9873082129963899
chr15	66790355	66816870	RPL4	0.9872518050541517
chr16	15016659	15045915	NPIPA1	0.9871953971119134
chr1	109756540	109780791	SARS	0.9871389891696751
chr22	41921808	41940610	POLR3H	0.9870825812274369
chrX	24072833	24096088	EIF2S3	0.9870261732851986
chr19	2236520	2248678	SF3A2	0.9869697653429603
chr3	139074442	139108574	COPB2	0.9869133574007221
chr11	62342517	62359649	TUT1	0.9868569494584838
chr1	118472343	118509165	WDR3	0.9868005415162455
chr9	130209953	130213684	RPL12	0.9867441335740073
chr11	64888100	64889945	FAU	0.986687725631769
chr11	47799639	47870107	NUP160	0.9866313176895307
chr7	56119323	56131682	CCT6A	0.9865749097472925
chr19	18942747	18979045	UPF1	0.9865185018050542
chr2	128458596	128568761	WDR33	0.9864620938628159
chr15	78570177	78592136	WDR61	0.9864056859205776
chr2	86247339	86333278	POLR1A	0.9863492779783394
chr16	69165194	69265033	CIRH1A	0.9862928700361011
chr2	217362912	217443903	RPL37A	0.9862364620938628
chr2	62095224	62115939	CCT4	0.9861800541516246
chr17	1732996	1803376	RPA1	0.9861236462093863
chr19	58897767	58906173	RPS5	0.986067238267148
chr4	7060633	7069924	GRPEL1	0.9860108303249098
chr1	224415036	224518089	NVL	0.9859544223826715
chr17	41561233	41621831	DHX8	0.9858980144404332
chr12	120634489	120639038	RPLP0	0.985841606498195
chr1	149895209	149900236	SF3B4	0.9857851985559567
chr19	1086594	1095598	POLR2E	0.9857287906137184
chr15	41809374	41836467	RPAP1	0.9856723826714802
chr16	28699879	28747051	EIF3C	0.9856159747292419
chr14	67761088	67826982	ATP6V1D	0.9855595667870036
chr4	24519064	24586173	DHX15	0.9855031588447654
chr1	193091147	193223031	CDC73	0.9854467509025271
chr17	8150936	8173809	PFAS	0.9853903429602888
chr1	236712305	236767804	HEATR1	0.9853339350180506
chr8	145618444	145634753	CPSF1	0.9852775270758123
chr7	1606966	1610641	PSMG3	0.985221119133574
chr1	1477053	1510249	SSU72	0.9851647111913358
chr17	61904512	61909379	PSMC5	0.9851083032490975
chr1	10458649	10480201	PGD	0.9850518953068592
chr17	72199721	72206794	RPL38	0.984995487364621
chr16	72042487	72058954	DHODH	0.9849390794223827
chr19	9938568	9940791	UBL5	0.9848826714801444
chr18	47014851	47018906	RPL17	0.9848262635379061
chr16	1355548	1377019	UBE2I	0.9847698555956679
chr1	149784826	149785236	HIST2H3D	0.9847134476534296
chr3	101399935	101405626	RPL24	0.9846570397111913
chr19	36103646	36116251	HAUS5	0.9846006317689531
chr14	92588281	92630755	CPSF2	0.9845442238267148
chr22	41641615	41682255	RANGAP1	0.9844878158844765
chr8	117778742	117861702	UTP23	0.9844314079422383
chr2	32853099	33046118	TTC27	0.984375
chr2	203130439	203168389	NOP58	0.9843185920577617
chr1	33065773	33116504	ZBTB8OS	0.9842621841155235
chr19	18682540	18688360	UBA52	0.9842057761732852
chr20	34291531	34330234	RBM39	0.9841493682310469
chr16	29869678	29875057	CDIPT	0.9840929602888087
chr10	70939988	70968855	SUPV3L1	0.9840365523465704
chr22	42334725	42343168	CENPM	0.9839801444043321
chr8	99037079	99058697	RPL30	0.9839237364620939
chr5	33440802	33469644	TARS	0.9838673285198556
chr9	70856397	70914929	CBWD3	0.9838109205776173
chr1	41445007	41478235	CTPS1	0.983754512635379
chr6	52128807	52149679	MCM3	0.9836981046931408
chr10	102106881	102124591	SCD	0.9836416967509025
chr22	23521891	23660224	BCR	0.9835852888086642
chr21	45527171	45551063	PWP2	0.983528880866426
chrX	122734412	122866906	THOC2	0.9834724729241877
chr11	67159176	67165881	RAD9A	0.9834160649819494
chr7	44154286	44163957	POLD2	0.9833596570397112
chr11	65818200	65836779	SF3B2	0.9833032490974729
chr5	154266976	154317769	GEMIN5	0.9832468411552346
chr16	2012053	2014861	RPS2	0.9831904332129964
chr2	96940074	96971297	SNRNP200	0.9831340252707581
chr17	8108056	8113918	AURKB	0.9830776173285198
chr1	112297867	112310638	DDX20	0.9830212093862816
chr2	223435255	223521056	FARSB	0.9829648014440433
chr19	10663761	10676713	KRI1	0.9829083935018051
chr8	128747680	128753674	MYC	0.9828519855595669
chr10	120794356	120840316	EIF3A	0.9827955776173286
chr16	70286198	70323446	AARS	0.9827391696750903
chr3	42623332	42636606	SS18L2	0.9826827617328521
chr17	73201754	73231853	NUP85	0.9826263537906138
chr17	4574679	4607632	PELP1	0.9825699458483755
chr22	35796056	35821423	MCM5	0.9825135379061373
chr2	73460548	73480149	CCT7	0.982457129963899
chr19	46190712	46195827	SNRPD2	0.9824007220216607
chr7	99006264	99017239	BUD31	0.9823443140794225
chr1	244571796	244615436	ADSS	0.9822879061371842
chr12	6961292	6975796	USP5	0.9822314981949459
chr11	3022152	3078843	CARS	0.9821750902527077
chr16	27470876	27561234	GTF3C1	0.9821186823104694
chr14	24686058	24701660	NEDD8	0.9820622743682311
chr10	12237964	12292588	CDC123	0.9820058664259929
chr4	146019084	146050331	ABCE1	0.9819494584837546
chr1	76251879	76260764	RABGGTB	0.9818930505415163
chr5	137841784	137878989	ETF1	0.981836642599278
chr13	21750784	21753223	MRP63	0.9817802346570398
chr10	62538089	62554610	CDK1	0.9817238267148015
chr1	245014468	245027844	HNRNPU	0.9816674187725632
chr1	38147242	38157914	C1orf109	0.981611010830325
chr10	79734907	79789303	POLR3A	0.9815546028880867
chr16	67880635	67906470	NUTF2	0.9814981949458484
chr16	103010	107669	SNRNP25	0.9814417870036102
chr17	78518619	78940171	RPTOR	0.9813853790613719
chr12	133302254	133338474	ANKLE2	0.9813289711191336
chr9	133589333	133763062	ABL1	0.9812725631768954
chr3	127770484	127790526	SEC61A1	0.9812161552346571
chr14	65381203	65529368	FNTB	0.9811597472924188
chr17	4699439	4701790	PSMB6	0.9811033393501806
chr6	33246885	33257304	WDR46	0.9810469314079423
chr5	43289497	43313614	HMGCS1	0.980990523465704
chr21	44513066	44527697	U2AF1	0.9809341155234658
chr19	10362577	10370721	MRPL4	0.9808777075812275
chr16	2022038	2032934	TBL3	0.9808212996389892
chr1	155278539	155290457	FDPS	0.980764891696751
chr19	59062933	59066491	CHMP2A	0.9807084837545127
chr19	50179043	50192286	PRMT1	0.9806520758122744
chr12	6643093	6647537	GAPDH	0.9805956678700362
chr12	32880424	32908836	YARS2	0.9805392599277979
chr7	105888731	105926772	NAMPT	0.9804828519855596
chr12	112464500	112546826	NAA25	0.9804264440433214
chr12	108956358	108963160	ISCU	0.9803700361010831
chr20	34255977	34287281	NFS1	0.9803136281588448
chr19	59067079	59070327	UBE2M	0.9802572202166066
chr17	5344232	5372380	DHX33	0.9802008122743683
chr17	4634723	4636905	MED11	0.98014440433213
chr16	23652713	23681195	DCTN5	0.9800879963898917
chr7	99690351	99699563	MCM7	0.9800315884476535
chr11	14515329	14665181	PSMA1	0.9799751805054152
chr9	86582998	86595569	HNRNPK	0.9799187725631769
chr22	40742507	40786467	ADSL	0.9798623646209387
chr1	20978270	20988000	DDOST	0.9798059566787004
chr11	118886422	118889401	RPS25	0.9797495487364621
chr1	220141943	220220000	EPRS	0.9796931407942239
chr2	113403434	113421404	SLC20A1	0.9796367328519856
chr9	131707809	131709898	DOLK	0.9795803249097473
chr10	99185917	99193198	PGAM1	0.9795239169675091
chr19	39926796	39967310	SUPT5H	0.9794675090252708
chr11	61891445	61920635	INCENP	0.9794111010830325
chr20	47835884	47860614	DDX27	0.9793546931407943
chr4	109541722	109551568	RPL34	0.979298285198556
chrX	153991031	154005964	DKC1	0.9792418772563177
chr16	30064411	30081778	ALDOA	0.9791854693140795
chr2	219128850	219134980	AAMP	0.9791290613718412
chr7	98475556	98610866	TRRAP	0.9790726534296029
chr10	27443753	27475853	MASTL	0.9790162454873647
chr19	40476912	40487348	PSMC4	0.9789598375451264
chr16	56463045	56486111	NUDT21	0.9789034296028881
chr6	33257079	33266178	PFDN6	0.9788470216606499
chr7	25159710	25164980	CYCS	0.9787906137184116
chr7	102984701	103009842	PSMC2	0.9787342057761733
chr19	50410082	50433020	NUP62	0.978677797833935
chr4	69176105	69215807	YTHDC1	0.9786213898916968
chr6	33239787	33244287	RPS18	0.9785649819494585
chr1	156219015	156252620	SMG5	0.9785085740072202
chr2	45615819	45839304	SRBD1	0.978452166064982
chr19	39923847	39926588	RPS16	0.9783957581227437
chr17	45195069	45266788	CDC27	0.9783393501805054
chr9	130547958	130553066	CDK9	0.9782829422382672
chr14	23938897	23979071	NGDN	0.9782265342960289
chr11	118992297	119006752	HINFP	0.9781701263537906
chr16	1543345	1560458	TELO2	0.9781137184115524
chr19	16628700	16653341	CHERP	0.9780573104693141
chr11	66384053	66394818	RBM14	0.9780009025270758
chr3	101367733	101396339	ZBTB11	0.9779444945848376
chr6	160199530	160210781	TCP1	0.9778880866425993
chr2	85766288	85772403	MAT2A	0.977831678700361
chr1	145289772	145370303	NBPF10	0.9777752707581228
chr1	879584	894689	NOC2L	0.9777188628158845
chr17	2496504	2588909	PAFAH1B1	0.9776624548736462
chr2	99215773	99224978	COA5	0.977606046931408
chr20	32676104	32700138	EIF2S2	0.9775496389891697
chr16	22308730	22346424	POLR3E	0.9774932310469314
chr7	128502880	128505898	ATP6V1F	0.9774368231046932
chr1	17345217	17380665	SDHB	0.9773804151624549
chr3	179280668	179306196	ACTL6A	0.9773240072202166
chr6	144416018	144416754	SF3B5	0.9772675992779783
chr2	118572226	118589955	DDX18	0.9772111913357401
chr1	38268616	38273857	YRDC	0.9771547833935018
chr19	42572629	42585701	ZNF574	0.9770983754512635
chr2	97001525	97039583	NCAPH	0.9770419675090253
chr11	65590493	65629497	CFL1	0.976985559566787
chr19	47990894	48018497	NAPA	0.9769291516245487
chr20	47662849	47713489	CSE1L	0.9768727436823105
chr22	38348614	38437922	POLR2F	0.9768163357400722
chr17	40925454	40931617	VPS25	0.9767599277978339
chr2	27440258	27466811	CAD	0.9767035198555957
chr2	198570087	198573113	MARS2	0.9766471119133574
chr21	34931848	34961014	DONSON	0.9765907039711191
chr8	37700786	37707422	BRF2	0.9765342960288809
chr5	167913450	167946304	RARS	0.9764778880866426
chr11	14464986	14521573	COPB1	0.9764214801444043
chr2	216176540	216214487	ATIC	0.9763650722021661
chr8	33342268	33358778	MAK16	0.9763086642599278
chr16	68318406	68344849	SLC7A6OS	0.9762522563176895
chr14	58711549	58738730	PSMA3	0.9761958483754513
chr9	69204538	69269662	CBWD6	0.976139440433213
chr15	40986972	41024354	RAD51	0.9760830324909747
chr11	64781585	64789656	ARL2	0.9760266245487365
chr9	101978708	101984238	ALG2	0.9759702166064982
chr10	75006510	75012451	MRPS16	0.9759138086642599
chr22	42017123	42060044	XRCC6	0.9758574007220217
chr2	9563697	9613230	CPSF3	0.9758009927797834
chr11	57480072	57508445	TMX2	0.9757445848375451
chr16	68877507	69119083	TANGO6	0.9756881768953068
chr5	137523339	137549032	CDC23	0.9756317689530686
chr9	33461439	33473928	NOL6	0.9755753610108303
chr6	10694928	10710015	PAK1IP1	0.975518953068592
chr12	101673887	101780394	UTP20	0.9754625451263538
chr6	36562145	36573377	SRSF3	0.9754061371841155
chrX	24712036	25015103	POLA1	0.9753497292418772
chr5	176730775	176733960	PRELID1	0.975293321299639
chr11	116648436	116658766	ZNF259	0.9752369133574007
chr1	156691683	156698591	ISG20L2	0.9751805054151624
chr3	63996225	64009658	PSMD6	0.9751240974729242
chr15	41271078	41408552	INO80	0.975067689530686
chr1	35641979	35658749	SFPQ	0.9750112815884477
chr15	34376218	34394149	EMC7	0.9749548736462095
chr12	56810903	56843187	TIMELESS	0.9748984657039712
chr11	69467844	69490184	ORAOV1	0.9748420577617329
chr20	54944445	54967393	AURKA	0.9747856498194947
chr8	28625178	28747759	INTS9	0.9747292418772564
chr17	47481414	47492246	PHB	0.9746728339350181
chr1	38422647	38456593	SF3A3	0.9746164259927799
chr11	65764016	65769647	EIF1AD	0.9745600180505416
chr1	229577045	229644103	NUP133	0.9745036101083033
chr9	127620159	127624260	RPL35	0.9744472021660651
chr5	140044261	140053709	WDR55	0.9743907942238268
chr1	229761981	229795946	URB2	0.9743343862815885
chr15	41060067	41099675	DNAJC17	0.9742779783393503
chr10	1034338	1065876	GTPBP4	0.974221570397112
chr13	27998681	28009958	GTF3A	0.9741651624548737
chr19	39405906	39440495	SARS2	0.9741087545126355
chr9	139305110	139318213	PMPCA	0.9740523465703972
chr17	41150290	41154976	RPL27	0.9739959386281589
chr1	32687529	32697205	EIF3I	0.9739395306859207
chr17	48796905	48833574	LUC7L3	0.9738831227436824
chr9	116037623	116055185	PRPF4	0.9738267148014441
chr14	75469614	75476292	EIF2B2	0.9737703068592058
chr15	66782473	66790151	SNAPC5	0.9737138989169676
chr17	76210267	76221717	BIRC5	0.9736574909747293
chr6	41888926	41900784	BYSL	0.973601083032491
chr19	49588676	49611862	SNRNP70	0.9735446750902528
chr7	42948872	42971773	PSMA2	0.9734882671480145
chr12	124104953	124118313	EIF2B1	0.9734318592057762
chr3	63819546	63849579	THOC7	0.973375451263538
chr3	69103881	69129559	UBA3	0.9733190433212997
chr2	128603840	128615731	POLR2D	0.9732626353790614
chr19	18553473	18632937	ELL	0.9732062274368232
chr14	100800125	100843142	WARS	0.9731498194945849
chr22	29138019	29153503	HSCB	0.9730934115523466
chr19	1241749	1244824	ATP5D	0.9730370036101084
chr14	23033805	23058175	DAD1	0.9729805956678701
chr8	118532952	118552501	MED30	0.9729241877256318
chr22	21987005	21991616	CCDC116	0.9728677797833936
chr5	218356	256815	SDHA	0.9728113718411553
chr12	12966250	12982915	DDX47	0.972754963898917
chrX	153213004	153237258	HCFC1	0.9726985559566788
chr1	6581407	6614595	NOL9	0.9726421480144405
chr17	78965398	78983317	CHMP6	0.9725857400722022
chr16	4475806	4506776	DNAJA3	0.972529332129964
chr22	41347351	41369313	RBX1	0.9724729241877257
chr22	26887191	26908471	TFIP11	0.9724165162454874
chr1	111982512	111991998	WDR77	0.9723601083032491
chr7	100472733	100486285	SRRT	0.9723037003610109
chr16	74330673	74340186	PSMD7	0.9722472924187726
chr17	73663196	73704142	SAP30BP	0.9721908844765343
chr17	79523913	79615495	NPLOC4	0.9721344765342961
chr14	21819631	21852425	SUPT16H	0.9720780685920578
chr5	140078265	140086248	ZMAT2	0.9720216606498195
chr16	58328984	58440048	GINS3	0.9719652527075813
chr16	69389464	69442474	TERF2	0.971908844765343
chr7	19735085	19748710	TWISTNB	0.9718524368231047
chr8	56979854	56987069	RPS20	0.9717960288808665
chr17	4442192	4458926	MYBBP1A	0.9717396209386282
chr3	45016733	45077558	EXOSC7	0.9716832129963899
chr10	11962021	12085169	UPF2	0.9716268050541517
chr3	184016497	184026842	PSMD2	0.9715703971119134
chr2	203739505	203879521	WDR12	0.9715139891696751
chr11	34127149	34169217	NAT10	0.9714575812274369
chr14	73525144	73588122	RBM25	0.9714011732851986
chr8	74202506	74208024	RPL7	0.9713447653429603
chr1	156182784	156212874	PMF1	0.9712883574007221
chr19	4247076	4269087	CCDC94	0.9712319494584838
chr4	57259528	57301781	PPAT	0.9711755415162455
chr9	140445651	140447007	MRPL41	0.9711191335740073
chr20	55926066	55954267	RAE1	0.971062725631769
chr6	35436185	35438562	RPL10A	0.9710063176895307
chr11	65479467	65487075	KAT5	0.9709499097472925
chr11	65769550	65771620	BANF1	0.9708935018050542
chr7	100303676	100305118	POP7	0.9708370938628159
chr16	67471917	67515140	ATP6V0D1	0.9707806859205776
chr10	101471601	101491857	COX15	0.9707242779783394
chr3	183852826	184402546	EIF2B5	0.9706678700361011
chr4	39289076	39367995	RFC1	0.9706114620938628
chr11	61066923	61110068	DDB1	0.9705550541516246
chr12	6666029	6677857	NOP2	0.9704986462093863
chr16	46723555	46732306	ORC6	0.970442238267148
chr3	128338817	128399918	RPN1	0.9703858303249098
chr18	12328943	12377313	AFG3L2	0.9703294223826715
chr11	65729160	65747299	SART1	0.9702730144404332
chr9	106856541	106903698	SMC2	0.970216606498195
chr16	779753	791329	NARFL	0.9701601985559567
chrX	64732462	64754655	LAS1L	0.9701037906137184
chr1	36067185	36107445	PSMB2	0.9700473826714802
chrX	77320685	77384793	PGK1	0.9699909747292419
chr5	141000443	141016437	HDAC3	0.9699345667870036
chr2	190306159	190340291	WDR75	0.9698781588447654
chr8	117858174	117887105	RAD21	0.9698217509025271
chr15	91509270	91538859	PRC1	0.9697653429602888
chr17	80008567	80015346	GPS1	0.9697089350180506
chr14	65472892	65569413	MAX	0.9696525270758123
chr2	37428755	37458856	CEBPZ	0.969596119133574
chr12	132628993	132637013	NOC4L	0.9695397111913358
chr16	56764017	56878797	NUP93	0.9694833032490975
chr5	175810949	175815976	NOP16	0.9694268953068592
chr17	38137050	38154213	PSMD3	0.969370487364621
chr9	140100147	140111461	NDOR1	0.9693140794223827
chr11	62414320	62420774	INTS5	0.9692576714801444
chr17	2308856	2415185	METTL16	0.9692012635379061
chr2	128014866	128051752	ERCC3	0.9691448555956679
chr22	20067755	20099400	DGCR8	0.9690884476534296
chr2	27548716	27579868	GTF3C2	0.9690320397111913
chr6	44355262	44418163	CDC5L	0.9689756317689531
chr1	1246965	1260071	CPSF3L	0.9689192238267148
chr20	55043647	55093943	RTFDC1	0.9688628158844765
chr5	150070356	150080669	RBM22	0.9688064079422383
chr19	41892279	41903384	EXOSC5	0.96875
chr9	4792869	4885917	RCL1	0.9686935920577617
chr17	40761694	40767252	TUBG1	0.9686371841155235
chr7	100026413	100031741	MEPCE	0.9685807761732852
chr13	37572953	37583750	EXOSC8	0.9685243682310469
chr19	47616531	47713886	SAE1	0.9684679602888087
chr20	30327074	30389608	TPX2	0.9684115523465704
chr1	226170403	226187032	SDE2	0.9683551444043321
chr15	48623208	48635570	DUT	0.9682987364620939
chr22	41865129	41924993	ACO2	0.9682423285198556
chr12	57125380	57146157	PRIM1	0.9681859205776173
chr12	121016567	121019201	POP5	0.968129512635379
chr19	4402659	4445015	CHAF1A	0.9680731046931408
chr20	32868074	32899608	AHCY	0.9680166967509025
chr11	59341871	59383617	OSBP	0.9679602888086642
chr11	118914900	118927913	HYOU1	0.967903880866426
chr2	38970741	38978636	SRSF7	0.9678474729241877
chr16	69775770	69788843	NOB1	0.9677910649819494
chr17	12895708	12921504	ELAC2	0.9677346570397112
chr16	10837643	10863208	NUBP1	0.9676782490974729
chr17	7833663	7835441	TRAPPC1	0.9676218411552346
chr12	110928902	110939922	VPS29	0.9675654332129964
chr13	45911008	45915505	TPT1	0.9675090252707581
chr20	60758085	60778624	MTG2	0.9674526173285198
chr5	110427414	110466200	WDR36	0.9673962093862816
chr22	41487790	41576081	EP300	0.9673398014440433
chr15	29560353	29562033	NDNL2	0.967283393501805
chr12	6602522	6641121	NCAPD2	0.9672269855595669
chr2	70508494	70520903	SNRPG	0.9671705776173286
chrX	40440146	40465889	ATP6AP2	0.9671141696750903
chr12	114254543	114404176	RBM19	0.9670577617328521
chr21	30428126	30446118	CCT8	0.9670013537906138
chr1	210001352	210030910	DIEXF	0.9669449458483755
chr1	8921061	8939308	ENO1	0.9668885379061373
chr15	90118713	90174287	TICRR	0.966832129963899
chr16	69373333	69377014	NIP7	0.9667757220216607
chr17	7210318	7215774	EIF5A	0.9667193140794225
chr11	108535752	108811657	DDX10	0.9666629061371842
chr17	73106047	73126360	ARMC7	0.9666064981949459
chr1	145592605	145611025	POLR3C	0.9665500902527077
chr20	39657458	39753127	TOP1	0.9664936823104694
chrX	119059014	119077735	NKAP	0.9664372743682311
chr5	36876861	37066515	NIPBL	0.9663808664259929
chr5	86687311	86708836	CCNH	0.9663244584837546
chr5	179041179	179061785	HNRNPH1	0.9662680505415163
chr17	34580902	34757050	TBC1D3C	0.966211642599278
chr2	131099798	131105383	IMP4	0.9661552346570398
chr3	142168077	142297668	ATR	0.9660988267148015
chr19	52693292	52730687	PPP2R1A	0.9660424187725632
chr6	41873092	41888877	MED20	0.965986010830325
chr1	91966408	91991321	CDC7	0.9659296028880867
chr10	51592080	51623365	TIMM23	0.9658731949458484
chr19	47341393	47354249	AP2S1	0.9658167870036102
chr16	85832239	85840650	COX4I1	0.9657603790613719
chr1	52838501	52870131	ORC1	0.9657039711191336
chr10	7792925	7829990	KIN	0.9656475631768954
chr9	137000487	137025093	WDR5	0.9655911552346571
chr17	30187923	30228784	UTP6	0.9655347472924188
chr11	57295936	57298276	TIMM10	0.9654783393501806
chr18	43664110	43684300	ATP5A1	0.9654219314079423
chr6	132029581	132032206	CTAGE9	0.965365523465704
chr21	34914924	34949812	SON	0.9653091155234658
chr9	130556876	130576606	FPGS	0.9652527075812275
chr5	68530668	68573250	CDK7	0.9651962996389892
chr14	20914570	20923264	OSGEP	0.965139891696751
chr20	45313004	45318418	TP53RK	0.9650834837545127
chr12	123942188	123957701	SNRNP35	0.9650270758122744
chr22	24129150	24176703	SMARCB1	0.9649706678700362
chr2	28974506	29025806	PPP1CB	0.9649142599277979
chr15	75315896	75409803	PPCDC	0.9648578519855596
chr13	113831891	113863029	PCID2	0.9648014440433214
chr5	16451628	16465901	ZNF622	0.9647450361010831
chr1	11166592	11322564	MTOR	0.9646886281588448
chr10	6130950	6159420	RBM17	0.9646322202166066
chr19	36605191	36616849	TBCB	0.9645758122743683
chr19	10244021	10341962	DNMT1	0.96451940433213
chr3	119373360	119396301	COX17	0.9644629963898917
chr17	7476024	7482323	EIF4A1	0.9644065884476535
chr19	50364461	50371166	PNKP	0.9643501805054152
chr4	76862103	76912115	SDAD1	0.9642937725631769
chr10	102729215	102747272	MRPL43	0.9642373646209387
chr19	2321516	2328619	LSM7	0.9641809566787004
chr1	104068313	104097861	RNPC3	0.9641245487364621
chr2	198351305	198381461	HSPD1	0.9640681407942239
chr3	49061758	49066841	IMPDH2	0.9640117328519856
chr17	73894724	73905899	MRPL38	0.9639553249097473
chr14	21677295	21737653	HNRNPC	0.9638989169675091
chr20	54967427	54979518	CSTF1	0.9638425090252708
chr11	82868030	82898493	PCF11	0.9637861010830325
chrX	135930163	135962923	RBMX	0.9637296931407943
chr5	68856035	68890550	GTF2H2C	0.963673285198556
chr6	31633013	31638120	CSNK2B	0.9636168772563177
chr12	50370706	50426919	RACGAP1	0.9635604693140795
chr22	32783569	32808242	RTCB	0.9635040613718412
chr15	44096690	44117000	MFAP1	0.9634476534296029
chr8	33330904	33371119	TTI2	0.9633912454873647
chr6	117996665	118031803	NUS1	0.9633348375451264
chr2	96931870	96939087	CIAO1	0.9632784296028881
chr17	36337711	36358166	TBC1D3	0.9632220216606499
chr16	18816175	18937776	SMG1	0.9631656137184116
chr4	54243810	55161439	FIP1L1	0.9631092057761733
chr3	47844399	47891685	DHX30	0.963052797833935
chr14	90722839	90738968	PSMC1	0.9629963898916968
chr6	135502453	135540311	MYB	0.9629399819494585
chr16	3018025	3030540	PKMYT1	0.9628835740072202
chr22	19770747	19842462	GNB1L	0.962827166064982
chr22	19437433	19466738	UFD1L	0.9627707581227437
chr14	75348594	75370448	DLST	0.9627143501805054
chr6	30875961	30881883	GTF2H4	0.9626579422382672
chr22	39077953	39080818	TOMM22	0.9626015342960289
chr19	983174	994569	WDR18	0.9625451263537906
chr1	27226729	27273353	NUDC	0.9624887184115524
chr6	88224096	88299721	RARS2	0.9624323104693141
chr8	37962760	38001594	ASH2L	0.9623759025270758
chr6	41040684	41067715	NFYA	0.9623194945848376
chr7	1509913	1545489	INTS1	0.9622630866425993
chr2	101618177	101640494	RPL31	0.962206678700361
chr14	23790498	23795394	PABPN1	0.9621502707581228
chr17	37560538	37607539	MED1	0.9620938628158845
chr3	186507669	186524847	RFC4	0.9620374548736462
chr5	140071011	140078889	HARS2	0.961981046931408
chr17	79845713	79849462	ALYREF	0.9619246389891697
chr16	28853732	28857729	TUFM	0.9618682310469314
chr18	43684298	43708299	HAUS1	0.9618118231046932
chr9	139253932	139258241	DNLZ	0.9617554151624549
chr1	150459887	150480078	TARS2	0.9616990072202166
chr16	23533335	23569052	EARS2	0.9616425992779783
chr22	30126945	30163000	ZMAT5	0.9615861913357401
chr17	4848947	4852356	PFN1	0.9615297833935018
chr8	67341263	67342966	RRS1	0.9614733754512635
chr11	68658744	68671303	MRPL21	0.9614169675090253
chr2	216972187	217071026	XRCC5	0.961360559566787
chr11	118443105	118473748	ARCN1	0.9613041516245487
chr5	34915481	34926101	BRIX1	0.9612477436823105
chrX	74273115	74376567	ABCB7	0.9611913357400722
chr17	36283971	36294915	TBC1D3F	0.9611349277978339
chr6	5261277	5771813	FARS2	0.9610785198555957
chr12	123868320	123893905	SETD8	0.9610221119133574
chr16	66965959	66968326	FAM96B	0.9609657039711191
chr19	48949030	48960279	GRWD1	0.9609092960288809
chr12	132621139	132628880	DDX51	0.9608528880866426
chr1	212899495	212965124	NSL1	0.9607964801444043
chrX	119004497	119005791	RNF113A	0.9607400722021661
chr1	109941653	109969062	PSMA5	0.9606836642599278
chr9	131266979	131304567	GLE1	0.9606272563176895
chr19	11071598	11176071	SMARCA4	0.9605708483754513
chr6	30539153	30564956	ABCF1	0.960514440433213
chr19	54693789	54697585	TSEN34	0.9604580324909747
chr12	108916357	108955176	SART3	0.9604016245487365
chr3	53901093	53916229	ACTR8	0.9603452166064982
chr17	33455772	33469334	NLE1	0.9602888086642599
chr1	151732119	151736040	MRPL9	0.9602324007220217
chr2	231921578	232037541	PSMD1	0.9601759927797834
chr19	39327028	39342987	HNRNPL	0.9601195848375451
chr11	77225981	77348850	CLNS1A	0.9600631768953068
chr19	30094924	30108144	POP4	0.9600067689530686
chr20	2442280	2451499	SNRPB	0.9599503610108303
chr8	48872745	48890720	MCM4	0.959893953068592
chr2	26987157	27023935	CENPA	0.9598375451263538
chr21	34876238	34915797	GART	0.9597811371841155
chr4	57301907	57327534	PAICS	0.9597247292418772
chr5	61683081	61699766	DIMT1	0.959668321299639
chr12	54694986	54745633	COPZ1	0.9596119133574007
chr16	31127075	31142714	KAT8	0.9595555054151624
chr17	38443885	38459171	CDC6	0.9594990974729242
chr2	38522022	38604427	ATL2	0.9594426895306859
chr16	2034208	2037750	GFER	0.9593862815884477
chr14	64854749	64926722	MTHFD1	0.9593298736462095
chr11	118868852	118886501	CCDC84	0.9592734657039712
chr17	16284112	16286059	UBB	0.9592170577617329
chr10	30598730	30663377	MTPAP	0.9591606498194947
chr3	112721287	112738708	C3orf17	0.9591042418772564
chr6	42847356	42857663	RPL7L1	0.9590478339350181
chr9	136205160	136214986	MED22	0.9589914259927799
chr4	10075963	10118573	WDR1	0.9589350180505416
chr6	33218049	33239824	VPS52	0.9588786101083033
chr2	71357444	71377231	MPHOSPH10	0.9588222021660651
chr1	116915290	116952883	ATP1A1	0.9587657942238268
chr2	27587219	27593353	EIF2B4	0.9587093862815885
chr2	68350068	68384692	WDR92	0.9586529783393503
chr16	15153879	15188174	RRN3	0.958596570397112
chr5	52083774	52099880	PELO	0.9585401624548737
chr19	47567444	47617009	ZC3H4	0.9584837545126355
chrX	53458206	53461320	HSD17B10	0.9584273465703972
chr2	74699085	74700449	MRPL53	0.9583709386281589
chr7	99704693	99717464	TAF6	0.9583145306859207
chr1	113454469	113499635	SLC16A1	0.9582581227436824
chr20	25388363	25433264	GINS1	0.9582017148014441
chr20	60962172	60963576	RPS21	0.9581453068592058
chr12	124118375	124147153	GTF2H3	0.9580888989169676
chr12	75890684	75905416	KRR1	0.9580324909747293
chr16	23592323	23607677	NDUFAB1	0.957976083032491
chr5	71515236	71616473	MRPS27	0.9579196750902528
chr15	89002707	89010650	MRPL46	0.9578632671480145
chr16	1821891	1823156	MRPS34	0.9578068592057762
chr10	88195013	88281572	WAPAL	0.957750451263538
chr5	145492601	145562223	LARS	0.9576940433212997
chr10	7860467	8058590	TAF3	0.9576376353790614
chr7	129251555	129396922	NRF1	0.9575812274368232
chr3	184079506	184086384	POLR2H	0.9575248194945849
chr7	128594948	128695198	TNPO3	0.9574684115523466
chr17	80709940	80900724	TBCD	0.9574120036101084
chr10	105127724	105148822	TAF5	0.9573555956678701
chr5	175344876	175461683	THOC3	0.9572991877256318
chr17	40713485	40718295	COASY	0.9572427797833936
chr8	145149930	145152428	CYC1	0.9571863718411553
chr1	174979925	174992561	MRPS14	0.957129963898917
chr2	1792885	2335032	MYT1L	0.9570735559566788
chr17	73512141	73520820	TSEN54	0.9570171480144405
chr17	13972813	14111994	COX10	0.9569607400722022
chrX	100353178	100418670	CENPI	0.956904332129964
chr6	144164481	144184949	LTV1	0.9568479241877257
chr19	40325098	40337054	FBL	0.9567915162454874
chr11	62559595	62573774	NXF1	0.9567351083032491
chr7	2393721	2420380	EIF3B	0.9566787003610109
chr2	69546905	69614382	GFPT1	0.9566222924187726
chr14	103995521	104003410	TRMT61A	0.9565658844765343
chr2	27353624	27357543	PREB	0.9565094765342961
chr1	24958207	24999758	SRRM1	0.9564530685920578
chr12	27175479	27219276	MED21	0.9563966606498195
chr10	99116115	99161127	RRP12	0.9563402527075813
chr19	13064972	13068050	GADD45GIP1	0.956283844765343
chr16	84211458	84220669	TAF1C	0.9562274368231047
chr11	59573608	59578345	MRPL16	0.9561710288808665
chr5	157170703	157187717	LSM11	0.9561146209386282
chr3	155588325	155661815	GMPS	0.9560582129963899
chr11	6702013	6704632	MRPL17	0.9560018050541517
chr11	64889252	64902004	SYVN1	0.9559453971119134
chr10	81272357	81276188	EIF5AL1	0.9558889891696751
chr3	172468472	172539264	ECT2	0.9558325812274369
chr17	30771279	30810336	PSMD11	0.9557761732851986
chr3	45730548	45786916	SACM1L	0.9557197653429603
chr8	41386725	41402565	GINS4	0.9556633574007221
chr2	110550335	110615272	RGPD5	0.9556069494584838
chr3	184032283	184053146	EIF4G1	0.9555505415162455
chr10	92631473	92668312	RPP30	0.9554941335740073
chr2	27851114	27874375	GPN1	0.955437725631769
chr14	50043390	50065408	RPS29	0.9553813176895307
chr2	10710892	10830101	NOL10	0.9553249097472925
chr19	617223	633597	POLRMT	0.9552685018050542
chr8	27947190	28048673	ELP3	0.9552120938628159
chr8	99129525	99172062	POP1	0.9551556859205776
chr4	25378835	25420120	ANAPC4	0.9550992779783394
chr1	163236366	163325554	NUF2	0.9550428700361011
chr5	74062817	74072737	NSA2	0.9549864620938628
chr14	100842755	100996640	WDR25	0.9549300541516246
chr1	38000050	38019903	SNIP1	0.9548736462093863
chr19	1609291	1652604	TCF3	0.954817238267148
chr1	53692564	53704282	MAGOH	0.9547608303249098
chr17	26989109	27029697	SUPT6H	0.9547044223826715
chr5	171288553	171433877	FBXW11	0.9546480144404332
chr16	24549014	24584184	RBBP6	0.954591606498195
chr11	93517393	93547861	MED17	0.9545351985559567
chr7	99014362	99063787	PTCD1	0.9544787906137184
chr13	73329540	73356234	DIS3	0.9544223826714802
chr1	45477819	45481247	UROD	0.9543659747292419
chr16	11961985	12009939	GSPT1	0.9543095667870036
chr9	34613548	34620515	DCTN3	0.9542531588447654
chr7	102937869	102969958	PMPCB	0.9541967509025271
chr1	151227179	151239955	PSMD4	0.9541403429602888
chr5	112196919	112205485	SRP19	0.9540839350180506
chr5	54603588	54721409	SKIV2L2	0.9540275270758123
chr11	809647	812880	RPLP2	0.953971119133574
chr16	67876213	67878097	THAP11	0.9539147111913358
chr13	21714653	21723221	SAP18	0.9538583032490975
chr15	22833395	22873892	TUBGCP5	0.9538018953068592
chr14	69846848	69865344	ERH	0.953745487364621
chr19	3490819	3500938	DOHH	0.9536890794223827
chr15	74362198	74374891	GOLGA6A	0.9536326714801444
chr17	2225797	2240801	TSR1	0.9535762635379061
chr22	19117792	19132197	DGCR14	0.9535198555956679
chrX	70338406	70362303	MED12	0.9534634476534296
chr16	72127461	72146811	DHX38	0.9534070397111913
chr11	77589766	77705724	INTS4	0.9533506317689531
chr19	54960065	54973217	LENG8	0.9532942238267148
chrX	47511197	47518560	UXT	0.9532378158844765
chr8	67955314	67996018	COPS5	0.9531814079422383
chr17	57784553	57919616	VMP1	0.953125
chr8	132916335	133025889	EFR3A	0.9530685920577617
chr1	1337288	1342693	MRPL20	0.9530121841155235
chr17	57697219	57773671	CLTC	0.9529557761732852
chr3	47455203	47518616	SCAP	0.9528993682310469
chr19	50145382	50161899	SCAF1	0.9528429602888087
chr2	198254508	198299815	SF3B1	0.9527865523465704
chr2	70314585	70316332	PCBP1	0.9527301444043321
chr7	148395006	148498128	CUL1	0.9526737364620939
chr17	36452989	36479101	MRPL45	0.9526173285198556
chr9	121041	188979	CBWD1	0.9525609205776173
chr5	177576461	177580968	NHP2	0.952504512635379
chr16	21963981	21994981	UQCRC2	0.9524481046931408
chr22	21903736	21978323	UBE2L3	0.9523916967509025
chr15	50569389	50647605	GABPB1	0.9523352888086642
chr5	176938578	176944470	DDX41	0.952278880866426
chr11	118889142	118896164	TRAPPC4	0.9522224729241877
chr3	113435307	113465147	NAA50	0.9521660649819494
chr15	75661720	75748183	SIN3A	0.9521096570397112
chr5	159436120	159492550	TTC1	0.9520532490974729
chrX	153639854	153650065	TAZ	0.9519968411552346
chr17	17150141	17184607	COPS3	0.9519404332129964
chr19	10501810	10530797	CDC37	0.9518840252707581
chr19	7991603	8008805	TIMM44	0.9518276173285198
chr12	110011060	110035067	MVK	0.9517712093862816
chr12	93799449	93836038	UBE2N	0.9517148014440433
chr19	17160539	17186435	HAUS8	0.951658393501805
chr19	10764937	10803093	ILF3	0.9516019855595668
chr1	182808504	182856886	DHX9	0.9515455776173286
chr3	47537130	47555251	ELP6	0.9514891696750903
chr3	58291974	58310422	RPP14	0.9514327617328521
chr8	109213445	109447562	EIF3E	0.9513763537906138
chr2	32092878	32264881	DPY30	0.9513199458483755
chr12	6679249	6716642	CHD4	0.9512635379061373
chr21	26957968	26979829	MRPL39	0.951207129963899
chr17	73232694	73258444	GGA3	0.9511507220216607
chr11	64570982	64578766	MEN1	0.9510943140794225
chr22	32014477	32058418	PISD	0.9510379061371842
chr7	44418720	44530479	NUDCD3	0.9509814981949459
chr7	39605975	39649919	YAE1D1	0.9509250902527077
chr7	43906157	43909492	MRPS24	0.9508686823104694
chr14	61438169	61448076	TRMT5	0.9508122743682311
chr1	155657751	155708801	DAP3	0.9507558664259929
chr22	18074902	18111584	ATP6V1E1	0.9506994584837546
chr15	101821715	101835487	SNRPA1	0.9506430505415163
chr1	149754245	149783928	HIST2H2BF	0.950586642599278
chr4	140222609	140341187	NAA15	0.9505302346570398
chr14	75230069	75322244	YLPM1	0.9504738267148015
chr1	205055270	205091143	RBBP5	0.9504174187725632
chr22	36677327	36784063	MYH9	0.950361010830325
chr3	48488114	48507115	ATRIP	0.9503046028880867
chr7	135242667	135333505	NUP205	0.9502481949458484
chr17	65334032	65362743	PSMD12	0.9501917870036102
chr3	72798428	72911065	SHQ1	0.9501353790613719
chr5	37379314	37753537	WDR70	0.9500789711191336
chr6	150045451	150070801	NUP43	0.9500225631768954
chr15	41186628	41196173	VPS18	0.9499661552346571
chr2	114195268	114253766	CBWD2	0.9499097472924188
chr7	99686577	99689823	COPS6	0.9498533393501806
chr1	225965531	225978168	SRP9	0.9497969314079423
chr6	90352218	90529442	MDN1	0.949740523465704
chrX	69353299	69386174	IGBP1	0.9496841155234658
chr20	57608200	57617964	SLMO2	0.9496277075812275
chr15	78832747	78841604	PSMA4	0.9495712996389892
chr9	88879461	88897676	ISCA1	0.949514891696751
chr15	72491370	72524164	PKM	0.9494584837545127
chr1	38158090	38175391	CDCA8	0.9494020758122744
chr1	19665267	19812066	CAPZB	0.9493456678700362
chr11	125495036	125546150	CHEK1	0.9492892599277979
chr6	88299839	88377169	ORC3	0.9492328519855596
chr11	43577986	43878167	HSD17B12	0.9491764440433214
chr13	31032884	31191734	HMGB1	0.9491200361010831
chr17	34493061	34503996	TBC1D3B	0.9490636281588448
chr6	107077453	107116292	QRSL1	0.9490072202166066
chr14	23485752	23504439	PSMB5	0.9489508122743683
chr14	58666798	58701750	ACTR10	0.94889440433213
chr12	121746048	121837699	ANAPC5	0.9488379963898917
chr1	110527308	110566357	AHCYL1	0.9487815884476535
chr3	14219858	14242619	LSM3	0.9487251805054152
chr11	33098734	33183917	CSTF3	0.9486687725631769
chr9	133569108	133580248	EXOSC2	0.9486123646209387
chr19	17403418	17417652	MRPL34	0.9485559566787004
chr6	34725183	34741571	SNRPC	0.9484995487364621
chr6	26597180	26600278	ABT1	0.9484431407942239
chr1	42921788	42939056	PPCS	0.9483867328519856
chr19	48618702	48673860	LIG1	0.9483303249097473
chr20	32399110	32442172	CHMP4B	0.9482739169675091
chr1	36185819	36235568	CLSPN	0.9482175090252708
chr1	153634512	153643524	ILF2	0.9481611010830325
chr16	2802330	2822539	SRRM2	0.9481046931407943
chr17	79163393	79196799	AZI1	0.948048285198556
chr5	64859063	64883376	PPWD1	0.9479918772563177
chr10	121588972	121652068	MCMBP	0.9479354693140795
chr5	72861268	72877794	UTP15	0.9478790613718412
chr21	35445524	35515334	MRPS6	0.9478226534296029
chr2	95752952	95815179	MRPS5	0.9477662454873647
chr1	6241329	6269449	RPL22	0.9477098375451264
chr11	67820326	67888911	CHKA	0.9476534296028881
chr1	43849588	43855479	MED8	0.9475970216606499
chr7	30634297	30673649	GARS	0.9475406137184116
chr15	43015757	43029324	CDAN1	0.9474842057761733
chr19	18417040	18434084	LSM4	0.947427797833935
chr14	102808956	102829253	CINP	0.9473713898916968
chr5	159828648	159848718	SLU7	0.9473149819494585
chr7	47735328	48019178	HUS1	0.9472585740072202
chr1	28218035	28241257	RPA2	0.947202166064982
chr1	160259063	160313190	COPA	0.9471457581227437
chr9	135545422	135570342	GTF3C4	0.9470893501805054
chr1	40157854	40229586	PPIE	0.9470329422382672
chr14	74551499	74667936	LIN52	0.9469765342960289
chr19	45393826	45406946	TOMM40	0.9469201263537906
chr3	15083967	15106842	MRPS25	0.9468637184115524
chr10	71962586	71993667	PPA1	0.9468073104693141
chr15	34633917	34635378	NOP10	0.9467509025270758
chr5	96496571	96518964	RIOK2	0.9466944945848376
chr17	37356536	37360980	RPL19	0.9466380866425993
chr2	169690642	169769881	SPC25	0.946581678700361
chr10	102747124	102754158	C10orf2	0.9465252707581228
chr11	74204896	74380162	POLD3	0.9464688628158845
chr19	36139125	36149763	COX6B1	0.9464124548736462
chr6	170844205	170862429	PSMB1	0.946356046931408
chr1	235490665	235507847	GGPS1	0.9462996389891697
chr20	2632791	2639039	NOP56	0.9462432310469314
chr17	6915736	6917851	RNASEK	0.9461868231046932
chr3	111311747	111314290	ZBED2	0.9461304151624549
chr9	100395908	100436030	NCBP1	0.9460740072202166
chr22	44351301	44406411	SAMM50	0.9460175992779783
chr17	5264258	5323480	NUP88	0.9459611913357401
chr19	10216965	10225414	PPAN	0.9459047833935018
chr14	105956192	105965912	C14orf80	0.9458483754512635
chr19	10216899	10225456	PPAN-P2RY11	0.9457919675090253
chr19	19256376	19302967	MEF2BNB-MEF2B	0.945735559566787
chr19	19256377	19303400	MEF2B	0.9456791516245487
chr19	2425622	2427892	TIMM13	0.9456227436823105
chr17	56769934	56811703	RAD51C	0.9455663357400722
chr11	3692313	3819022	NUP98	0.9455099277978339
chr1	156024543	156028301	LAMTOR2	0.9454535198555957
chr2	27994584	28210954	MRPL33	0.9453971119133574
chr3	16299485	16306479	DPH3	0.9453407039711191
chr20	20015012	20036690	CRNKL1	0.9452842960288809
chr11	10772534	10801290	CTR9	0.9452278880866426
chr20	30532758	30539895	PDRG1	0.9451714801444043
chr5	133484633	133512729	SKP1	0.9451150722021661
chr3	49396578	49450431	RHOA	0.9450586642599278
chr22	38077680	38170137	NOL12	0.9450022563176895
chr1	173793641	173827684	DARS2	0.9449458483754513
chr2	224822121	224832431	MRPL44	0.944889440433213
chr11	61560109	61564716	FEN1	0.9448330324909747
chr6	30667584	30685666	MDC1	0.9447766245487365
chr7	74441226	74490064	WBSCR16	0.9447202166064982
chr1	161284047	161332984	SDHC	0.9446638086642599
chr16	5083703	5137380	ALG1	0.9446074007220217
chr9	139334549	139372141	SEC16A	0.9445509927797834
chr16	2273567	2285743	E4F1	0.9444945848375451
chr15	42273780	42343388	PLA2G4E	0.9444381768953068
chrX	70752933	70795747	OGT	0.9443817689530686
chr12	49521565	49525180	TUBA1B	0.9443253610108303
chr12	120881764	120884215	TRIAP1	0.944268953068592
chr12	124086624	124105488	DDX55	0.9442125451263538
chr8	101162812	101166230	POLR2K	0.9441561371841155
chr17	76374721	76421195	PGS1	0.9440997292418772
chr22	50961997	50964868	SCO2	0.944043321299639
chr12	27863706	27909228	MRPS35	0.9439869133574007
chr3	53122499	53164478	RFT1	0.9439305054151624
chr11	114310108	114321001	REXO2	0.9438740974729242
chr2	74119441	74146992	ACTG2	0.9438176895306859
chr1	247002400	247095280	AHCTF1	0.9437612815884477
chr15	41700606	41775761	RTF1	0.9437048736462095
chr21	30244513	30257693	N6AMT1	0.9436484657039712
chr10	51464162	51486327	AGAP7	0.9435920577617329
chr3	45429998	45590913	LARS2	0.9435356498194947
chr17	7154735	7163259	ELP5	0.9434792418772564
chr11	122928197	122933938	HSPA8	0.9434228339350181
chr3	195941093	196014828	PCYT1A	0.9433664259927799
chr16	70380732	70407286	DDX19A	0.9433100180505416
chr5	180681417	180688119	TRIM52	0.9432536101083033
chr17	65713949	65740647	NOL11	0.9431972021660651
chr11	118307205	118397539	KMT2A	0.9431407942238268
chr5	85913721	85916779	COX7C	0.9430843862815885
chr3	47422501	47454931	PTPN23	0.9430279783393503
chr16	9185505	9215497	C16orf72	0.942971570397112
chr15	69706585	69740764	KIF23	0.9429151624548737
chr9	138391830	138396519	MRPS2	0.9428587545126355
chr5	37288239	37371283	NUP155	0.9428023465703972
chr22	22108789	22221970	MAPK1	0.9427459386281589
chr12	123773656	123849390	SBNO1	0.9426895306859207
chr4	122737599	122745087	CCNA2	0.9426331227436824
chr19	12777614	12786646	WDR83	0.9425767148014441
chr11	111957497	111990353	SDHD	0.9425203068592058
chr4	71554196	71556267	UTP3	0.9424638989169676
chr14	35451163	35498773	SRP54	0.9424074909747293
chr22	22988780	22990368	GGTLC2	0.942351083032491
chr1	180882290	180920750	KIAA1614	0.9422946750902528
chr21	47655047	47706211	MCM3AP	0.9422382671480145
chr3	131181056	131221827	MRPL3	0.9421818592057762
chr20	44577292	44600833	ZNF335	0.942125451263538
chr9	19049372	19051019	RRAGA	0.9420690433212997
chr6	110501344	110575478	CDC40	0.9420126353790614
chr3	52288437	52322036	WDR82	0.9419562274368232
chr3	183892477	183901879	AP2M1	0.9418998194945849
chrX	135579238	135594505	HTATSF1	0.9418434115523466
chr22	29901868	29951205	THOC5	0.9417870036101084
chr12	861759	1020618	WNK1	0.9417305956678701
chr2	15731302	15771235	DDX1	0.9416741877256318
chr10	58116989	58121036	ZWINT	0.9416177797833936
chr11	236546	252983	PSMD13	0.9415613718411553
chr14	95552565	95624347	DICER1	0.941504963898917
chr16	88636789	88698374	ZC3H18	0.9414485559566788
chr17	33426811	33448541	RAD51D	0.9413921480144405
chr16	69458428	69500169	CYB5B	0.9413357400722022
chr11	57471186	57479693	MED19	0.941279332129964
chr7	156742417	156765876	NOM1	0.9412229241877257
chr17	79670387	79674556	MRPL12	0.9411665162454874
chr1	1309110	1310875	AURKAIP1	0.9411101083032491
chr9	79000433	79009433	RFK	0.9410537003610109
chr18	48700920	48744674	MEX3C	0.9409972924187726
chr15	69745123	69748255	RPLP1	0.9409408844765343
chr14	35591052	35743271	KIAA0391	0.9408844765342961
chr17	647654	657239	GEMIN4	0.9408280685920578
chr10	13628927	13672868	PRPF18	0.9407716606498195
chr1	44679127	44686353	DMAP1	0.9407152527075813
chr17	35969787	36003493	DDX52	0.940658844765343
chr2	131095814	131099922	CCDC115	0.9406024368231047
chr12	6976283	6980112	TPI1	0.9405460288808665
chr1	54649714	54691137	MRPL37	0.9404896209386282
chrX	135044229	135056222	MMGT1	0.9404332129963899
chr3	51967446	51975957	RRP9	0.9403768050541517
chr2	136597196	136633996	MCM6	0.9403203971119134
chr10	27399383	27444195	YME1L1	0.9402639891696751
chr19	3610639	3626813	CACTIN	0.9402075812274369
chr1	3668962	3688209	CCDC27	0.9401511732851986
chr6	30876019	30894236	VARS2	0.9400947653429603
chr6	43639040	43655528	MRPS18A	0.9400383574007221
chr14	93403259	93582665	ITPK1	0.9399819494584838
chrX	152713124	152760978	HAUS7	0.9399255415162455
chr19	43979106	44009087	PHLDB3	0.9398691335740073
chr16	1832902	1839192	NUBP2	0.939812725631769
chr17	40023161	40086795	ACLY	0.9397563176895307
chr1	19923477	19956314	MINOS1	0.9396999097472925
chr3	53258723	53290068	TKT	0.9396435018050542
chr8	12282913	12293915	FAM86B2	0.9395870938628159
chr16	96407	103628	POLR3K	0.9395306859205776
chr6	32096484	32098068	FKBPL	0.9394742779783394
chr11	62538775	62554814	TAF6L	0.9394178700361011
chr21	33683329	33765335	URB1	0.9393614620938628
chr10	97365696	97416463	ALDH18A1	0.9393050541516246
chr2	97258907	97308524	KANSL3	0.9392486462093863
chr1	33116743	33151812	RBBP4	0.939192238267148
chr22	20850200	20941919	MED15	0.9391358303249098
chr15	40453224	40513337	BUB1B	0.9390794223826715
chr4	145888264	146019693	ANAPC10	0.9390230144404332
chr17	29224354	29233838	TEFM	0.938966606498195
chr14	23527773	23564823	ACIN1	0.9389101985559567
chr2	68384976	68403370	PNO1	0.9388537906137184
chr17	72858619	72869156	FDXR	0.9387973826714802
chr20	43990577	44005438	SYS1	0.9387409747292419
chr1	43629846	43736607	EBNA1BP2	0.9386845667870036
chr18	29409136	29533099	TRAPPC8	0.9386281588447654
chr22	50656118	50683421	TUBGCP6	0.9385717509025271
chr17	33288549	33290205	ZNF830	0.9385153429602888
chr21	45209394	45225174	RRP1	0.9384589350180506
chr11	89934328	89956532	CHORDC1	0.9384025270758123
chr19	54641444	54659419	CNOT3	0.938346119133574
chr20	34287194	34288906	ROMO1	0.9382897111913358
chr8	24770525	24776607	NEFM	0.9382333032490975
chr10	15139179	15181817	RPP38	0.9381768953068592
chr12	49962001	50038449	PRPF40B	0.938120487364621
chr19	46318668	46366548	SYMPK	0.9380640794223827
chr1	150266289	150281414	MRPS21	0.9380076714801444
chr16	67596310	67673086	CTCF	0.9379512635379061
chr2	122484521	122494499	NIFK	0.9378948555956679
chr4	17812525	17846485	NCAPG	0.9378384476534296
chr6	160210844	160219468	MRPL18	0.9377820397111913
chr5	61699799	61924409	IPO11	0.9377256317689531
chr16	417384	420527	MRPL28	0.9376692238267148
chr17	47778305	47786376	SLC35B1	0.9376128158844765
chr14	35554673	35591723	PPP2R3C	0.9375564079422383
chr1	12290124	12572099	VPS13D	0.9375
chr4	123844229	124240605	SPATA5	0.9374435920577617
chr11	9406169	9469673	IPO7	0.9373871841155235
chr11	64833772	64851636	CDCA5	0.9373307761732852
chr20	37590942	37668366	DHX35	0.9372743682310469
chr17	61896793	61907372	FTSJ3	0.9372179602888087
chr2	98262503	98264846	COX5B	0.9371615523465704
chr17	38544768	38574202	TOP2A	0.9371051444043321
chr15	72766667	72879692	ARIH1	0.9370487364620939
chr2	39208537	39351486	SOS1	0.9369923285198556
chr7	66452664	66460588	SBDS	0.9369359205776173
chr8	30435835	30515768	GTF2E2	0.936879512635379
chr11	77926343	78129394	GAB2	0.9368231046931408
chr12	108079509	108106944	PWP1	0.9367666967509025
chr17	59942731	60005377	INTS2	0.9367102888086642
chr1	226249552	226259702	H3F3A	0.936653880866426
chr10	96075004	96122716	NOC3L	0.9365974729241877
chr14	23415437	23426370	HAUS4	0.9365410649819494
chr5	157158205	157168456	THG1L	0.9364846570397112
chr9	134735494	134955295	MED27	0.9364282490974729
chr9	117350026	117360653	ATP6V1G1	0.9363718411552346
chrX	40507558	40595110	MED14	0.9363154332129964
chr12	57923885	57941114	DCTN2	0.9362590252707581
chr14	23516271	23526747	CDH24	0.9362026173285198
chr1	117602925	117650075	TTF2	0.9361462093862816
chr18	54318574	54698828	WDR7	0.9360898014440433
chr9	15422702	15465951	SNAPC3	0.936033393501805
chr10	105156405	105206049	PDCD11	0.9359769855595668
chr20	62329996	62339377	ARFRP1	0.9359205776173286
chr3	160117062	160152750	SMC4	0.9358641696750903
chr1	26346375	26362955	EXTL1	0.9358077617328521
chr17	80036214	80056208	FASN	0.9357513537906138
chr18	12947132	12987535	SEH1L	0.9356949458483755
chr1	16268364	16302627	ZBTB17	0.9356385379061373
chrX	153194695	153200676	NAA10	0.935582129963899
chr17	35306175	35414171	AATF	0.9355257220216607
chr14	21966277	21979517	METTL3	0.9354693140794225
chr12	106751436	106903976	POLR3B	0.9354129061371842
chr19	571297	583493	BSG	0.9353564981949459
chr9	35681989	35691017	TPM2	0.9353000902527077
chr8	55047770	55060461	MRPL15	0.9352436823104694
chr16	88772871	88781794	CTU2	0.9351872743682311
chr6	30585486	30594172	MRPS18B	0.9351308664259929
chr3	160822484	160971320	NMD3	0.9350744584837546
chr11	1968508	2005752	MRPL23	0.9350180505415163
chr19	59055458	59062089	TRIM28	0.934961642599278
chr12	93861264	93897545	MRPL42	0.9349052346570398
chr11	57093459	57103351	SSRP1	0.9348488267148015
chr4	155456158	155471587	PLRG1	0.9347924187725632
chr18	13726659	13764557	RNMT	0.934736010830325
chr1	11126675	11159938	EXOSC10	0.9346796028880867
chr10	127512115	127542264	BCCIP	0.9346231949458484
chr3	52715172	52728508	GNL3	0.9345667870036102
chr6	53362139	53481768	GCLC	0.9345103790613719
chr6	4994966	5004297	RPP40	0.9344539711191336
chr12	57031959	57039798	ATP5B	0.9343975631768954
chr19	12786531	12792716	DHPS	0.9343411552346571
chr8	54628117	54756118	ATP6V1H	0.9342847472924188
chr21	44263204	44299678	WDR4	0.9342283393501806
chr15	89010684	89022222	MRPS11	0.9341719314079423
chrX	70586114	70752224	TAF1	0.934115523465704
chr16	27236312	27280115	NSMCE1	0.9340591155234658
chr2	75061108	75120486	HK2	0.9340027075812275
chr11	7991798	8023409	EIF3F	0.9339462996389892
chr21	33031935	33041244	SOD1	0.933889891696751
chr6	43490072	43543812	XPO5	0.9338334837545127
chr6	26043455	26043885	HIST1H2BB	0.9337770758122744
chr10	103867317	103880210	LDB1	0.9337206678700362
chr14	24769068	24778330	NOP9	0.9336642599277979
chr19	54610320	54619055	TFPT	0.9336078519855596
chr18	77439801	77514510	CTDP1	0.9335514440433214
chr4	184580420	184634745	TRAPPC11	0.9334950361010831
chrX	14026398	14048012	GEMIN8	0.9334386281588448
chr3	158362067	158410364	GFM1	0.9333822202166066
chr15	43661419	43699293	TUBGCP4	0.9333258122743683
chr17	79650356	79670168	HGS	0.93326940433213
chr5	156564423	156586030	MED7	0.9332129963898917
chr16	30709530	30755602	SRCAP	0.9331565884476535
chr12	53835389	53840429	PRR13	0.9331001805054152
chr1	148555979	148596267	NBPF15	0.9330437725631769
chr11	47376411	47400127	SPI1	0.9329873646209387
chr19	5691845	5720583	LONP1	0.9329309566787004
chr6	99845927	99873207	PNISR	0.9328745487364621
chr11	62327073	62342401	EEF1G	0.9328181407942239
chr16	28565236	28603111	CCDC101	0.9327617328519856
chr20	33563206	33590240	MYH7B	0.9327053249097473
chr7	141438121	141487722	SSBP1	0.9326489169675091
chr3	12525931	12581122	TSEN2	0.9325925090252708
chr1	154897210	154909467	PMVK	0.9325361010830325
chr14	24708849	24711880	TINF2	0.9324796931407943
chr17	26684604	26708716	TMEM199	0.932423285198556
chr9	34179003	34252521	UBAP1	0.9323668772563177
chr22	22273793	22307209	PPM1F	0.9323104693140795
chr19	38865176	38874464	PSMD8	0.9322540613718412
chr5	17065707	17276943	BASP1	0.9321976534296029
chr9	40700291	40706537	SPATA31A3	0.9321412454873647
chr22	36863083	36878077	TXN2	0.9320848375451264
chr3	9821544	9834695	TADA3	0.9320284296028881
chr17	17115526	17140502	FLCN	0.9319720216606499
chr1	109605108	109618624	TAF13	0.9319156137184116
chr1	235272651	235292251	TOMM20	0.9318592057761733
chr1	28879597	28905051	TRNAU1AP	0.931802797833935
chr5	43065278	43192123	ZNF131	0.9317463898916968
chr16	734622	740444	WDR24	0.9316899819494585
chr14	62229075	62263146	SNAPC1	0.9316335740072202
chr14	94517266	94547591	DDX24	0.931577166064982
chr6	27782112	27782607	HIST1H2AJ	0.9315207581227437
chr17	43128978	43186384	NMT1	0.9314643501805054
chr6	30644166	30655672	PPP1R18	0.9314079422382672
chr12	6601150	6603007	MRPL51	0.9313515342960289
chr2	131975882	132022965	POTEE	0.9312951263537906
chr12	53835525	53874946	PCBP2	0.9312387184115524
chr2	27650657	27665126	NRBP1	0.9311823104693141
chr11	33880122	33913836	LMO2	0.9311259025270758
chr8	22102617	22112113	POLR3D	0.9310694945848376
chr19	13842574	13874110	CCDC130	0.9310130866425993
chr20	2821349	2847378	VPS16	0.930956678700361
chr16	70514471	70557468	COG4	0.9309002707581228
chr11	60609544	60618554	CCDC86	0.9308438628158845
chr2	44113647	44223144	LRPPRC	0.9307874548736462
chr7	127937738	127983962	RBM28	0.930731046931408
chr18	657604	673578	TYMS	0.9306746389891697
chr3	3168600	3192563	TRNT1	0.9306182310469314
chr13	45694650	45858237	GTF2F2	0.9305618231046932
chr5	443273	472052	EXOC3	0.9305054151624549
chr7	96110938	96339203	SHFM1	0.9304490072202166
chr17	45900638	45908900	MRPL10	0.9303925992779783
chr13	113139325	113242481	TUBGCP3	0.9303361913357401
chr11	6627526	6633898	TAF10	0.9302797833935018
chr16	27214807	27233089	KDM8	0.9302233754512635
chr7	151163098	151217206	RHEB	0.9301669675090253
chr3	142683339	142779567	U2SURP	0.930110559566787
chr8	120743015	120845103	TAF2	0.9300541516245487
chr6	97590037	97731093	MMS22L	0.9299977436823105
chr1	92764522	92867613	RPAP2	0.9299413357400722
chr12	123955925	124018265	RILPL1	0.9298849277978339
chr4	2229191	2243891	HAUS3	0.9298285198555957
chr18	39535171	39667794	PIK3C3	0.9297721119133574
chr22	21061979	21213705	PI4KA	0.9297157039711191
chr17	411908	624957	VPS53	0.9296592960288809
chr20	35280169	35374481	NDRG3	0.9296028880866426
chr17	17584787	17714767	RAI1	0.9295464801444043
chr6	111303218	111349466	RPF2	0.9294900722021661
chr4	77035812	77069668	NUP54	0.9294336642599278
chr3	141594966	141645356	ATP1B3	0.9293772563176895
chr11	126173647	126215644	DCPS	0.9293208483754513
chr16	30773066	30787628	RNF40	0.929264440433213
chr4	119606523	119636588	METTL14	0.9292080324909747
chr10	99218081	99258551	MMS19	0.9291516245487365
chr6	42174539	42185603	MRPS10	0.9290952166064982
chr17	47006678	47022479	SNF8	0.9290388086642599
chr9	131071382	131085021	TRUB2	0.9289824007220217
chr16	87863629	87903094	SLC7A5	0.9289259927797834
chr4	120976763	120988229	MAD2L1	0.9288695848375451
chr19	54926393	54948080	TTYH1	0.9288131768953068
chr2	70120692	70132707	SNRNP27	0.9287567689530686
chr19	10416103	10426691	FDX1L	0.9287003610108303
chr7	7676149	7758238	RPA3	0.928643953068592
chrX	48970334	48980151	GPKOW	0.9285875451263538
chr8	141541264	141645718	AGO2	0.9285311371841155
chr16	58147496	58163354	C16orf80	0.9284747292418772
chr20	3127165	3140543	FASTKD5	0.928418321299639
chr6	73331520	73908574	KCNQ5	0.9283619133574007
chr10	43278249	43330385	BMS1	0.9283055054151624
chr19	19386827	19431653	SUGP1	0.9282490974729242
chr6	30620896	30640814	DHX16	0.9281926895306859
chr9	95059640	95087918	NOL8	0.9281362815884476
chr18	12991361	13125051	CEP192	0.9280798736462095
chr1	27022524	27108595	ARID1A	0.9280234657039712
chr18	214520	268050	THOC1	0.9279670577617329
chr19	29698173	29704448	UQCRFS1	0.9279106498194947
chr1	120926979	120935937	FCGR1B	0.9278542418772564
chrX	54556644	54587504	GNL3L	0.9277978339350181
chr16	28834356	28848558	ATXN2L	0.9277414259927799
chr8	95825539	95893974	INTS8	0.9276850180505416
chr11	74660292	74690076	SPCS2	0.9276286101083033
chr1	33473585	33546597	AK2	0.9275722021660651
chr17	39202793	39203568	KRTAP2-1	0.9275157942238268
chr2	234742062	234763212	HJURP	0.9274593862815885
chr1	224572845	224624735	WDR26	0.9274029783393503
chr1	200593024	200639097	DDX59	0.927346570397112
chr3	52027616	52029958	RPL29	0.9272901624548737
chr22	21771693	21805752	HIC2	0.9272337545126355
chr11	126071993	126081587	RPUSD4	0.9271773465703972
chr1	145209119	145291972	NOTCH2NL	0.9271209386281589
chr16	81040103	81066719	CENPN	0.9270645306859207
chr1	25549170	25558993	SYF2	0.9270081227436824
chr20	5986736	6020699	CRLS1	0.9269517148014441
chr9	135906076	135933890	GTF3C5	0.9268953068592058
chr20	62289163	62328416	RTEL1	0.9268388989169676
chr1	231472850	231490769	SPRTN	0.9267824909747293
chr1	19542158	19578046	EMC1	0.926726083032491
chr14	39644387	39652422	PNN	0.9266696750902528
chr2	180809603	180871840	CWC22	0.9266132671480145
chr15	34517200	34522357	EMC4	0.9265568592057762
chr6	126661320	126670021	CENPW	0.926500451263538
chr2	197627756	197664449	GTF3C3	0.9264440433212997
chr6	160146617	160177351	WTAP	0.9263876353790614
chr11	66202546	66234209	MRPL11	0.9263312274368232
chr19	39876492	39881835	PAF1	0.9262748194945849
chr9	116018115	116037869	CDC26	0.9262184115523466
chr8	145691426	145699585	KIFC2	0.9261620036101084
chr5	6371994	6378707	MED10	0.9261055956678701
chr16	58553855	58663790	CNOT1	0.9260491877256318
chr17	38296571	38328436	CASC3	0.9259927797833936
chr1	12040238	12073571	MFN2	0.9259363718411553
chr1	161070346	161087901	PFDN2	0.925879963898917
chr14	78183942	78227550	SNW1	0.9258235559566788
chr9	135251008	135282209	TTF1	0.9257671480144405
chr10	112050488	112064709	SMNDC1	0.9257107400722022
chr6	3231637	3303607	PSMG4	0.925654332129964
chr12	124808961	125052135	NCOR2	0.9255979241877257
chr19	7985201	7988135	SNAPC2	0.9255415162454874
chr2	219523487	219528166	BCS1L	0.9254851083032491
chr11	78147007	78285919	NARS2	0.9254287003610109
chr3	138724648	139076065	MRPS22	0.9253722924187726
chr16	46690054	46723430	VPS35	0.9253158844765343
chr2	132552534	132559234	C2orf27B	0.9252594765342961
chr17	42282401	42298994	UBTF	0.9252030685920578
chr17	3572109	3572962	EMC6	0.9251466606498195
chr6	31497996	31510225	DDX39B	0.9250902527075813
chr2	74588281	74619214	DCTN1	0.925033844765343
chr1	228294380	228297013	MRPL55	0.9249774368231047
chr15	42841008	42862192	HAUS2	0.9249210288808665
chr5	64813593	64858998	CENPK	0.9248646209386282
chr10	51748078	51770259	AGAP6	0.9248082129963899
chr19	19626545	19644285	NDUFA13	0.9247518050541517
chr15	78423840	78464291	IDH3A	0.9246953971119134
chr15	50844670	50979012	TRPM7	0.9246389891696751
chr17	18174742	18218321	TOP3A	0.9245825812274369
chr16	68055179	68057770	DDX28	0.9245261732851986
chr1	95439963	95538501	ALG14	0.9244697653429603
chr2	172543919	172604930	DYNC1I2	0.9244133574007221
chr11	73498361	73576178	MRPL48	0.9243569494584838
chr19	34919257	34960853	UBA2	0.9243005415162455
chr12	69080514	69136785	NUP107	0.9242441335740073
chr19	48248779	48260315	GLTSCR2	0.924187725631769
chr19	45542298	45574214	CLASRP	0.9241313176895307
chr3	49866034	49894007	TRAIP	0.9240749097472925
chr19	45909467	45914024	CD3EAP	0.9240185018050542
chr7	75024337	75040279	TRIM73	0.9239620938628159
chr16	420773	437113	TMEM8A	0.9239056859205776
chr11	31531297	31805546	ELP4	0.9238492779783394
chr19	7745729	7747744	TRAPPC5	0.9237928700361011
chr1	143896452	143913143	FAM72D	0.9237364620938628
chr16	30968615	30996437	SETD1A	0.9236800541516246
chr3	11831916	11888393	TAMM41	0.9236236462093863
chr1	156720402	156770607	PRCC	0.923567238267148
chr2	219314974	219433084	USP37	0.9235108303249098
chr8	101698044	101735037	PABPC1	0.9234544223826715
chr3	48636435	48648409	UQCRC1	0.9233980144404332
chr12	97301001	97347129	NEDD1	0.923341606498195
chr4	122722472	122738176	EXOSC9	0.9232851985559567
chr6	42068856	42110357	C6orf132	0.9232287906137184
chr10	74943120	75008620	DNAJC9	0.9231723826714802
chr1	55222571	55230187	PARS2	0.9231159747292419
chr4	147096837	147121152	LSM6	0.9230595667870036
chr9	131084815	131096351	COQ4	0.9230031588447654
chr22	38244875	38285414	EIF3L	0.9229467509025271
chr1	36921319	36930038	MRPS15	0.9228903429602888
chr17	38175350	38217468	MED24	0.9228339350180506
chr20	21283942	21370463	XRN2	0.9227775270758123
chr1	46769303	46782448	UQCRH	0.922721119133574
chr17	73314157	73401790	GRB2	0.9226647111913358
chr2	9983483	10074545	TAF1B	0.9226083032490975
chr7	105172532	105208124	RINT1	0.9225518953068592
chr1	144836157	145076186	PDE4DIP	0.922495487364621
chr14	24615892	24629870	RNF31	0.9224390794223827
chr8	42889337	42940931	FNTA	0.9223826714801444
chr21	37757676	37791313	CHAF1B	0.9223262635379061
chr6	43005355	43021683	CUL7	0.9222698555956679
chr3	73045936	73118350	PPP4R2	0.9222134476534296
chr22	19833661	19842419	C22orf29	0.9221570397111913
chr13	52586534	52603800	ALG11	0.9221006317689531
chr9	37879400	37904350	SLC25A51	0.9220442238267148
chr19	39421188	39423802	MRPS12	0.9219878158844765
chr14	93389425	93401638	CHGA	0.9219314079422383
chr6	7389729	7418270	RIOK1	0.921875
chr1	171604557	171621823	MYOC	0.9218185920577617
chr5	68665120	68710628	RAD17	0.9217621841155235
chr6	30568177	30586389	PPP1R10	0.9217057761732852
chr9	103064359	103115221	TEX10	0.9216493682310469
chr19	34850385	34893061	GPI	0.9215929602888087
chr4	83831126	83934079	LIN54	0.9215365523465704
chr1	94333373	94345474	DNTTIP2	0.9214801444043321
chr12	98987369	98995946	SLC25A3	0.9214237364620939
chr3	194361517	194393206	LSG1	0.9213673285198556
chr18	2655737	2805015	SMCHD1	0.9213109205776173
chr1	52870236	52886511	PRPF38A	0.921254512635379
chr20	5107432	5178533	CDS2	0.9211981046931408
chr11	116618886	116643704	BUD13	0.9211416967509025
chr1	41157320	41237275	NFYC	0.9210852888086642
chr3	133502877	133544616	SRPRB	0.921028880866426
chr8	95499921	95565757	KIAA1429	0.9209724729241877
chr12	125431371	125473668	DHX37	0.9209160649819494
chr19	15347647	15443356	BRD4	0.9208596570397112
chr11	118271869	118302211	ATP5L	0.9208032490974729
chr14	100704635	100749129	YY1	0.9207468411552346
chr2	86333305	86369280	PTCD3	0.9206904332129964
chr1	229728858	229761794	TAF5L	0.9206340252707581
chr1	6694228	6761984	DNAJC11	0.9205776173285198
chr6	27806323	27823487	HIST1H2BN	0.9205212093862816
chr3	10004221	10052800	EMC3	0.9204648014440433
chr14	99947506	100001381	CCNK	0.920408393501805
chr1	235530675	235612283	TBCE	0.9203519855595668
chr1	110574199	110617263	STRIP1	0.9202955776173285
chr11	126132814	126139039	SRPR	0.9202391696750903
chr22	19318221	19435224	HIRA	0.9201827617328521
chr11	95523129	95565857	CEP57	0.9201263537906138
chr12	53817639	53825318	AMHR2	0.9200699458483755
chr15	50716577	50793280	USP8	0.9200135379061373
chr5	5420777	5490347	KIAA0947	0.919957129963899
chr22	30163358	30166402	UQCR10	0.9199007220216607
chr4	2939660	2965112	NOP14	0.9198443140794225
chr19	51226586	51228974	CLEC11A	0.9197879061371842
chr12	49950327	49961936	MCRS1	0.9197314981949459
chr12	72003252	72061505	ZFC3H1	0.9196750902527077
chr4	7043626	7059679	TADA2B	0.9196186823104694
chr1	52497775	52499488	KTI12	0.9195622743682311
chr11	77899858	77925757	USP35	0.9195058664259929
chr17	40947165	40950722	COA3	0.9194494584837546
chr17	53029263	53046146	COX11	0.9193930505415163
chr16	84087368	84150511	MBTPS1	0.919336642599278
chr6	99990256	100016849	CCNC	0.9192802346570398
chr9	37485932	37503694	POLR1E	0.9192238267148015
chr18	67671029	67873181	RTTN	0.9191674187725632
chr4	83955600	83996971	COPS4	0.919111010830325
chr20	13694969	13765532	ESF1	0.9190546028880867
chrX	21857754	21903542	MBTPS2	0.9189981949458484
chrX	53559057	53713673	HUWE1	0.9189417870036102
chr6	44267391	44281063	AARS2	0.9188853790613719
chr13	25875662	25923938	NUPL1	0.9188289711191336
chr3	120461484	120501916	GTF2E1	0.9187725631768954
chr15	59930261	59949740	GTF2A2	0.9187161552346571
chr16	87439852	87525651	ZCCHC14	0.9186597472924188
chr9	113006091	113018920	TXN	0.9186033393501806
chr11	61535973	61560274	TMEM258	0.9185469314079423
chr8	23127633	23153792	R3HCC1	0.918490523465704
chr20	36661948	36720768	RPRD1B	0.9184341155234658
chr1	11114641	11120081	SRM	0.9183777075812275
chr17	42325753	42345509	SLC4A1	0.9183212996389892
chr1	201008642	201081694	CACNA1S	0.918264891696751
chr14	61201460	61436671	MNAT1	0.9182084837545127
chr8	144519825	144623623	ZC3H3	0.9181520758122744
chr17	42112003	42144987	LSM12	0.9180956678700362
chr5	140698057	140700330	TAF7	0.9180392599277979
chr4	110736666	110745893	GAR1	0.9179828519855596
chr9	37766975	37801434	EXOSC3	0.9179264440433214
chr19	50887461	50921273	POLD1	0.9178700361010831
chr1	28655513	28662476	MED18	0.9178136281588448
chr16	84733584	84813528	USP10	0.9177572202166066
chr5	137514408	137523404	KIF20A	0.9177008122743683
chr2	130737235	130740311	RAB6C	0.91764440433213
chr4	57036361	57194791	KIAA1211	0.9175879963898917
chr19	39897453	39900052	ZFP36	0.9175315884476535
chr4	2463947	2627047	RNF4	0.9174751805054152
chr6	41902671	42018095	CCND3	0.9174187725631769
chr2	96850597	96874563	STARD7	0.9173623646209387
chr15	65871091	65903627	VWA9	0.9173059566787004
chr17	55916842	55927417	MRPS23	0.9172495487364621
chr6	88384790	88411927	AKIRIN2	0.9171931407942239
chr13	37583449	37633850	SUPT20H	0.9171367328519856
chr19	39903225	39919054	PLEKHG2	0.9170803249097473
chr14	74769772	74826711	VRTN	0.9170239169675091
chr9	111629797	111696396	IKBKAP	0.9169675090252708
chr12	95867296	95909615	METAP2	0.9169111010830325
chr22	43593289	43739394	SCUBE1	0.9168546931407943
chr15	49398268	49447858	COPS2	0.916798285198556
chr14	105675623	105781926	BRF1	0.9167418772563177
chr6	160090089	160183561	SOD2	0.9166854693140795
chr12	49047184	49076021	KANSL2	0.9166290613718412
chr12	58162254	58166576	METTL1	0.9165726534296029
chr1	150547032	150552066	MCL1	0.9165162454873647
chr19	50380682	50392005	TBC1D17	0.9164598375451264
chr14	23456110	23479375	C14orf93	0.9164034296028881
chr3	193310933	193415612	OPA1	0.9163470216606499
chr4	99792835	99851788	EIF4E	0.9162906137184116
chr7	105245514	105517050	ATXN7L1	0.9162342057761733
chr7	39989636	40136733	CDK13	0.916177797833935
chr20	35806813	35870022	RPN2	0.9161213898916968
chr11	118620034	118661858	DDX6	0.9160649819494585
chr1	16174359	16266955	SPEN	0.9160085740072202
chrX	102831159	102842657	TCEAL4	0.915952166064982
chr12	118814185	118855840	SUDS3	0.9158957581227437
chr6	31733367	31745108	VWA7	0.9158393501805054
chr20	49575363	49577820	MOCS3	0.9157829422382672
chr17	1963133	2207065	SMG6	0.9157265342960289
chr15	52230222	52264003	LEO1	0.9156701263537906
chr1	36602173	36615098	TRAPPC3	0.9156137184115524
chr15	20737094	20747114	GOLGA6L6	0.9155573104693141
chr12	58141510	58149796	CDK4	0.9155009025270758
chr20	42295754	42345136	MYBL2	0.9154444945848376
chr1	46805849	46830824	NSUN4	0.9153880866425993
chr3	128968449	128996614	COPG1	0.915331678700361
chr1	204372515	204380919	PPP1R15B	0.9152752707581228
chr1	151264273	151300191	PI4KB	0.9152188628158845
chr15	33603163	34158303	RYR3	0.9151624548736462
chr9	125560668	125590910	PDCL	0.915106046931408
chr3	52435029	52444366	BAP1	0.9150496389891697
chr10	104005289	104142656	GBF1	0.9149932310469314
chr14	104163946	104181841	XRCC3	0.9149368231046932
chr19	12847953	12859137	ASNA1	0.9148804151624549
chr21	35275757	35288284	ATP5O	0.9148240072202166
chr10	64571756	64679660	EGR2	0.9147675992779783
chr2	55861400	55921045	PNPT1	0.9147111913357401
chr3	128846258	128880136	ISY1	0.9146547833935018
chr9	131873229	131911225	PPP2R4	0.9145983754512635
chr7	65579591	65619555	CRCP	0.9145419675090253
chr1	150293925	150325671	PRPF3	0.914485559566787
chr9	131709978	131769375	NUP188	0.9144291516245487
chr3	9834179	9849410	ARPC4	0.9143727436823105
chr9	104296133	104325622	RNF20	0.9143163357400722
chr5	158122928	158526769	EBF1	0.9142599277978339
chr11	47738072	47788995	FNBP4	0.9142035198555957
chr7	44240567	44253893	YKT6	0.9141471119133574
chr16	50186829	50269221	PAPD5	0.9140907039711191
chr15	40886218	40956540	CASC5	0.9140342960288809
chr9	34621376	34628104	ARID3C	0.9139778880866426
chr6	170884383	170893780	PDCD2	0.9139214801444043
chr1	28525967	28559536	DNAJC8	0.9138650722021661
chr19	14676890	14682874	NDUFB7	0.9138086642599278
chr1	119573839	119683294	WARS2	0.9137522563176895
chr1	149856010	149858232	HIST2H2BE	0.9136958483754513
chr20	30252255	30311792	BCL2L1	0.913639440433213
chr1	201328136	201346890	TNNT2	0.9135830324909747
chr12	132434508	132565005	EP400	0.9135266245487365
chr6	27775257	27775709	HIST1H2BL	0.9134702166064982
chr3	133317019	133380737	TOPBP1	0.9134138086642599
chr6	32135989	32145873	AGPAT1	0.9133574007220217
chr1	110292702	110306649	EPS8L3	0.9133009927797834
chr4	1984441	2043630	NELFA	0.9132445848375451
chr6	26199748	26200942	HIST1H2BF	0.9131881768953068
chr3	183415606	183530413	YEATS2	0.9131317689530686
chr2	47143296	47303276	TTC7A	0.9130753610108303
chr10	135207598	135234811	MTG1	0.913018953068592
chr1	231468480	231473598	EXOC8	0.9129625451263538
chr17	39845137	39848920	EIF1	0.9129061371841155
chr2	26149471	26205618	KIF3C	0.9128497292418772
chr8	117654369	117779164	EIF3H	0.912793321299639
chr2	26680071	26781566	OTOF	0.9127369133574007
chr1	38032417	38061536	GNL2	0.9126805054151624
chr4	1723227	1746898	TACC3	0.9126240974729242
chr17	5389605	5394134	MIS12	0.9125676895306859
chr15	99192200	99507759	IGF1R	0.9125112815884476
chr6	27775899	27776429	HIST1H2AI	0.9124548736462094
chr14	75179847	75203394	FCF1	0.9123984657039712
chr2	232318242	232348352	NCL	0.9123420577617329
chr3	179306073	179322442	MRPL47	0.9122856498194947
chr5	72112139	72212560	TNPO1	0.9122292418772564
chrX	48644962	48652716	GATA1	0.9121728339350181
chr12	93771659	93797024	NUDT4	0.9121164259927799
chr13	53191605	53217919	HNRNPA1L2	0.9120600180505416
chr4	39460620	39479273	LIAS	0.9120036101083033
chr11	65405568	65418401	SIPA1	0.9119472021660651
chr1	110693108	110744824	SLC6A17	0.9118907942238268
chr1	155579979	155718153	MSTO1	0.9118343862815885
chr13	73302061	73330336	BORA	0.9117779783393503
chr7	124462440	124570037	POT1	0.911721570397112
chr11	108027942	108093369	NPAT	0.9116651624548737
chr1	154916552	154928599	PBXIP1	0.9116087545126355
chr9	70917276	70920000	FOXD4L3	0.9115523465703972
chr19	11039409	11044211	C19orf52	0.9114959386281589
chr12	54378849	54384063	HOXC10	0.9114395306859207
chr9	65503363	65509610	SPATA31A7	0.9113831227436824
chr2	97481982	97499648	CNNM3	0.9113267148014441
chr4	71226478	71232875	SMR3A	0.9112703068592058
chr19	49375649	49379314	PPP1R15A	0.9112138989169676
chr4	68337521	68411324	CENPC	0.9111574909747293
chr11	32605344	32627808	EIF3M	0.911101083032491
chr14	75598173	75643334	TMED10	0.9110446750902528
chr21	33640530	33651380	MIS18A	0.9109882671480145
chrX	150148982	150159248	HMGB3	0.9109318592057762
chr15	40327940	40331389	SRP14	0.910875451263538
chr3	46710487	46735194	ALS2CL	0.9108190433212997
chr15	41601466	41624819	OIP5	0.9107626353790614
chr4	57333081	57369839	SRP72	0.9107062274368232
chr9	132589569	132598142	C9orf78	0.9106498194945849
chr8	121393000	121457642	MRPL13	0.9105934115523466
chr17	45000483	45105003	GOSR2	0.9105370036101084
chr12	16035325	16056412	STRAP	0.9104805956678701
chr15	75212132	75230509	COX5A	0.9104241877256318
chr2	105858200	105859924	GPR45	0.9103677797833936
chr17	7362685	7387582	ZBTB4	0.9103113718411553
chr1	183441351	183567381	SMG7	0.910254963898917
chr11	193080	194573	SCGB1C1	0.9101985559566788
chr16	838046	850737	CHTF18	0.9101421480144405
chr6	31847536	31865464	EHMT2	0.9100857400722022
chr16	3775055	3930727	CREBBP	0.910029332129964
chr20	3026591	3028900	MRPS26	0.9099729241877257
chr17	2287354	2304412	MNT	0.9099165162454874
chr19	5916150	5978153	RANBP3	0.9098601083032491
chr18	13663346	13726662	FAM210A	0.9098037003610109
chr2	128698791	128785694	SAP130	0.9097472924187726
chr13	31191830	31233686	USPL1	0.9096908844765343
chr20	5917881	5931182	TRMT6	0.9096344765342961
chr15	44829255	44855227	EIF3J	0.9095780685920578
chr18	33552046	33559241	C18orf21	0.9095216606498195
chr12	124196865	124246302	ATP6V0A2	0.9094652527075813
chr12	49412758	49453557	KMT2D	0.909408844765343
chr2	153191751	153506348	FMNL2	0.9093524368231047
chr5	76986991	77164604	TBCA	0.9092960288808665
chr22	23487513	23506537	RAB36	0.9092396209386282
chr14	23825611	23834961	EFS	0.9091832129963899
chr19	13884982	13889276	C19orf53	0.9091268050541517
chr11	71498556	71512282	FAM86C1	0.9090703971119134
chr11	3659733	3663546	ART5	0.9090139891696751
chr14	45672393	45722743	MIS18BP1	0.9089575812274369
chr15	72947079	72958735	GOLGA6B	0.9089011732851986
chr1	213031597	213072705	FLVCR1	0.9088447653429603
chr16	88928034	88933068	PABPN1L	0.9087883574007221
chr21	36160098	37376965	RUNX1	0.9087319494584838
chr19	54865362	54882165	LAIR1	0.9086755415162455
chr2	178077291	178088686	HNRNPA3	0.9086191335740073
chr10	75434033	75457639	AGAP5	0.908562725631769
chr12	48366748	48398269	COL2A1	0.9085063176895307
chr3	14860469	14975895	FGD5	0.9084499097472925
chr6	30026676	30032686	ZNRD1	0.9083935018050542
chr7	29846102	29956682	WIPF3	0.9083370938628159
chr6	80713604	80752244	TTK	0.9082806859205776
chr8	56685701	56738007	TGS1	0.9082242779783394
chr17	36956687	36981734	CWC25	0.9081678700361011
chr6	116597741	116601066	TSPYL1	0.9081114620938628
chr22	20116979	20135530	ZDHHC8	0.9080550541516246
chr16	66836778	66907159	NAE1	0.9079986462093863
chr9	34610483	34612101	RPP25L	0.907942238267148
chr10	92828	120103	TUBB8	0.9078858303249098
chr19	3185561	3209573	NCLN	0.9078294223826715
chr3	46963216	47023500	CCDC12	0.9077730144404332
chr14	23299088	23304246	MRPL52	0.907716606498195
chr15	75890424	75918810	SNUPN	0.9076601985559567
chr3	151961617	152183569	MBNL1	0.9076037906137184
chr6	30034486	30038110	PPP1R11	0.9075473826714802
chr12	56989380	57030600	BAZ2A	0.9074909747292419
chr12	105380088	105443515	C12orf45	0.9074345667870036
chr22	39130730	39190148	SUN2	0.9073781588447654
chr20	45837859	45985567	ZMYND8	0.9073217509025271
chr11	10818597	10830657	EIF4G2	0.9072653429602888
chr22	21319396	21335649	AIFM3	0.9072089350180506
chr1	200520628	200589862	KIF14	0.9071525270758123
chr3	27414214	27525911	SLC4A7	0.907096119133574
chr19	12841454	12845589	C19orf43	0.9070397111913358
chr2	99771418	99779620	LIPT1	0.9069833032490975
chr21	27106881	27144771	GABPA	0.9069268953068592
chr18	72265106	72777627	ZNF407	0.906870487364621
chr13	115079988	115092796	CHAMP1	0.9068140794223827
chr1	19578033	19586622	MRTO4	0.9067576714801444
chr17	80186273	80219005	SLC16A3	0.9067012635379061
chr2	73481810	73511559	FBXO41	0.9066448555956679
chr11	18343842	18388591	GTF2H1	0.9065884476534296
chr6	16299343	16761722	ATXN1	0.9065320397111913
chr12	122714111	122751068	VPS33A	0.9064756317689531
chr6	31606805	31620482	BAG6	0.9064192238267148
chr7	99746530	99753567	LAMTOR4	0.9063628158844765
chr8	104033291	104085279	ATP6V1C1	0.9063064079422383
chr2	114256661	114258728	FOXD4L1	0.90625
chr1	17066768	17299474	CROCC	0.9061935920577617
chr22	20783528	20850170	KLHL22	0.9061371841155235
chr3	128198270	128212028	GATA2	0.9060807761732852
chr14	21558205	21572881	ZNF219	0.9060243682310469
chr6	91223292	91296764	MAP3K7	0.9059679602888087
chr22	19957419	20004331	ARVCF	0.9059115523465704
chr1	23345941	23410182	KDM1A	0.9058551444043321
chr19	38158652	38183223	ZNF781	0.9057987364620939
chr13	24304328	24463558	MIPEP	0.9057423285198556
chr7	158424003	158497520	NCAPG2	0.9056859205776173
chr7	73150424	73153197	ABHD11	0.905629512635379
chr19	1065922	1086627	HMHA1	0.9055731046931408
chr21	42792231	42831141	MX1	0.9055166967509025
chr17	44107282	44302733	KANSL1	0.9054602888086642
chr19	20278037	20311299	ZNF486	0.905403880866426
chr3	49057892	49060928	NDUFAF3	0.9053474729241877
chr12	63952693	64062719	DPY19L2	0.9052910649819494
chr1	47799469	47844511	CMPK1	0.9052346570397112
chr11	55029658	55038595	TRIM48	0.9051782490974729
chr12	124069078	124083116	TMED2	0.9051218411552346
chr6	42018251	42055199	TAF8	0.9050654332129964
chr22	19419425	19423598	MRPL40	0.9050090252707581
chr1	15853308	15918874	DNAJC16	0.9049526173285198
chr12	58176372	58201854	TSFM	0.9048962093862816
chr8	42128820	42189973	IKBKB	0.9048398014440433
chr22	20103461	20114878	RANBP1	0.904783393501805
chr8	74851404	74884522	TCEB1	0.9047269855595668
chr22	31460091	31500743	SMTN	0.9046705776173285
chr3	100082275	100120242	TOMM70A	0.9046141696750902
chr9	131133598	131153015	URM1	0.9045577617328521
chr1	173768688	173793858	CENPL	0.9045013537906138
chr11	64856796	64879332	VPS51	0.9044449458483755
chr17	16245848	16256970	CENPV	0.9043885379061373
chr2	27873679	27886676	SUPT7L	0.904332129963899
chr22	41763337	41795330	TEF	0.9042757220216607
chr12	124247042	124420753	DNAH10	0.9042193140794225
chr12	27058114	27091259	ASUN	0.9041629061371842
chr1	149858525	149858961	HIST2H2AC	0.9041064981949459
chr22	50946645	50961901	NCAPH2	0.9040500902527077
chr1	28157289	28178187	PPP1R8	0.9039936823104694
chr2	86426478	86440917	MRPL35	0.9039372743682311
chr17	8130191	8151362	CTC1	0.9038808664259929
chr6	31926857	31937532	SKIV2L	0.9038244584837546
chr17	36921942	36956379	PIP4K2B	0.9037680505415163
chr6	26115101	26124154	HIST1H2BC	0.903711642599278
chr6	76311225	76427997	SENP6	0.9036552346570398
chr6	167412670	167466201	FGFR1OP	0.9035988267148015
chr1	156707095	156711382	MRPL24	0.9035424187725632
chr2	175424300	175547644	WIPF1	0.903486010830325
chr17	73008765	73017356	ICT1	0.9034296028880867
chr22	40806285	41032706	MKL1	0.9033731949458484
chr14	95999840	96011061	GLRX5	0.9033167870036102
chr10	103892787	103910082	PPRC1	0.9032603790613719
chr3	101280706	101285290	TRMT10C	0.9032039711191336
chr20	60877149	60883918	ADRM1	0.9031475631768954
chrX	123094062	123556514	STAG2	0.9030911552346571
chr19	54658899	54663620	LENG1	0.9030347472924188
chr12	111471828	111788358	CUX2	0.9029783393501806
chr16	31094746	31100949	PRSS53	0.9029219314079423
chr16	28996147	29002104	LAT	0.902865523465704
chr9	133777825	133814673	FIBCD1	0.9028091155234658
chr17	43209967	43221548	ACBD4	0.9027527075812275
chr16	2510081	2514964	C16orf59	0.9026962996389892
chr7	106297211	106301442	CCDC71L	0.902639891696751
chr15	75182346	75191798	MPI	0.9025834837545127
chr12	104609557	104744061	TXNRD1	0.9025270758122744
chr8	30013813	30041156	DCTN6	0.9024706678700362
chr19	16296191	16302857	FAM32A	0.9024142599277979
chr15	78729773	78793798	IREB2	0.9023578519855596
chr21	34106210	34144169	PAXBP1	0.9023014440433214
chr22	19163095	19166343	SLC25A1	0.9022450361010831
chr1	222731244	222763275	TAF1A	0.9021886281588448
chr17	26941458	26972472	KIAA0100	0.9021322202166066
chr5	154320630	154348971	MRPL22	0.9020758122743683
chr19	19322782	19363042	NCAN	0.90201940433213
chr20	19997760	20014299	NAA20	0.9019629963898917
chr1	54691105	54879152	SSBP3	0.9019065884476535
chr9	140317802	140328858	NOXA1	0.9018501805054152
chr4	152591656	152682175	PET112	0.9017937725631769
chr1	155719508	155829191	GON4L	0.9017373646209387
chr15	65409717	65426174	PDCD7	0.9016809566787004
chr11	1012821	1036706	MUC6	0.9016245487364621
chr1	160577890	160617085	SLAMF1	0.9015681407942239
chr4	128802016	128820350	PLK4	0.9015117328519856
chr2	65454887	65498387	ACTR2	0.9014553249097473
chr7	72430016	72439997	TRIM74	0.9013989169675091
chr4	100869243	100871545	H2AFZ	0.9013425090252708
chr6	26183958	26184454	HIST1H2BE	0.9012861010830325
chr2	233562009	233725285	GIGYF2	0.9012296931407943
chr17	56422539	56430454	SUPT4H1	0.901173285198556
chr11	117185273	117283984	CEP164	0.9011168772563177
chr15	44088340	44095241	HYPK	0.9010604693140795
chr9	131937835	131940540	IER5L	0.9010040613718412
chr2	98372799	98612388	TMEM131	0.9009476534296029
chr1	111991486	112005395	ATP5F1	0.9008912454873647
chr2	74710200	74722013	TTC31	0.9008348375451264
chr11	2421718	2425106	TSSC4	0.9007784296028881
chr4	1813206	1857974	LETM1	0.9007220216606499
chr12	53231588	53242876	KRT78	0.9006656137184116
chr22	22051833	22090123	YPEL1	0.9006092057761733
chr11	105946228	105969437	AASDHPPT	0.900552797833935
chr19	36208921	36229779	KMT2B	0.9004963898916968
chr1	120837756	120855681	FAM72B	0.9004399819494585
chr5	140026643	140042064	IK	0.9003835740072202
chr9	127908852	127952218	PPP6C	0.900327166064982
chr14	23340822	23350789	LRP10	0.9002707581227437
chr7	99775186	99819111	STAG3	0.9002143501805054
chr18	5392383	5630699	EPB41L3	0.9001579422382672
chr11	67374323	67380006	NDUFV1	0.9001015342960289
chr20	36322408	36500531	CTNNBL1	0.9000451263537906
