chr1	879584	894689	NOC2L	0.9777188628158845
chr1	1246965	1260071	CPSF3L	0.9689192238267148
chr1	1337288	1342693	MRPL20	0.9530121841155235
chr1	1477053	1510249	SSU72	0.9851647111913358
chr1	6241329	6269449	RPL22	0.9477098375451264
chr1	6581407	6614595	NOL9	0.9726421480144405
chr1	8921061	8939308	ENO1	0.9668885379061373
chr1	10458649	10480201	PGD	0.9850518953068592
chr1	11166592	11322564	MTOR	0.9646886281588448
chr1	17345217	17380665	SDHB	0.9773804151624549
chr1	19665267	19812066	CAPZB	0.9493456678700362
chr1	20978270	20988000	DDOST	0.9798059566787004
chr1	24018269	24022915	RPL11	0.9928925992779783
chr1	24958207	24999758	SRRM1	0.9564530685920578
chr1	26758773	26797785	DHDDS	0.9907490974729243
chr1	27202624	27216788	GPN2	0.9988154332129964
chr1	27226729	27273353	NUDC	0.9624887184115524
chr1	28218035	28241257	RPA2	0.947202166064982
chr1	28832455	28865812	RCC1	0.9916516245487365
chr1	32687529	32697205	EIF3I	0.9739395306859207
chr1	33065773	33116504	ZBTB8OS	0.9842621841155235
chr1	33240840	33283754	YARS	0.9892824909747293
chr1	35641979	35658749	SFPQ	0.9749548736462095
chr1	36067185	36107445	PSMB2	0.9700473826714802
chr1	36185819	36235568	CLSPN	0.9482175090252708
chr1	38000050	38019903	SNIP1	0.9548736462093863
chr1	38147242	38157914	C1orf109	0.981611010830325
chr1	38158090	38175391	CDCA8	0.9494020758122744
chr1	38268616	38273857	YRDC	0.9771547833935018
chr1	38422647	38456593	SF3A3	0.9746164259927799
chr1	40157854	40229586	PPIE	0.9470329422382672
chr1	41445007	41478235	CTPS1	0.983754512635379
chr1	42921788	42939056	PPCS	0.9483867328519856
chr1	43824626	43828874	CDC20	0.992610559566787
chr1	43849588	43855479	MED8	0.9475970216606499
chr1	44412611	44433694	IPO13	0.9900722021660651
chr1	44440159	44443967	ATP6V0B	0.9931182310469314
chr1	45240923	45244451	RPS8	0.9972924187725632
chr1	45316450	45452282	EIF2B3	0.9930054151624549
chr1	45477819	45481247	UROD	0.9543659747292419
chr1	52838501	52870131	ORC1	0.9657039711191336
chr1	53692564	53704282	MAGOH	0.9547608303249098
chr1	76251879	76260764	RABGGTB	0.9818930505415163
chr1	89318615	89357627	GTF2B	0.9887748194945849
chr1	91966408	91991321	CDC7	0.9659296028880867
chr1	93297582	93307481	RPL5	0.9952617328519856
chr1	104068313	104097861	RNPC3	0.9641245487364621
chr1	109234945	109244425	PRPF38B	0.9874210288808665
chr1	109756540	109780791	SARS	0.9871389891696751
chr1	109941653	109969062	PSMA5	0.9606836642599278
chr1	110527308	110566357	AHCYL1	0.9487815884476535
chr1	111982512	111991998	WDR77	0.9723601083032491
chr1	112297867	112310638	DDX20	0.9830212093862816
chr1	113454469	113499635	SLC16A1	0.9582581227436824
chr1	116915290	116952883	ATP1A1	0.9587657942238268
chr1	118472343	118509165	WDR3	0.9868005415162455
chr1	145289772	145370303	NBPF10	0.9777752707581228
chr1	145507598	145513536	RBM8A	0.9926669675090253
chr1	145592605	145611025	POLR3C	0.9665500902527077
chr1	149754245	149783928	HIST2H2BF	0.950586642599278
chr1	149784826	149785236	HIST2H3D	0.9847134476534296
chr1	149895209	149900236	SF3B4	0.9857851985559567
chr1	150459887	150480078	TARS2	0.9616990072202166
chr1	151227179	151239955	PSMD4	0.9541403429602888
chr1	151372010	151374420	PSMB4	0.9915388086642599
chr1	151732119	151736040	MRPL9	0.9602324007220217
chr1	153634512	153643524	ILF2	0.9481611010830325
chr1	153700543	153746555	INTS3	0.9945284296028881
chr1	155278539	155290457	FDPS	0.980764891696751
chr1	155657751	155708801	DAP3	0.9507558664259929
chr1	156024543	156028301	LAMTOR2	0.9454535198555957
chr1	156182784	156212874	PMF1	0.9712883574007221
chr1	156219015	156252620	SMG5	0.9785085740072202
chr1	156278759	156337664	CCT3	0.9965027075812275
chr1	156691683	156698591	ISG20L2	0.9751805054151624
chr1	160259063	160313190	COPA	0.9471457581227437
chr1	161284047	161332984	SDHC	0.9446074007220217
chr1	163236366	163325554	NUF2	0.9550428700361011
chr1	173793641	173827684	DARS2	0.9449458483754513
chr1	174979925	174992561	MRPS14	0.957129963898917
chr1	182808504	182856886	DHX9	0.9515455776173286
chr1	193091147	193223031	CDC73	0.9855031588447654
chr1	203830731	203839678	SNRPE	0.988154332129964
chr1	205055270	205091143	RBBP5	0.9504174187725632
chr1	210001352	210030910	DIEXF	0.9669449458483755
chr1	212208919	212280742	DTL	0.9877030685920578
chr1	212899495	212965124	NSL1	0.9607964801444043
chr1	220141943	220220000	EPRS	0.9797495487364621
chr1	220267444	220321380	IARS2	0.9899593862815885
chr1	224415036	224518089	NVL	0.9859544223826715
chr1	225965531	225978168	SRP9	0.9497969314079423
chr1	226170403	226187032	SDE2	0.9683551444043321
chr1	228327663	228336685	GUK1	0.9873082129963899
chr1	229577045	229644103	NUP133	0.9745036101083033
chr1	229761981	229795946	URB2	0.9742779783393503
chr1	235490665	235507847	GGPS1	0.9462996389891697
chr1	236712305	236767804	HEATR1	0.9853339350180506
chr1	244571796	244615436	ADSS	0.9822879061371842
chr1	245014468	245027844	HNRNPU	0.9816674187725632
chr1	247002400	247095280	AHCTF1	0.9437048736462095
chr10	1034338	1065876	GTPBP4	0.974221570397112
chr10	6130950	6159420	RBM17	0.9646322202166066
chr10	7792925	7829990	KIN	0.9656475631768954
chr10	7860467	8058590	TAF3	0.9576376353790614
chr10	11962021	12085169	UPF2	0.9716268050541517
chr10	12237964	12292588	CDC123	0.9820058664259929
chr10	27443753	27475853	MASTL	0.9790162454873647
chr10	30598730	30663377	MTPAP	0.9591606498194947
chr10	51592080	51623365	TIMM23	0.9658731949458484
chr10	62538089	62554610	CDK1	0.9817238267148015
chr10	70715884	70744829	DDX21	0.9901286101083033
chr10	70939988	70968855	SUPV3L1	0.9840365523465704
chr10	71962586	71993667	PPA1	0.9468073104693141
chr10	74889913	74928813	ECD	0.9950925090252708
chr10	75006510	75012451	MRPS16	0.9759138086642599
chr10	79734907	79789303	POLR3A	0.9815546028880867
chr10	81272357	81276188	EIF5AL1	0.9558889891696751
chr10	88195013	88281572	WAPAL	0.957750451263538
chr10	92631473	92668312	RPP30	0.9554941335740073
chr10	94353043	94415150	KIF11	0.99576940433213
chr10	99116115	99161127	RRP12	0.9563402527075813
chr10	99185917	99193198	PGAM1	0.9795239169675091
chr10	101471601	101491857	COX15	0.9707242779783394
chr10	102106881	102124591	SCD	0.9836416967509025
chr10	102729215	102747272	MRPL43	0.9642373646209387
chr10	102747124	102754158	C10orf2	0.9464688628158845
chr10	105127724	105148822	TAF5	0.9573555956678701
chr10	112327449	112364394	SMC3	0.9956565884476535
chr10	120794356	120840316	EIF3A	0.9827955776173286
chr10	121588972	121652068	MCMBP	0.9479354693140795
chr10	124913793	124924886	BUB3	0.9946976534296029
chr10	135093135	135125841	TUBGCP2	0.9891696750902528
chr11	809647	812880	RPLP2	0.953971119133574
chr11	837356	842545	POLR2L	0.998082129963899
chr11	3022152	3078843	CARS	0.9821750902527077
chr11	3692313	3819022	NUP98	0.9455099277978339
chr11	4115937	4160106	RRM1	0.9998871841155235
chr11	6702013	6704632	MRPL17	0.9560018050541517
chr11	8703958	8736306	RPL27A	0.9908619133574007
chr11	9595228	9615004	WEE1	0.9901850180505416
chr11	10772534	10801290	CTR9	0.9452278880866426
chr11	14464986	14521573	COPB1	0.9764214801444043
chr11	14515329	14665181	PSMA1	0.9799751805054152
chr11	17095936	17099334	RPS13	0.9944720216606499
chr11	33098734	33183917	CSTF3	0.9486687725631769
chr11	34127149	34169217	NAT10	0.9714575812274369
chr11	43577986	43878167	HSD17B12	0.9491764440433214
chr11	46764598	46867847	CKAP5	0.9922721119133574
chr11	47440320	47447993	PSMC3	0.9885491877256318
chr11	47586982	47595013	PTPMT1	0.9912003610108303
chr11	47799639	47870107	NUP160	0.9866313176895307
chr11	57295936	57298276	TIMM10	0.9654783393501806
chr11	57416465	57429340	CLP1	0.9975180505415163
chr11	57480072	57508445	TMX2	0.9757445848375451
chr11	59341871	59383617	OSBP	0.9679602888086642
chr11	59573608	59578345	MRPL16	0.9561710288808665
chr11	60658202	60674060	PRPF19	0.9996615523465704
chr11	61066923	61110068	DDB1	0.9705550541516246
chr11	61560109	61564716	FEN1	0.9448330324909747
chr11	61891445	61920635	INCENP	0.9794111010830325
chr11	62342517	62359649	TUT1	0.9868569494584838
chr11	62414320	62420774	INTS5	0.9692576714801444
chr11	62529016	62534182	POLR2G	0.9890568592057762
chr11	62559595	62573774	NXF1	0.9567351083032491
chr11	62599814	62609281	WDR74	0.9903542418772564
chr11	64083932	64085556	TRMT112	0.9987590252707581
chr11	64532078	64546258	SF1	0.9937387184115524
chr11	64570982	64578766	MEN1	0.9510943140794225
chr11	64781585	64789656	ARL2	0.9760266245487365
chr11	64883875	64885170	ZNHIT2	0.9877594765342961
chr11	64888100	64889945	FAU	0.986687725631769
chr11	64889252	64902004	SYVN1	0.9559453971119134
chr11	65029233	65073060	POLA2	0.9902978339350181
chr11	65479467	65487075	KAT5	0.9709499097472925
chr11	65590493	65629497	CFL1	0.976985559566787
chr11	65729160	65747299	SART1	0.9702730144404332
chr11	65764016	65769647	EIF1AD	0.9745600180505416
chr11	65769550	65771620	BANF1	0.9708935018050542
chr11	65818200	65836779	SF3B2	0.9833032490974729
chr11	66384053	66394818	RBM14	0.9780009025270758
chr11	67159176	67165881	RAD9A	0.9834160649819494
chr11	67820326	67888911	CHKA	0.9476534296028881
chr11	68658744	68671303	MRPL21	0.9614169675090253
chr11	69467844	69490184	ORAOV1	0.9748420577617329
chr11	74204896	74380162	POLD3	0.9465252707581228
chr11	75110530	75133324	RPS3	0.9884927797833936
chr11	77225981	77348850	CLNS1A	0.9600631768953068
chr11	77589766	77705724	INTS4	0.9533506317689531
chr11	82868030	82898493	PCF11	0.9637861010830325
chr11	93517393	93547861	MED17	0.9545351985559567
chr11	108535752	108811657	DDX10	0.9666629061371842
chr11	114310108	114321001	REXO2	0.9438740974729242
chr11	116648436	116658766	ZNF259	0.9752369133574007
chr11	118443105	118473748	ARCN1	0.961360559566787
chr11	118868852	118886501	CCDC84	0.9592734657039712
chr11	118886422	118889401	RPS25	0.9796931407942239
chr11	118889142	118896164	TRAPPC4	0.9522224729241877
chr11	118914900	118927913	HYOU1	0.967903880866426
chr11	118967213	118979041	DPAGT1	0.9895081227436824
chr11	118992297	119006752	HINFP	0.9781137184115524
chr11	125495036	125546150	CHEK1	0.9492892599277979
chr12	6602522	6641121	NCAPD2	0.9672269855595669
chr12	6643093	6647537	GAPDH	0.9805956678700362
chr12	6666029	6677857	NOP2	0.9704986462093863
chr12	6679249	6716642	CHD4	0.9512635379061373
chr12	6961292	6975796	USP5	0.9822314981949459
chr12	7074490	7079988	PHB2	0.9927797833935018
chr12	12966250	12982915	DDX47	0.972754963898917
chr12	27175479	27219276	MED21	0.9563966606498195
chr12	27863706	27909228	MRPS35	0.9439869133574007
chr12	32832134	32898486	DNM1L	0.9961642599277979
chr12	32880424	32908836	YARS2	0.9805392599277979
chr12	49223547	49246625	DDX23	0.9932874548736462
chr12	49521565	49525180	TUBA1B	0.9443253610108303
chr12	50370706	50426919	RACGAP1	0.9635604693140795
chr12	53662083	53687427	ESPL1	0.9961078519855596
chr12	54694986	54745633	COPZ1	0.9596119133574007
chr12	56810903	56843187	TIMELESS	0.9748984657039712
chr12	57125380	57146157	PRIM1	0.9681859205776173
chr12	57869228	57911352	MARS	0.9959950361010831
chr12	69979114	69995350	CCT2	0.9959386281588448
chr12	75890684	75905416	KRR1	0.9580324909747293
chr12	93799449	93836038	UBE2N	0.9517148014440433
chr12	96252706	96297606	SNRPF	0.9982513537906138
chr12	101673887	101780394	UTP20	0.9754625451263538
chr12	108916357	108955176	SART3	0.9604016245487365
chr12	108956358	108963160	ISCU	0.9803700361010831
chr12	110011060	110035067	MVK	0.9517712093862816
chr12	110718561	110788898	ATP2A2	0.9934002707581228
chr12	110890289	110907073	GPN3	0.9944156137184116
chr12	110928902	110939922	VPS29	0.9675654332129964
chr12	112464500	112546826	NAA25	0.9804264440433214
chr12	112842994	112856642	RPL6	0.9939643501805054
chr12	113594979	113623284	DDX54	0.9922157039711191
chr12	114254543	114404176	RBM19	0.9670577617328521
chr12	118451393	118470935	RFC5	0.989226083032491
chr12	120634489	120639038	RPLP0	0.985841606498195
chr12	120881764	120884215	TRIAP1	0.944268953068592
chr12	121016567	121019201	POP5	0.968129512635379
chr12	121746048	121837699	ANAPC5	0.9488379963898917
chr12	123868320	123893905	SETD8	0.9610221119133574
chr12	123942188	123957701	SNRNP35	0.9650270758122744
chr12	124086624	124105488	DDX55	0.9442125451263538
chr12	124104953	124118313	EIF2B1	0.9734318592057762
chr12	124118375	124147153	GTF2H3	0.9580888989169676
chr12	131356424	131362223	RAN	0.9941335740072202
chr12	132621139	132628880	DDX51	0.9608528880866426
chr12	132628993	132637013	NOC4L	0.9695397111913358
chr12	133200348	133263951	POLE	0.9914259927797834
chr12	133302254	133338474	ANKLE2	0.9813289711191336
chr13	21714653	21723221	SAP18	0.9538583032490975
chr13	21750784	21753223	MRP63	0.9817802346570398
chr13	27998681	28009958	GTF3A	0.9741651624548737
chr13	31032884	31191734	HMGB1	0.9491200361010831
chr13	34392186	34540695	RFC3	0.9883235559566788
chr13	37572953	37583750	EXOSC8	0.9685243682310469
chr13	45911008	45915505	TPT1	0.9675090252707581
chr13	73329540	73356234	DIS3	0.9544223826714802
chr13	113831891	113863029	PCID2	0.9648014440433214
chr13	115000362	115038198	CDC16	0.9983077617328521
chr14	20914570	20923264	OSGEP	0.965139891696751
chr14	21677295	21737653	HNRNPC	0.9638989169675091
chr14	21819631	21852425	SUPT16H	0.9720780685920578
chr14	23033805	23058175	DAD1	0.9729805956678701
chr14	23389720	23398794	PRMT5	0.9874774368231047
chr14	23485752	23504439	PSMB5	0.9489508122743683
chr14	23790498	23795394	PABPN1	0.9621502707581228
chr14	23938897	23979071	NGDN	0.9782265342960289
chr14	24686058	24701660	NEDD8	0.9820622743682311
chr14	24734744	24740945	RABGGTA	0.9949796931407943
chr14	35747839	35786699	PSMA6	0.9978000902527077
chr14	50043390	50065408	RPS29	0.9553813176895307
chr14	50065415	50081390	LRR1	0.9971796028880867
chr14	50110273	50155140	POLE2	0.994077166064982
chr14	53173890	53195305	PSMC6	0.9888876353790614
chr14	58666798	58701750	ACTR10	0.94889440433213
chr14	58711549	58738730	PSMA3	0.9761958483754513
chr14	61438169	61448076	TRMT5	0.9508122743682311
chr14	64854749	64926722	MTHFD1	0.9593298736462095
chr14	65381203	65529368	FNTB	0.9811597472924188
chr14	65472892	65569413	MAX	0.9696525270758123
chr14	67761088	67826982	ATP6V1D	0.9855595667870036
chr14	67826714	67853233	EIF2S1	0.9996051444043321
chr14	69846848	69865344	ERH	0.953745487364621
chr14	73525144	73588122	RBM25	0.9714011732851986
chr14	74551499	74667936	LIN52	0.9469765342960289
chr14	75230069	75322244	YLPM1	0.9504738267148015
chr14	75348594	75370448	DLST	0.9627143501805054
chr14	75469614	75476292	EIF2B2	0.9737703068592058
chr14	90722839	90738968	PSMC1	0.9629963898916968
chr14	90742580	90798481	NRDE2	0.9876466606498195
chr14	92588281	92630755	CPSF2	0.9845442238267148
chr14	100800125	100843142	WARS	0.9731498194945849
chr14	100842755	100996640	WDR25	0.9549300541516246
chr14	102430865	102517129	DYNC1H1	0.997236010830325
chr14	102808956	102829253	CINP	0.9473713898916968
chr14	103799881	103811362	EIF5	0.9896773465703972
chr14	103995521	104003410	TRMT61A	0.9565658844765343
chr14	105956192	105965912	C14orf80	0.9458483754512635
chr15	22736246	22746002	GOLGA6L1	0.9947540613718412
chr15	22833395	22873892	TUBGCP5	0.9538018953068592
chr15	29560353	29562033	NDNL2	0.967283393501805
chr15	34376218	34394149	EMC7	0.9750112815884477
chr15	34633917	34635378	NOP10	0.9467509025270758
chr15	35147732	35262040	AQR	0.9989846570397112
chr15	40986972	41024354	RAD51	0.9760830324909747
chr15	41060067	41099675	DNAJC17	0.9743343862815885
chr15	41186628	41196173	VPS18	0.9499661552346571
chr15	41271078	41408552	INO80	0.975067689530686
chr15	41700606	41775761	RTF1	0.9437612815884477
chr15	41809374	41836467	RPAP1	0.9856723826714802
chr15	42273780	42343388	PLA2G4E	0.9444381768953068
chr15	43015757	43029324	CDAN1	0.9474842057761733
chr15	44096690	44117000	MFAP1	0.9634476534296029
chr15	45694529	45713617	SPATA5L1	0.9879287003610109
chr15	48623208	48635570	DUT	0.9682987364620939
chr15	50569389	50647605	GABPB1	0.9523352888086642
chr15	55473004	55489265	RSL24D1	0.9886055956678701
chr15	66782473	66790151	SNAPC5	0.9737138989169676
chr15	66790355	66816870	RPL4	0.9872518050541517
chr15	72491370	72524164	PKM	0.9494584837545127
chr15	74362198	74374891	GOLGA6A	0.9536326714801444
chr15	75315896	75409803	PPCDC	0.9648578519855596
chr15	75661720	75748183	SIN3A	0.9521096570397112
chr15	75931426	75941047	IMP3	0.997461642599278
chr15	78570177	78592136	WDR61	0.9864056859205776
chr15	78832747	78841604	PSMA4	0.949514891696751
chr15	89002707	89010650	MRPL46	0.9578632671480145
chr15	90118713	90174287	TICRR	0.966832129963899
chr15	91509270	91538859	PRC1	0.9697653429602888
chr15	101821715	101835487	SNRPA1	0.9506430505415163
chr16	103010	107669	SNRNP25	0.9814417870036102
chr16	779753	791329	NARFL	0.9701601985559567
chr16	1355548	1377019	UBE2I	0.9847698555956679
chr16	1543345	1560458	TELO2	0.9781701263537906
chr16	1821891	1823156	MRPS34	0.9578068592057762
chr16	2012053	2014861	RPS2	0.9831904332129964
chr16	2022038	2032934	TBL3	0.9808212996389892
chr16	2034208	2037750	GFER	0.9593862815884477
chr16	2273567	2285743	E4F1	0.9444945848375451
chr16	2563871	2570219	ATP6V0C	0.9993231046931408
chr16	2802330	2822539	SRRM2	0.9481046931407943
chr16	3018025	3030540	PKMYT1	0.9628835740072202
chr16	4475806	4506776	DNAJA3	0.972529332129964
chr16	5083703	5137380	ALG1	0.9446638086642599
chr16	10837643	10863208	NUBP1	0.9676782490974729
chr16	11961985	12009939	GSPT1	0.9543095667870036
chr16	15016659	15045915	NPIPA1	0.9871953971119134
chr16	15153879	15188174	RRN3	0.958596570397112
chr16	18792617	18801705	RPS15A	0.994923285198556
chr16	18816175	18937776	SMG1	0.9631656137184116
chr16	21963981	21994981	UQCRC2	0.9524481046931408
chr16	22308730	22346424	POLR3E	0.9774932310469314
chr16	23533335	23569052	EARS2	0.9616425992779783
chr16	23592323	23607677	NDUFAB1	0.957976083032491
chr16	23652713	23681195	DCTN5	0.9800879963898917
chr16	23688977	23701688	PLK1	0.989846570397112
chr16	24549014	24584184	RBBP6	0.954591606498195
chr16	27470876	27561234	GTF3C1	0.9821186823104694
chr16	28699879	28747051	EIF3C	0.9856159747292419
chr16	28853732	28857729	TUFM	0.9618682310469314
chr16	29869678	29875057	CDIPT	0.9840929602888087
chr16	30064411	30081778	ALDOA	0.9791854693140795
chr16	30087299	30096698	PPP4C	0.9912567689530686
chr16	31127075	31142714	KAT8	0.9594990974729242
chr16	46723555	46732306	ORC6	0.970442238267148
chr16	56463045	56486111	NUDT21	0.9789034296028881
chr16	56764017	56878797	NUP93	0.9694833032490975
chr16	57496299	57505922	POLR2C	0.9946412454873647
chr16	58328984	58440048	GINS3	0.9719652527075813
chr16	66965959	66968326	FAM96B	0.9609657039711191
chr16	67471917	67515140	ATP6V0D1	0.9707806859205776
chr16	67876213	67878097	THAP11	0.9539147111913358
chr16	67880635	67906470	NUTF2	0.9814981949458484
chr16	68318406	68344849	SLC7A6OS	0.9762522563176895
chr16	68877507	69119083	TANGO6	0.9756881768953068
chr16	69165194	69265033	CIRH1A	0.9862928700361011
chr16	69373333	69377014	NIP7	0.9667757220216607
chr16	69389464	69442474	TERF2	0.971908844765343
chr16	69775770	69788843	NOB1	0.9677910649819494
chr16	70284134	70285833	EXOSC6	0.9953181407942239
chr16	70286198	70323446	AARS	0.9827391696750903
chr16	70557691	70608820	SF3B3	0.9998307761732852
chr16	72042487	72058954	DHODH	0.9849390794223827
chr16	72127461	72146811	DHX38	0.9534070397111913
chr16	74330673	74340186	PSMD7	0.9722472924187726
chr16	75661622	75682541	KARS	0.9888312274368232
chr16	84211458	84220669	TAF1C	0.9562274368231047
chr16	85709804	85723679	GINS2	0.9967283393501806
chr16	85832239	85840650	COX4I1	0.9657603790613719
chr16	88718343	88729569	MVD	0.9960514440433214
chr16	88869621	88875666	CDT1	0.9882107400722022
chr16	89627065	89630950	RPL13	0.996389891696751
chr17	1553923	1588176	PRPF8	0.9971231949458484
chr17	1732996	1803376	RPA1	0.9861236462093863
chr17	2225797	2240801	TSR1	0.9535762635379061
chr17	2308856	2415185	METTL16	0.9692012635379061
chr17	2496504	2588909	PAFAH1B1	0.9776624548736462
chr17	4442192	4458926	MYBBP1A	0.9717396209386282
chr17	4574679	4607632	PELP1	0.9825699458483755
chr17	4634723	4636905	MED11	0.98014440433213
chr17	4699439	4701790	PSMB6	0.9811033393501806
chr17	4848947	4852356	PFN1	0.9615297833935018
chr17	5264258	5323480	NUP88	0.9459611913357401
chr17	5344232	5372380	DHX33	0.9802008122743683
chr17	6915736	6917851	RNASEK	0.9461868231046932
chr17	7210318	7215774	EIF5A	0.9667193140794225
chr17	7387685	7417933	POLR2A	0.9945848375451264
chr17	7476024	7482323	EIF4A1	0.9644065884476535
chr17	7833663	7835441	TRAPPC1	0.9676218411552346
chr17	8108056	8113918	AURKB	0.9830776173285198
chr17	8150936	8173809	PFAS	0.9853903429602888
chr17	8280838	8286531	RPL26	0.9910311371841155
chr17	12895708	12921504	ELAC2	0.9677346570397112
chr17	13972813	14111994	COX10	0.9569607400722022
chr17	16284112	16286059	UBB	0.9592170577617329
chr17	17150141	17184607	COPS3	0.9519404332129964
chr17	26989109	27029697	SUPT6H	0.9547044223826715
chr17	27046411	27051377	RPL23A	0.9999435920577617
chr17	30187923	30228784	UTP6	0.9655347472924188
chr17	30771279	30810336	PSMD11	0.9557761732851986
chr17	33455772	33469334	NLE1	0.9602888086642599
chr17	34493061	34503996	TBC1D3B	0.9490636281588448
chr17	34580902	34757050	TBC1D3C	0.966211642599278
chr17	36283971	36294915	TBC1D3F	0.9611349277978339
chr17	36337711	36358166	TBC1D3	0.9632220216606499
chr17	36452989	36479101	MRPL45	0.9526173285198556
chr17	36908989	36920484	PSMB3	0.9891132671480145
chr17	37004118	37010096	RPL23	0.9936259025270758
chr17	37356536	37360980	RPL19	0.9466380866425993
chr17	37560538	37607539	MED1	0.9620938628158845
chr17	38137050	38154213	PSMD3	0.969370487364621
chr17	38443885	38459171	CDC6	0.9595555054151624
chr17	40713485	40718295	COASY	0.9572427797833936
chr17	40761694	40767252	TUBG1	0.9686371841155235
chr17	40925454	40931617	VPS25	0.9767599277978339
chr17	41150290	41154976	RPL27	0.9739959386281589
chr17	41561233	41621831	DHX8	0.9858980144404332
chr17	42927311	42977030	EFTUD2	0.9992102888086642
chr17	44668035	44834830	NSF	0.9886620036101084
chr17	45195069	45266788	CDC27	0.9783393501805054
chr17	45726842	45762871	KPNB1	0.9952053249097473
chr17	47481414	47492246	PHB	0.9746728339350181
chr17	48796905	48833574	LUC7L3	0.9738831227436824
chr17	56080721	56084707	SRSF1	0.9884363718411553
chr17	56769934	56811703	RAD51C	0.9455663357400722
chr17	57697219	57773671	CLTC	0.9529557761732852
chr17	57784553	57919616	VMP1	0.9530685920577617
chr17	61904512	61909379	PSMC5	0.9851083032490975
chr17	65334032	65362743	PSMD12	0.9501917870036102
chr17	72199721	72206794	RPL38	0.984995487364621
chr17	73106047	73126360	ARMC7	0.9666064981949459
chr17	73201754	73231853	NUP85	0.9826263537906138
chr17	73232694	73258444	GGA3	0.9511507220216607
chr17	73512141	73520820	TSEN54	0.9570171480144405
chr17	73663196	73704142	SAP30BP	0.9721908844765343
chr17	73894724	73905899	MRPL38	0.9639553249097473
chr17	74730197	74733456	SRSF2	0.9985898014440434
chr17	76210267	76221717	BIRC5	0.9736574909747293
chr17	76374721	76421195	PGS1	0.9440997292418772
chr17	78109013	78120982	EIF4A3	1.0
chr17	78518619	78940171	RPTOR	0.9813853790613719
chr17	78965398	78983317	CHMP6	0.9725857400722022
chr17	79163393	79196799	AZI1	0.948048285198556
chr17	79523913	79615495	NPLOC4	0.9721344765342961
chr17	79845713	79849462	ALYREF	0.9619246389891697
chr17	79848666	79858867	ANAPC11	0.9873646209386282
chr17	80008567	80015346	GPS1	0.9697089350180506
chr17	80709940	80900724	TBCD	0.9574684115523466
chr18	2571510	2616634	NDC80	0.9928361913357401
chr18	12328943	12377313	AFG3L2	0.9703294223826715
chr18	19192228	19210417	SNRPD1	0.9893953068592058
chr18	43664110	43684300	ATP5A1	0.9654219314079423
chr18	43684298	43708299	HAUS1	0.9618118231046932
chr18	47014851	47018906	RPL17	0.9848262635379061
chr18	55267888	55289445	NARS	0.996615523465704
chr18	77732867	77793949	TXNL4A	0.9994923285198556
chr19	617223	633597	POLRMT	0.9552685018050542
chr19	983174	994569	WDR18	0.9625451263537906
chr19	1086594	1095598	POLR2E	0.9857287906137184
chr19	1241749	1244824	ATP5D	0.9730370036101084
chr19	1438358	1440583	RPS15	0.9954309566787004
chr19	1609291	1652604	TCF3	0.954817238267148
chr19	2236520	2248678	SF3A2	0.9869697653429603
chr19	2321516	2328619	LSM7	0.9641809566787004
chr19	2425622	2427892	TIMM13	0.9456227436823105
chr19	3490819	3500938	DOHH	0.9536890794223827
chr19	3976054	3985467	EEF2	0.9979129061371842
chr19	4247076	4269087	CCDC94	0.9712319494584838
chr19	4402659	4445015	CHAF1A	0.9680731046931408
chr19	5674958	5691887	RPL36	0.9973488267148015
chr19	7684411	7694451	XAB2	0.990692689530686
chr19	7991603	8008805	TIMM44	0.9518276173285198
chr19	8386042	8388224	RPS28	0.9984205776173286
chr19	9938568	9940791	UBL5	0.9848826714801444
chr19	10216899	10225456	PPAN-P2RY11	0.9459047833935018
chr19	10216965	10225414	PPAN	0.9457919675090253
chr19	10225693	10230596	EIF3G	0.994302797833935
chr19	10244021	10341962	DNMT1	0.96451940433213
chr19	10362577	10370721	MRPL4	0.9808777075812275
chr19	10501810	10530797	CDC37	0.9518840252707581
chr19	10663761	10676713	KRI1	0.9829083935018051
chr19	10764937	10803093	ILF3	0.9516019855595668
chr19	10828755	10944164	DNM2	0.9997179602888087
chr19	11071598	11176071	SMARCA4	0.9605708483754513
chr19	11242196	11266484	SPC24	0.9899029783393503
chr19	13033293	13044851	FARSA	0.9964462996389892
chr19	13064972	13068050	GADD45GIP1	0.956283844765343
chr19	16628700	16653341	CHERP	0.9780573104693141
chr19	17160539	17186435	HAUS8	0.951658393501805
chr19	17403418	17417652	MRPL34	0.9485559566787004
chr19	17970685	17974962	RPL18A	0.9969539711191336
chr19	18417040	18434084	LSM4	0.947427797833935
chr19	18553473	18632937	ELL	0.9732062274368232
chr19	18682540	18688360	UBA52	0.9842057761732852
chr19	18942747	18979045	UPF1	0.9865185018050542
chr19	19010323	19030206	COPE	0.9919900722021661
chr19	19030484	19039436	DDX49	0.9953745487364621
chr19	19256376	19302967	MEF2BNB-MEF2B	0.945735559566787
chr19	19256377	19303400	MEF2B	0.9456791516245487
chr19	19431490	19469563	MAU2	0.9879851083032491
chr19	30094924	30108144	POP4	0.9600067689530686
chr19	36103646	36116251	HAUS5	0.9846006317689531
chr19	36139125	36149763	COX6B1	0.9464124548736462
chr19	36604612	36606248	POLR2I	0.9918208483754513
chr19	36605191	36616849	TBCB	0.9645758122743683
chr19	39327028	39342987	HNRNPL	0.9601195848375451
chr19	39405906	39440495	SARS2	0.9741087545126355
chr19	39923847	39926588	RPS16	0.9783957581227437
chr19	39926796	39967310	SUPT5H	0.9794675090252708
chr19	40325098	40337054	FBL	0.9567915162454874
chr19	40476912	40487348	PSMC4	0.9789598375451264
chr19	41892279	41903384	EXOSC5	0.96875
chr19	42363988	42376994	RPS19	0.9976308664259929
chr19	42572629	42585701	ZNF574	0.9770983754512635
chr19	45393826	45406946	TOMM40	0.9469201263537906
chr19	45853095	45874176	ERCC2	0.9896209386281589
chr19	46190712	46195827	SNRPD2	0.982457129963899
chr19	47341393	47354249	AP2S1	0.9658167870036102
chr19	47567444	47617009	ZC3H4	0.9584837545126355
chr19	47616531	47713886	SAE1	0.9684115523465704
chr19	47990894	48018497	NAPA	0.9769291516245487
chr19	48618702	48673860	LIG1	0.9483303249097473
chr19	48949030	48960279	GRWD1	0.9609092960288809
chr19	49118585	49122793	RPL18	0.9989282490974729
chr19	49496705	49519252	RUVBL2	0.9995487364620939
chr19	49588676	49611862	SNRNP70	0.9735446750902528
chr19	49990811	49995565	RPL13A	0.9962206678700362
chr19	49999622	50002946	RPS11	0.9920464801444043
chr19	50145382	50161899	SCAF1	0.9528429602888087
chr19	50179043	50192286	PRMT1	0.9806520758122744
chr19	50364461	50371166	PNKP	0.9643501805054152
chr19	50410082	50433020	NUP62	0.978677797833935
chr19	52693292	52730687	PPP2R1A	0.9660424187725632
chr19	54618837	54635140	PRPF31	0.9955437725631769
chr19	54693789	54697585	TSEN34	0.9604580324909747
chr19	54704610	54752862	RPS9	0.9948668772563177
chr19	54960065	54973217	LENG8	0.9532942238267148
chr19	56165512	56186081	U2AF2	0.9895645306859207
chr19	58897767	58906173	RPS5	0.986067238267148
chr19	59062933	59066491	CHMP2A	0.9807084837545127
chr19	59067079	59070327	UBE2M	0.9802572202166066
chr2	1792885	2335032	MYT1L	0.9570735559566788
chr2	3622795	3628509	RPS7	0.9925541516245487
chr2	9563697	9613230	CPSF3	0.9758009927797834
chr2	10262455	10271545	RRM2	0.9941899819494585
chr2	10710892	10830101	NOL10	0.9553249097472925
chr2	26987157	27023935	CENPA	0.9598375451263538
chr2	27353624	27357543	PREB	0.9565094765342961
chr2	27440258	27466811	CAD	0.9767035198555957
chr2	27548716	27579868	GTF3C2	0.9690320397111913
chr2	27587219	27593353	EIF2B4	0.9587093862815885
chr2	27851114	27874375	GPN1	0.955437725631769
chr2	27994584	28210954	MRPL33	0.9453971119133574
chr2	28974506	29025806	PPP1CB	0.9649142599277979
chr2	29117509	29171088	WDR43	0.9935130866425993
chr2	32092878	32264881	DPY30	0.9513199458483755
chr2	32853099	33046118	TTC27	0.984375
chr2	37428755	37458856	CEBPZ	0.969596119133574
chr2	38522022	38604427	ATL2	0.9594426895306859
chr2	38970741	38978636	SRSF7	0.9678474729241877
chr2	45615819	45839304	SRBD1	0.978452166064982
chr2	55459039	55462989	RPS27A	0.9882671480144405
chr2	61704984	61765761	XPO1	0.9976872743682311
chr2	62095224	62115939	CCT4	0.9861800541516246
chr2	68350068	68384692	WDR92	0.9586529783393503
chr2	69546905	69614382	GFPT1	0.9566222924187726
chr2	70314585	70316332	PCBP1	0.9527301444043321
chr2	70508494	70520903	SNRPG	0.9671705776173286
chr2	71357444	71377231	MPHOSPH10	0.9588222021660651
chr2	73460548	73480149	CCT7	0.9824007220216607
chr2	74119441	74146992	ACTG2	0.9438176895306859
chr2	74699085	74700449	MRPL53	0.9583709386281589
chr2	85766288	85772403	MAT2A	0.977831678700361
chr2	85829979	85876403	USP39	0.9905798736462095
chr2	86247339	86333278	POLR1A	0.9863492779783394
chr2	95752952	95815179	MRPS5	0.9477662454873647
chr2	96931870	96939087	CIAO1	0.9632784296028881
chr2	96940074	96971297	SNRNP200	0.9831340252707581
chr2	97001525	97039583	NCAPH	0.9770419675090253
chr2	99215773	99224978	COA5	0.9775496389891697
chr2	99953816	100017789	EIF5B	0.9919336642599278
chr2	101618177	101640494	RPL31	0.962206678700361
chr2	110550335	110615272	RGPD5	0.9556069494584838
chr2	113299492	113334635	POLR1B	0.9958258122743683
chr2	113403434	113421404	SLC20A1	0.9796367328519856
chr2	114195268	114253766	CBWD2	0.9499097472924188
chr2	118572226	118589955	DDX18	0.9772111913357401
chr2	128014866	128051752	ERCC3	0.9691448555956679
chr2	128458596	128568761	WDR33	0.9864620938628159
chr2	128603840	128615731	POLR2D	0.9732626353790614
chr2	131099798	131105383	IMP4	0.9661552346570398
chr2	136664247	136743670	DARS	0.9913131768953068
chr2	162164549	162268228	PSMD14	0.9933438628158845
chr2	169690642	169769881	SPC25	0.946581678700361
chr2	190306159	190340291	WDR75	0.9698781588447654
chr2	198254508	198299815	SF3B1	0.9527865523465704
chr2	198351305	198381461	HSPD1	0.9640681407942239
chr2	198364718	198368181	HSPE1	0.9990974729241877
chr2	198570087	198573113	MARS2	0.9766471119133574
chr2	203130439	203168389	NOP58	0.9843185920577617
chr2	203739505	203879521	WDR12	0.9715139891696751
chr2	216176540	216214487	ATIC	0.9763650722021661
chr2	216972187	217071026	XRCC5	0.9613041516245487
chr2	217362912	217443903	RPL37A	0.9862364620938628
chr2	219128850	219134980	AAMP	0.9791290613718412
chr2	223435255	223521056	FARSB	0.9829648014440433
chr2	224822121	224832431	MRPL44	0.944889440433213
chr2	231921578	232037541	PSMD1	0.9601759927797834
chr2	242615157	242626406	DTYMK	0.9979693140794225
chr20	2442280	2451499	SNRPB	0.9599503610108303
chr20	2632791	2639039	NOP56	0.9462432310469314
chr20	5095599	5107272	PCNA	0.9983641696750903
chr20	20015012	20036690	CRNKL1	0.9452842960288809
chr20	25388363	25433264	GINS1	0.9582017148014441
chr20	30327074	30389608	TPX2	0.9684679602888087
chr20	30532758	30539895	PDRG1	0.9451714801444043
chr20	32399110	32442172	CHMP4B	0.9482739169675091
chr20	32676104	32700138	EIF2S2	0.977606046931408
chr20	32868074	32899608	AHCY	0.9680166967509025
chr20	33866714	33872788	EIF6	0.988379963898917
chr20	34255977	34287281	NFS1	0.9803136281588448
chr20	34291531	34330234	RBM39	0.9841493682310469
chr20	36611409	36661870	TTI1	0.9917080324909747
chr20	39657458	39753127	TOP1	0.9664372743682311
chr20	45313004	45318418	TP53RK	0.9650834837545127
chr20	47662849	47713489	CSE1L	0.9768727436823105
chr20	47835884	47860614	DDX27	0.9793546931407943
chr20	54944445	54967393	AURKA	0.9747856498194947
chr20	54967427	54979518	CSTF1	0.9638425090252708
chr20	55043647	55093943	RTFDC1	0.9688628158844765
chr20	55926066	55954267	RAE1	0.971062725631769
chr20	57608200	57617964	SLMO2	0.9496277075812275
chr20	60711791	60718496	PSMA7	0.9915952166064982
chr20	60758085	60778624	MTG2	0.9674526173285198
chr20	60962172	60963576	RPS21	0.9581453068592058
chr20	62612488	62664453	PRPF6	0.9923285198555957
chr21	26957968	26979829	MRPL39	0.951207129963899
chr21	30244513	30257693	N6AMT1	0.9436484657039712
chr21	30428126	30446118	CCT8	0.9670013537906138
chr21	33964389	33985176	C21orf59	0.9889440433212997
chr21	34876238	34915797	GART	0.9597811371841155
chr21	34914924	34949812	SON	0.9653091155234658
chr21	34931848	34961014	DONSON	0.9765342960288809
chr21	35445524	35515334	MRPS6	0.9478226534296029
chr21	44513066	44527697	U2AF1	0.9809341155234658
chr21	45527171	45551063	PWP2	0.983528880866426
chr22	18074902	18111584	ATP6V1E1	0.9506994584837546
chr22	19117792	19132197	DGCR14	0.9535198555956679
chr22	19437433	19466738	UFD1L	0.9627707581227437
chr22	19466982	19508135	CDC45	0.9986462093862816
chr22	19770747	19842462	GNB1L	0.962827166064982
chr22	20067755	20099400	DGCR8	0.9690884476534296
chr22	21903736	21978323	UBE2L3	0.9523916967509025
chr22	21987005	21991616	CCDC116	0.9728677797833936
chr22	22006559	22054304	PPIL2	0.993231046931408
chr22	23521891	23660224	BCR	0.9835852888086642
chr22	24129150	24176703	SMARCB1	0.9649706678700362
chr22	24951471	25005947	SNRPD3	0.9984769855595669
chr22	26887191	26908471	TFIP11	0.9724165162454874
chr22	29138019	29153503	HSCB	0.9730934115523466
chr22	30126945	30163000	ZMAT5	0.9615861913357401
chr22	30727977	30752936	SF3A1	0.9950361010830325
chr22	30972612	31003070	PES1	0.991764440433213
chr22	32014477	32058418	PISD	0.9510379061371842
chr22	32783569	32808242	RTCB	0.9635040613718412
chr22	35796056	35821423	MCM5	0.9825135379061373
chr22	36677327	36784063	MYH9	0.950361010830325
chr22	36906897	36925483	EIF3D	0.9958822202166066
chr22	38077680	38170137	NOL12	0.9450022563176895
chr22	38348614	38437922	POLR2F	0.9768163357400722
chr22	39077953	39080818	TOMM22	0.9626015342960289
chr22	39708887	39716394	RPL3	0.9963334837545127
chr22	40742507	40786467	ADSL	0.9798623646209387
chr22	41347351	41369313	RBX1	0.9724729241877257
chr22	41487790	41576081	EP300	0.9673398014440433
chr22	41641615	41682255	RANGAP1	0.9844878158844765
chr22	41855721	41864729	PHF5A	0.9978564981949459
chr22	41865129	41924993	ACO2	0.9682423285198556
chr22	41921808	41940610	POLR3H	0.9870825812274369
chr22	42017123	42060044	XRCC6	0.9758574007220217
chr22	42069934	42086508	NHP2L1	0.9929490072202166
chr22	42334725	42343168	CENPM	0.9839801444043321
chr22	44351301	44406411	SAMM50	0.9460175992779783
chr22	50961997	50964868	SCO2	0.944043321299639
chr3	10334815	10362862	SEC13	0.9924413357400722
chr3	12875984	12883087	RPL32	0.9987026173285198
chr3	14219858	14242619	LSM3	0.9487251805054152
chr3	15083967	15106842	MRPS25	0.9468637184115524
chr3	16299485	16306479	DPH3	0.9453407039711191
chr3	23958036	23965183	RPL15	0.9977436823104694
chr3	39448180	39454033	RPSA	0.9938515342960289
chr3	40498783	40503861	RPL14	0.9918772563176895
chr3	42623332	42636606	SS18L2	0.9826827617328521
chr3	45016733	45077558	EXOSC7	0.9716832129963899
chr3	45730548	45786916	SACM1L	0.9557197653429603
chr3	47455203	47518616	SCAP	0.9528993682310469
chr3	47537130	47555251	ELP6	0.9514891696750903
chr3	47844399	47891685	DHX30	0.963052797833935
chr3	48488114	48507115	ATRIP	0.9503046028880867
chr3	49061758	49066841	IMPDH2	0.9640117328519856
chr3	49133365	49142553	QARS	0.9968411552346571
chr3	49396578	49450431	RHOA	0.9450586642599278
chr3	49754277	49761384	GMPPB	0.9957129963898917
chr3	53122499	53164478	RFT1	0.9439305054151624
chr3	53901093	53916229	ACTR8	0.9603452166064982
chr3	58291974	58310422	RPP14	0.9514327617328521
chr3	63819546	63849579	THOC7	0.973375451263538
chr3	63996225	64009658	PSMD6	0.9751240974729242
chr3	69103881	69129559	UBA3	0.9733190433212997
chr3	72798428	72911065	SHQ1	0.9501353790613719
chr3	101367733	101396339	ZBTB11	0.9779444945848376
chr3	101399935	101405626	RPL24	0.9846570397111913
chr3	111311747	111314290	ZBED2	0.9461304151624549
chr3	112721287	112738708	C3orf17	0.9591042418772564
chr3	113435307	113465147	NAA50	0.9521660649819494
chr3	113465866	113530903	ATP6V1A	0.9981949458483755
chr3	119373360	119396301	COX17	0.9644629963898917
chr3	124449213	124464040	UMPS	0.9897337545126355
chr3	127317066	127341276	MCM2	0.9906362815884477
chr3	127770484	127790526	SEC61A1	0.9812161552346571
chr3	127783621	127872757	RUVBL1	0.9962770758122744
chr3	128338817	128399918	RPN1	0.9703858303249098
chr3	137879854	137893791	DBR1	0.9990410649819494
chr3	139074442	139108574	COPB2	0.9869133574007221
chr3	142168077	142297668	ATR	0.9660988267148015
chr3	155588325	155661815	GMPS	0.9560582129963899
chr3	172468472	172539264	ECT2	0.9558325812274369
chr3	179280668	179306196	ACTL6A	0.9773240072202166
chr3	183852826	184402546	EIF2B5	0.9706678700361011
chr3	184016497	184026842	PSMD2	0.9715703971119134
chr3	184032283	184053146	EIF4G1	0.9555505415162455
chr3	184079506	184086384	POLR2H	0.9575248194945849
chr3	186507669	186524847	RFC4	0.9620374548736462
chr3	195754054	195809060	TFRC	0.9970103790613719
chr3	196662273	196669468	NCBP2	0.9930618231046932
chr3	197676858	197683481	RPL35A	0.9954873646209387
chr4	7060633	7069924	GRPEL1	0.9860108303249098
chr4	10075963	10118573	WDR1	0.9589350180505416
chr4	24519064	24586173	DHX15	0.9854467509025271
chr4	25378835	25420120	ANAPC4	0.9550992779783394
chr4	39289076	39367995	RFC1	0.9706114620938628
chr4	39455744	39460568	RPL9	0.9981385379061373
chr4	54243810	55161439	FIP1L1	0.9631092057761733
chr4	57259528	57301781	PPAT	0.9711755415162455
chr4	57301907	57327534	PAICS	0.9597247292418772
chr4	57843888	57897334	POLR2B	0.9942463898916968
chr4	69176105	69215807	YTHDC1	0.9786213898916968
chr4	76862103	76912115	SDAD1	0.9642937725631769
chr4	109541722	109551568	RPL34	0.979298285198556
chr4	140222609	140341187	NAA15	0.9505302346570398
chr4	146019084	146050331	ABCE1	0.9819494584837546
chr4	152020725	152025804	RPS3A	0.9988718411552346
chr5	218356	256815	SDHA	0.9728113718411553
chr5	10250033	10266524	CCT5	0.9904106498194947
chr5	16451628	16465901	ZNF622	0.9647450361010831
chr5	33440802	33469644	TARS	0.9838673285198556
chr5	34915481	34926101	BRIX1	0.9612477436823105
chr5	36876861	37066515	NIPBL	0.9663808664259929
chr5	37379314	37753537	WDR70	0.9500789711191336
chr5	40825364	40835437	RPL37	0.9935694945848376
chr5	43289497	43313614	HMGCS1	0.980990523465704
chr5	52083774	52099880	PELO	0.9585401624548737
chr5	54603588	54721409	SKIV2L2	0.9540275270758123
chr5	61683081	61699766	DIMT1	0.959668321299639
chr5	64859063	64883376	PPWD1	0.9479918772563177
chr5	68530668	68573250	CDK7	0.9651962996389892
chr5	68856035	68890550	GTF2H2C	0.963673285198556
chr5	71515236	71616473	MRPS27	0.9579196750902528
chr5	72861268	72877794	UTP15	0.9478790613718412
chr5	74062817	74072737	NSA2	0.9549864620938628
chr5	74632154	74657929	HMGCR	0.9921592960288809
chr5	79922047	79950802	DHFR	0.9902414259927799
chr5	81569177	81574396	RPS23	0.9908055054151624
chr5	86687311	86708836	CCNH	0.9663244584837546
chr5	96496571	96518964	RIOK2	0.9466944945848376
chr5	110427414	110466200	WDR36	0.9673962093862816
chr5	112196919	112205485	SRP19	0.9540839350180506
chr5	133484633	133512729	SKP1	0.9451150722021661
chr5	133530025	133561833	PPP2CA	0.9931746389891697
chr5	134094469	134190823	DDX46	0.9894517148014441
chr5	137523339	137549032	CDC23	0.9756317689530686
chr5	137841784	137878989	ETF1	0.981836642599278
chr5	137890571	137911133	HSPA9	0.9980257220216607
chr5	140044261	140053709	WDR55	0.9743907942238268
chr5	140052758	140071609	HARS	0.9975744584837546
chr5	140071011	140078889	HARS2	0.961981046931408
chr5	140078265	140086248	ZMAT2	0.9720216606498195
chr5	141000443	141016437	HDAC3	0.9699345667870036
chr5	145492601	145562223	LARS	0.9576940433212997
chr5	149822753	149829319	RPS14	0.9951489169675091
chr5	150070356	150080669	RBM22	0.9688064079422383
chr5	154266976	154317769	GEMIN5	0.9832468411552346
chr5	157170703	157187717	LSM11	0.9561146209386282
chr5	159436120	159492550	TTC1	0.9520532490974729
chr5	159828648	159848718	SLU7	0.9473149819494585
chr5	167913450	167946304	RARS	0.9764778880866426
chr5	171288553	171433877	FBXW11	0.9546480144404332
chr5	175344876	175461683	THOC3	0.9572991877256318
chr5	175810949	175815976	NOP16	0.9694268953068592
chr5	176730775	176733960	PRELID1	0.975293321299639
chr5	176938578	176944470	DDX41	0.952278880866426
chr5	177576461	177580968	NHP2	0.952504512635379
chr5	179041179	179061785	HNRNPH1	0.9662680505415163
chr5	180663909	180675096	GNB2L1	0.9900157942238268
chr6	5261277	5771813	FARS2	0.9610785198555957
chr6	10694928	10710015	PAK1IP1	0.975518953068592
chr6	26597180	26600278	ABT1	0.9484431407942239
chr6	30312908	30314661	RPP21	0.9923849277978339
chr6	30539153	30564956	ABCF1	0.960514440433213
chr6	30667584	30685666	MDC1	0.9447766245487365
chr6	30687978	30693203	TUBB	0.9970667870036102
chr6	30875961	30881883	GTF2H4	0.9626579422382672
chr6	31633013	31638120	CSNK2B	0.9636168772563177
chr6	31745295	31763730	VARS	0.9968975631768954
chr6	31765173	31774761	LSM2	0.9924977436823105
chr6	33218049	33239824	VPS52	0.9588786101083033
chr6	33239787	33244287	RPS18	0.9785649819494585
chr6	33246885	33257304	WDR46	0.9810469314079423
chr6	33257079	33266178	PFDN6	0.9788470216606499
chr6	34385231	34393902	RPS10	0.991143953068592
chr6	34725183	34741571	SNRPC	0.9484995487364621
chr6	35436185	35438562	RPL10A	0.9710063176895307
chr6	36562145	36573377	SRSF3	0.9754061371841155
chr6	41040684	41067715	NFYA	0.9623194945848376
chr6	41873092	41888877	MED20	0.965986010830325
chr6	41888926	41900784	BYSL	0.973601083032491
chr6	42712219	42714558	TBCC	0.993456678700361
chr6	42847356	42857663	RPL7L1	0.9590478339350181
chr6	43477440	43497323	POLR1C	0.9893388989169676
chr6	44355262	44418163	CDC5L	0.9689756317689531
chr6	52128807	52149679	MCM3	0.9836981046931408
chr6	74225473	74233520	EEF1A1	0.9943592057761733
chr6	88224096	88299721	RARS2	0.9624323104693141
chr6	88299839	88377169	ORC3	0.9492328519855596
chr6	89319985	89673348	RNGTT	0.9914824007220217
chr6	90352218	90529442	MDN1	0.949740523465704
chr6	107077453	107116292	QRSL1	0.9490072202166066
chr6	117996665	118031803	NUS1	0.9633348375451264
chr6	132029581	132032206	CTAGE9	0.965365523465704
chr6	133135580	133138703	RPS12	0.9967847472924188
chr6	135502453	135540311	MYB	0.9629399819494585
chr6	144164481	144184949	LTV1	0.9568479241877257
chr6	144416018	144416754	SF3B5	0.9772675992779783
chr6	150045451	150070801	NUP43	0.9500225631768954
chr6	160199530	160210781	TCP1	0.9778880866425993
chr6	170844205	170862429	PSMB1	0.946356046931408
chr7	1509913	1545489	INTS1	0.9622630866425993
chr7	1606966	1610641	PSMG3	0.985221119133574
chr7	2393721	2420380	EIF3B	0.9566787003610109
chr7	19735085	19748710	TWISTNB	0.9718524368231047
chr7	25159710	25164980	CYCS	0.9787906137184116
chr7	30634297	30673649	GARS	0.9475406137184116
chr7	39605975	39649919	YAE1D1	0.9509250902527077
chr7	42948872	42971773	PSMA2	0.9734882671480145
chr7	43906157	43909492	MRPS24	0.9508686823104694
chr7	44154286	44163957	POLD2	0.9833596570397112
chr7	44418720	44530479	NUDCD3	0.9509814981949459
chr7	44605016	44614650	DDX56	0.9905234657039712
chr7	44646171	44748665	OGDH	0.9927233754512635
chr7	47735328	48019178	HUS1	0.9472585740072202
chr7	56119323	56131682	CCT6A	0.9865749097472925
chr7	73097355	73119491	WBSCR22	0.9878722924187726
chr7	73645829	73668774	RFC2	0.9910875451263538
chr7	74441226	74490064	WBSCR16	0.9447202166064982
chr7	98475556	98610866	TRRAP	0.9790726534296029
chr7	99006264	99017239	BUD31	0.9823443140794225
chr7	99014362	99063787	PTCD1	0.9544787906137184
chr7	99686577	99689823	COPS6	0.9498533393501806
chr7	99690351	99699563	MCM7	0.9800315884476535
chr7	99704693	99717464	TAF6	0.9583145306859207
chr7	100026413	100031741	MEPCE	0.9685807761732852
chr7	100303676	100305118	POP7	0.9708370938628159
chr7	100472733	100486285	SRRT	0.9723037003610109
chr7	102113565	102119354	POLR2J	0.9965591155234658
chr7	102178365	102213103	POLR2J3	0.9992666967509025
chr7	102277474	102312076	POLR2J2	0.9940207581227437
chr7	102937869	102969958	PMPCB	0.9541967509025271
chr7	102984701	103009842	PSMC2	0.9787342057761733
chr7	105888731	105926772	NAMPT	0.9804828519855596
chr7	128502880	128505898	ATP6V1F	0.9774368231046932
chr7	128594948	128695198	TNPO3	0.9574120036101084
chr7	129251555	129396922	NRF1	0.9575812274368232
chr7	135242667	135333505	NUP205	0.9502481949458484
chr7	148395006	148498128	CUL1	0.9526737364620939
chr8	20054878	20084330	ATP6V1B2	0.9921028880866426
chr8	27947190	28048673	ELP3	0.9552120938628159
chr8	28625178	28747759	INTS9	0.9747292418772564
chr8	33330904	33371119	TTI2	0.9633912454873647
chr8	33342268	33358778	MAK16	0.9763086642599278
chr8	37700786	37707422	BRF2	0.9765907039711191
chr8	37962760	38001594	ASH2L	0.9623759025270758
chr8	41386725	41402565	GINS4	0.9556633574007221
chr8	48872745	48890720	MCM4	0.959893953068592
chr8	56979854	56987069	RPS20	0.9717960288808665
chr8	67341263	67342966	RRS1	0.9614733754512635
chr8	67955314	67996018	COPS5	0.9531814079422383
chr8	74202506	74208024	RPL7	0.9713447653429603
chr8	99037079	99058697	RPL30	0.9839237364620939
chr8	99129525	99172062	POP1	0.9551556859205776
chr8	101162812	101166230	POLR2K	0.9441561371841155
chr8	109213445	109447562	EIF3E	0.9513763537906138
chr8	117778742	117861702	UTP23	0.9844314079422383
chr8	117858174	117887105	RAD21	0.9698217509025271
chr8	118532952	118552501	MED30	0.9729241877256318
chr8	128747680	128753674	MYC	0.9828519855595669
chr8	132916335	133025889	EFR3A	0.953125
chr8	144898514	144912029	PUF60	0.9875902527075813
chr8	145133529	145135550	EXOSC4	0.9956001805054152
chr8	145149930	145152428	CYC1	0.9571863718411553
chr8	145618444	145634753	CPSF1	0.9852775270758123
chr8	145649000	145653931	VPS28	0.9939079422382672
chr8	145654165	145669827	TONSL	0.9936823104693141
chr8	146015150	146017972	RPL8	0.9997743682310469
chr9	121041	188979	CBWD1	0.9525609205776173
chr9	4792869	4885917	RCL1	0.9686935920577617
chr9	19375713	19380252	RPS6	0.9966719314079423
chr9	33041762	33076665	SMU1	0.9985333935018051
chr9	33461439	33473928	NOL6	0.9755753610108303
chr9	34613548	34620515	DCTN3	0.9542531588447654
chr9	35056061	35073246	VCP	0.9904670577617329
chr9	69204538	69269662	CBWD6	0.976139440433213
chr9	70856397	70914929	CBWD3	0.9838109205776173
chr9	86582998	86595569	HNRNPK	0.9799187725631769
chr9	88879461	88897676	ISCA1	0.9495712996389892
chr9	94972489	95056038	IARS	0.9994359205776173
chr9	100395908	100436030	NCBP1	0.9460740072202166
chr9	101978708	101984238	ALG2	0.9759702166064982
chr9	106856541	106903698	SMC2	0.970216606498195
chr9	116037623	116055185	PRPF4	0.9738267148014441
chr9	127115745	127177723	PSMB7	0.987533844765343
chr9	127620159	127624260	RPL35	0.9744472021660651
chr9	127997132	128003609	HSPA5	0.999379512635379
chr9	130209953	130213684	RPL12	0.9867441335740073
chr9	130547958	130553066	CDK9	0.9782829422382672
chr9	130556876	130576606	FPGS	0.9652527075812275
chr9	131266979	131304567	GLE1	0.9606272563176895
chr9	131581930	131592100	C9orf114	0.9880415162454874
chr9	131707809	131709898	DOLK	0.9795803249097473
chr9	133569108	133580248	EXOSC2	0.9486123646209387
chr9	133589333	133763062	ABL1	0.9812725631768954
chr9	134000948	134110057	NUP214	0.9878158844765343
chr9	135545422	135570342	GTF3C4	0.9470893501805054
chr9	136205160	136214986	MED22	0.9589914259927799
chr9	136215069	136218281	RPL7A	0.9974052346570398
chr9	137000487	137025093	WDR5	0.9655911552346571
chr9	139253932	139258241	DNLZ	0.9617554151624549
chr9	139270029	139293249	SNAPC4	0.989000451263538
chr9	139305110	139318213	PMPCA	0.9740523465703972
chr9	139334549	139372141	SEC16A	0.9445509927797834
chr9	140069236	140082989	ANAPC2	0.990918321299639
chr9	140100147	140111461	NDOR1	0.9693140794223827
chr9	140149625	140167998	NELFB	0.9909747292418772
chr9	140445651	140447007	MRPL41	0.9711191335740073
chrX	24072833	24096088	EIF2S3	0.9870261732851986
chrX	24712036	25015103	POLA1	0.9753497292418772
chrX	40440146	40465889	ATP6AP2	0.9671141696750903
chrX	47050260	47074527	UBA1	0.9913695848375451
chrX	47511197	47518560	UXT	0.9532378158844765
chrX	53401070	53449677	SMC1A	0.9887184115523466
chrX	53458206	53461320	HSD17B10	0.9584273465703972
chrX	54466834	54471920	TSR2	0.9897901624548737
chrX	64732462	64754655	LAS1L	0.9701037906137184
chrX	69353299	69386174	IGBP1	0.9496841155234658
chrX	70338406	70362303	MED12	0.9534634476534296
chrX	70752933	70795747	OGT	0.9443817689530686
chrX	71475529	71497150	RPS4X	0.9937951263537906
chrX	74273115	74376567	ABCB7	0.9611913357400722
chrX	77320685	77384793	PGK1	0.9699909747292419
chrX	100353178	100418670	CENPI	0.956904332129964
chrX	119004497	119005791	RNF113A	0.9607400722021661
chrX	119059014	119077735	NKAP	0.9664936823104694
chrX	122734412	122866906	THOC2	0.9834724729241877
chrX	135930163	135962923	RBMX	0.9637296931407943
chrX	153213004	153237258	HCFC1	0.9726985559566788
chrX	153618315	153637504	RPL10	0.999153880866426
chrX	153639854	153650065	TAZ	0.9519968411552346
chrX	153656978	153664862	ATP6AP1	0.9880979241877257
chrX	153672473	153679002	FAM50A	0.9948104693140795
chrX	153991031	154005964	DKC1	0.9792418772563177
