chr3	178865902	178957881	PIK3CA	0.90256755	Ensembl	ENSG00000121879	
chr7	140419127	140624564	BRAF	0.895846694	Ensembl	ENSG00000157764	
chr12	25357723	25403870	KRAS	0.894819772	Ensembl	ENSG00000133703	
chr7	55086714	55324313	EGFR	0.883235421	Ensembl	ENSG00000146648	
chr14	105235686	105262088	AKT1	0.878598678	Ensembl	ENSG00000142208	
chr2	209100951	209130798	IDH1	0.877468036	Ensembl	ENSG00000138413	
chr7	6414154	6443608	RAC1	0.874759181	Ensembl	ENSG00000136238	
chr1	115247090	115259515	NRAS	0.865252985	Ensembl	ENSG00000213281	
chr3	192514604	192635950	MB21D2	0.860817761	Ensembl	ENSG00000180611	
chr2	198254508	198299815	SF3B1	0.851892283	Ensembl	ENSG00000115524	
chr8	128747680	128753674	MYC	0.8480055	Ensembl	ENSG00000136997	
chr17	37844167	37886679	ERBB2	0.846991073	Ensembl	ENSG00000141736	
chr20	57414773	57486247	GNAS	0.839373492	Ensembl	ENSG00000087460	
chr8	104310661	104345094	FZD6	0.837765961	Ensembl	ENSG00000164930	
chr7	148504475	148581413	EZH2	0.833030464	Ensembl	ENSG00000106462	
chr3	41236328	41301587	CTNNB1	0.830902169	Ensembl	ENSG00000168036	
chr1	152974223	152976332	SPRR3	0.829608392	Ensembl	ENSG00000163209	
chr21	44513066	44527697	U2AF1	0.829518133	Ensembl	ENSG00000160201	
chr5	710471	851101	ZDHHC11	0.829460412	Ensembl	ENSG00000188818	
chr7	55503749	55640681	VOPP1	0.8293343	Ensembl	ENSG00000154978	
chr9	127908852	127952218	PPP6C	0.828407058	Ensembl	ENSG00000119414	
chr8	55370495	55373448	SOX17	0.819710863	Ensembl	ENSG00000164736	
chr1	153362508	153363664	S100A8	0.817745135	Ensembl	ENSG00000143546	
chr17	39273433	39274606	KRTAP4-11	0.816623534	Ensembl	ENSG00000212721	
chr19	52693292	52730687	PPP2R1A	0.81621246	Ensembl	ENSG00000105568	
chr1	226418850	226497570	LIN9	0.814301192	Ensembl	ENSG00000183814	
chr8	107282473	107764922	OXR1	0.813284639	Ensembl	ENSG00000164830	
chr20	62526518	62567384	DNAJC5	0.8121657	Ensembl	ENSG00000101152	
chr1	145289772	145370303	NBPF10	0.809432194	Ensembl	ENSG00000163386	
chr3	170177372	170303863	SLC7A14	0.809079127	Ensembl	ENSG00000013293	
chr8	59717977	60031767	TOX	0.808869986	Ensembl	ENSG00000198846	
chr17	39669995	39678781	KRT15	0.808868385	Ensembl	ENSG00000171346	
chr20	35973088	36034453	SRC	0.8081791	Ensembl	ENSG00000197122	
chr5	218356	256815	SDHA	0.807586881	Ensembl	ENSG00000073578	
chr10	123237848	123357972	FGFR2	0.807544592	Ensembl	ENSG00000066468	
chr7	56078744	56119297	PSPH	0.806917331	Ensembl	ENSG00000146733	
chr8	108911544	109095913	RSPO2	0.80686244	Ensembl	ENSG00000147655	
chr19	49925671	49926698	PTH2	0.806371748	Ensembl	ENSG00000142538	
chr3	183353356	183402265	KLHL24	0.80611	Ensembl	ENSG00000114796	
chr8	133697253	133772958	TMEM71	0.806049142	Ensembl	ENSG00000165071	
chr6	26199748	26200942	HIST1H2BF	0.805104647	Ensembl	ENSG00000197846	
chr17	39240459	39241396	KRTAP4-7	0.805057123	Ensembl	ENSG00000240871	
chr1	155867599	155881195	RIT1	0.804573958	Ensembl	ENSG00000143622	
chr5	7830491	7851603	C5orf49	0.804559683	Ensembl	ENSG00000215217	
chr8	142366600	142377367	GPR20	0.804540045	Ensembl	ENSG00000204882	
chr1	235710987	235814054	GNG4	0.803822775	Ensembl	ENSG00000168243	
chr2	8992820	9143942	MBOAT2	0.803567934	Ensembl	ENSG00000143797	
chr1	152647771	152649050	LCE2C	0.803488292	Ensembl	ENSG00000187180	
chr8	101585116	101675643	SNX31	0.803064638	Ensembl	ENSG00000174226	
chr8	103216730	103251346	RRM2B	0.80235303	Ensembl	ENSG00000048392	
chr8	117962512	118188953	SLC30A8	0.802231508	Ensembl	ENSG00000164756	
chr9	70943224	71145977	PGM5	0.801754913	Ensembl	ENSG00000154330	
chr8	99114572	99129469	HRSP12	0.801510021	Ensembl	ENSG00000132541	
chr3	195447753	195467994	MUC20	0.798279389	Ensembl	ENSG00000176945	
chr19	36036497	36038428	TMEM147	0.797605293	Ensembl	ENSG00000105677	
chr1	244816237	244872335	DESI2	0.797382915	Ensembl	ENSG00000121644	
chr20	51588946	52111869	TSHZ2	0.796555137	Ensembl	ENSG00000182463	
chr14	65472892	65569413	MAX	0.796248888	Ensembl	ENSG00000125952	
chr12	50344524	50352664	AQP2	0.795748617	Ensembl	ENSG00000167580	
chr3	160212783	160283376	KPNA4	0.795641099	Ensembl	ENSG00000186432	
chr1	206940947	206945839	IL10	0.795293774	Ensembl	ENSG00000136634	
chr8	146052849	146072894	ZNF7	0.794881273	Ensembl	ENSG00000147789	
chr11	71238313	71239210	KRTAP5-7	0.793976635	Ensembl	ENSG00000244411	
chr22	35462129	35483380	ISX	0.793508447	Ensembl	ENSG00000175329	
chr3	38179969	38184513	MYD88	0.793255643	Ensembl	ENSG00000172936	
chr8	121072019	121384275	COL14A1	0.793198715	Ensembl	ENSG00000187955	
chr8	85095022	85834079	RALYL	0.793085578	Ensembl	ENSG00000184672	
chr8	52730140	52811735	PCMTD1	0.792715715	Ensembl	ENSG00000168300	
chr3	190023490	190040264	CLDN1	0.792354938	Ensembl	ENSG00000163347	
chr11	532242	537287	HRAS	0.792091336	Ensembl	ENSG00000174775	
chr3	160822484	160971320	NMD3	0.791550373	Ensembl	ENSG00000169251	
chr5	43444354	43483995	C5orf28	0.790148226	Ensembl	ENSG00000151881	
chr1	159842154	159869953	CCDC19	0.78960799	Ensembl	ENSG00000213085	
chr1	212113741	212208884	INTS7	0.789509408	Ensembl	ENSG00000143493	
chr20	62375019	62462597	ZBTB46	0.789439726	Ensembl	ENSG00000130584	
chr20	49620193	49639666	KCNG1	0.78897265	Ensembl	ENSG00000026559	
chr3	177990720	178562217	KCNMB2	0.788689908	Ensembl	ENSG00000197584	
chr1	153175919	153177596	LELP1	0.788626534	Ensembl	ENSG00000203784	
chr19	12175514	12192380	ZNF844	0.788601402	Ensembl	ENSG00000223547	
chr1	151023447	151042801	CDC42SE1	0.788581599	Ensembl	ENSG00000197622	
chr11	69455855	69469242	CCND1	0.788369266	Ensembl	ENSG00000110092	
chr1	151030234	151040970	MLLT11	0.788202343	Ensembl	ENSG00000213190	
chr8	109619079	109799844	TMEM74	0.788028561	Ensembl	ENSG00000164841	
chr8	74903587	74941322	LY96	0.787864311	Ensembl	ENSG00000154589	
chr7	37945543	38065297	SFRP4	0.78715417	Ensembl	ENSG00000106483	
chr8	124780696	124827692	FAM91A1	0.786781186	Ensembl	ENSG00000176853	
chr8	144648357	144655141	MROH6	0.785083464	Ensembl	ENSG00000204839	
chr8	134203282	134242587	WISP1	0.785059068	Ensembl	ENSG00000104415	
chr20	61975420	62009753	CHRNA4	0.784602936	Ensembl	ENSG00000101204	
chr8	110975874	110988076	KCNV1	0.784432998	Ensembl	ENSG00000164794	
chr8	95261481	95274578	GEM	0.784158205	Ensembl	ENSG00000164949	
chr7	155592680	155604967	SHH	0.784140127	Ensembl	ENSG00000164690	
chr7	97920963	98030380	BAIAP2L1	0.784077684	Ensembl	ENSG00000006453	
chr8	131064353	131455906	ASAP1	0.783088266	Ensembl	ENSG00000153317	
chr8	72753784	72756703	MSC	0.782747064	Ensembl	ENSG00000178860	
chr8	99076539	99105838	C8orf47	0.782275603	Ensembl	ENSG00000177459	
chr8	110346553	110358182	ENY2	0.781984134	Ensembl	ENSG00000120533	
chr8	143866296	143868008	LY6D	0.781860568	Ensembl	ENSG00000167656	
chr1	155882834	155904191	KIAA0907	0.781790365	Ensembl	ENSG00000132680	
chr3	191857184	192485553	FGF12	0.781503496	Ensembl	ENSG00000114279	
chr3	184016497	184026842	PSMD2	0.781489884	Ensembl	ENSG00000175166	
chr11	75897369	75921780	WNT11	0.781275633	Ensembl	ENSG00000085741	
chr20	1422807	1454487	NSFL1C	0.779260945	Ensembl	ENSG00000088833	
chr1	225083964	225586996	DNAH14	0.779060013	Ensembl	ENSG00000185842	
chr2	61704984	61765761	XPO1	0.778993629	Ensembl	ENSG00000082898	
chr3	187439165	187463515	BCL6	0.778538649	Ensembl	ENSG00000113916	
chr3	170582664	170588272	RPL22L1	0.777942374	Ensembl	ENSG00000163584	
chr3	186330712	186339107	AHSG	0.77764846	Ensembl	ENSG00000145192	
chr3	169940153	170023769	PRKCI	0.777178486	Ensembl	ENSG00000163558	
chr8	68334360	68658620	CPA6	0.777057821	Ensembl	ENSG00000165078	
chr2	178092323	178257425	NFE2L2	0.776937649	Ensembl	ENSG00000116044	
chr8	125324231	125384933	TMEM65	0.776793256	Ensembl	ENSG00000164983	
chr8	97657455	98161882	CPQ	0.775944284	Ensembl	ENSG00000104324	
chr8	104410863	104427417	SLC25A32	0.77588826	Ensembl	ENSG00000164933	
chr17	47676246	47755596	SPOP	0.775665588	Ensembl	ENSG00000121067	
chr1	149754245	149783928	HIST2H2BF	0.77525473	Ensembl	ENSG00000203814	
chr1	202317827	202561834	PPP1R12B	0.775022179	Ensembl	ENSG00000077157	
chr19	40575059	40596845	ZNF780A	0.774480532	Ensembl	ENSG00000197782	
chr8	99439250	99445076	KCNS2	0.774336377	Ensembl	ENSG00000156486	
chr14	24422795	24438488	DHRS4	0.774155575	Ensembl	ENSG00000157326	
chr22	22108789	22221970	MAPK1	0.774065619	Ensembl	ENSG00000100030	
chr1	156052364	156109880	LMNA	0.774051033	Ensembl	ENSG00000160789	
chr19	10982189	11033453	CARM1	0.773630378	Ensembl	ENSG00000142453	
chr8	42552519	42592550	CHRNB3	0.773380474	Ensembl	ENSG00000147432	
chr11	55029658	55038595	TRIM48	0.773120015	Ensembl	ENSG00000150244	
chr8	75896750	75946793	CRISPLD1	0.773090502	Ensembl	ENSG00000121005	
chr19	38893775	38899728	FAM98C	0.772062856	Ensembl	ENSG00000130244	
chr6	26031817	26032288	HIST1H3B	0.772061743	Ensembl	ENSG00000124693	
chr8	140613081	140715299	KCNK9	0.77182203	Ensembl	ENSG00000169427	
chr7	55861237	55930482	Sep 14	0.771667589	Ensembl	ENSG00000154997	
chr8	86132816	86196302	CA13	0.771058166	Ensembl	ENSG00000185015	
chr6	26246886	26247259	HIST1H4G	0.770854755	Ensembl	ENSG00000124578	
chr19	29698173	29704448	UQCRFS1	0.770371512	Ensembl	ENSG00000169021	
chr19	19256376	19302967	MEF2BNB-MEF2B	0.769939144	Ensembl	ENSG00000064489	
chr3	195938358	195970049	SLC51A	0.769927579	Ensembl	ENSG00000163959	
chr3	178735011	178790067	ZMAT3	0.769910704	Ensembl	ENSG00000172667	
chr15	89441916	89456642	MFGE8	0.769817472	Ensembl	ENSG00000140545	
chr20	47854483	47894963	ZNFX1	0.769752649	Ensembl	ENSG00000124201	
chr3	137980279	138048728	NME9	0.769576883	Ensembl	ENSG00000181322	
chr1	152777311	152779107	LCE1C	0.769534846	Ensembl	ENSG00000197084	
chr5	40825364	40835437	RPL37	0.76864932	Ensembl	ENSG00000145592	
chr8	103563800	103573245	ODF1	0.768262109	Ensembl	ENSG00000155087	
chr1	204100190	204121307	ETNK2	0.768241178	Ensembl	ENSG00000143845	
chr6	10747992	10852986	TMEM14B	0.767176899	Ensembl	ENSG00000137210	
chr19	35225060	35233777	ZNF181	0.766628837	Ensembl	ENSG00000197841	
chr3	183770835	183778459	HTR3C	0.766500662	Ensembl	ENSG00000178084	
chr8	145577795	145584932	SLC52A2	0.766441126	Ensembl	ENSG00000185803	
chr8	144766622	144796068	ZNF707	0.765072452	Ensembl	ENSG00000181135	
chr16	27236312	27280115	NSMCE1	0.764982998	Ensembl	ENSG00000169189	
chr17	48770551	48785285	ANKRD40	0.764403893	Ensembl	ENSG00000154945	
chr3	183415606	183530413	YEATS2	0.76430508	Ensembl	ENSG00000163872	
chr3	186915274	186919253	RTP1	0.763660803	Ensembl	ENSG00000175077	
chr20	61273797	61317137	SLCO4A1	0.763608035	Ensembl	ENSG00000101187	
chr1	150254953	150259505	C1orf51	0.763216626	Ensembl	ENSG00000159208	
chr8	75146935	75233563	JPH1	0.762730954	Ensembl	ENSG00000104369	
chr1	161068151	161070136	KLHDC9	0.76260169	Ensembl	ENSG00000162755	
chr20	43374421	43379675	KCNK15	0.762416693	Ensembl	ENSG00000124249	
chr3	148847371	148891519	HPS3	0.762163342	Ensembl	ENSG00000163755	
chr5	1317859	1345214	CLPTM1L	0.762085067	Ensembl	ENSG00000049656	
chr20	58152564	58422766	PHACTR3	0.76189982	Ensembl	ENSG00000087495	
chr1	161141100	161147287	B4GALT3	0.761872703	Ensembl	ENSG00000158850	
chr3	197687071	197770591	LMLN	0.761486925	Ensembl	ENSG00000185621	
chr3	195473636	195539148	MUC4	0.761482749	Ensembl	ENSG00000145113	
chr8	99413631	99955055	STK3	0.761171286	Ensembl	ENSG00000104375	
chr19	35168544	35177302	ZNF302	0.76095315	Ensembl	ENSG00000089335	
chr1	149856010	149858232	HIST2H2BE	0.760787923	Ensembl	ENSG00000184678	
chr17	66417089	66453654	WIPI1	0.760778815	Ensembl	ENSG00000070540	
chr8	144806103	144815971	FAM83H	0.760672513	Ensembl	ENSG00000180921	
chr20	55926066	55954267	RAE1	0.760579819	Ensembl	ENSG00000101146	
chr3	194361517	194393206	LSG1	0.760298242	Ensembl	ENSG00000041802	
chr8	75233365	75401107	GDAP1	0.760291933	Ensembl	ENSG00000104381	
chr3	190917030	190983404	OSTN	0.760140838	Ensembl	ENSG00000188729	
chr8	131792547	132054672	ADCY8	0.759947331	Ensembl	ENSG00000155897	
chr12	56473641	56497289	ERBB3	0.759938365	Ensembl	ENSG00000065361	
chr8	139142266	139509065	FAM135B	0.759896178	Ensembl	ENSG00000147724	
chr19	38795753	38807913	YIF1B	0.759696095	Ensembl	ENSG00000167645	
chr3	185633694	185655924	TRA2B	0.759607532	Ensembl	ENSG00000136527	
chr20	62737173	62738524	NPBWR2	0.759562634	Ensembl	ENSG00000125522	
chr8	101170134	101271506	SPAG1	0.759369298	Ensembl	ENSG00000104450	
chr5	7396321	7830194	ADCY2	0.759231222	Ensembl	ENSG00000078295	
chr5	10226442	10250009	FAM173B	0.759015611	Ensembl	ENSG00000150756	
chr1	161040785	161059389	PVRL4	0.758809331	Ensembl	ENSG00000143217	
chr8	132916335	133025889	EFR3A	0.757874211	Ensembl	ENSG00000132294	
chr1	151142462	151148760	TMOD4	0.757826841	Ensembl	ENSG00000163157	
chr8	142127377	142205907	DENND3	0.757573731	Ensembl	ENSG00000105339	
chr20	54572496	54580528	CBLN4	0.757572354	Ensembl	ENSG00000054803	
chr3	152552736	152555841	P2RY1	0.757340482	Ensembl	ENSG00000169860	
chr5	32531739	32604185	SUB1	0.757094253	Ensembl	ENSG00000113387	
chr7	155266901	155326557	CNPY1	0.756957765	Ensembl	ENSG00000146910	
chr3	186560463	186576252	ADIPOQ	0.756455523	Ensembl	ENSG00000181092	
chr7	151163098	151217206	RHEB	0.756099028	Ensembl	ENSG00000106615	
chr20	53092136	53267710	DOK5	0.75596429	Ensembl	ENSG00000101134	
chr12	6679249	6716642	CHD4	0.755468704	Ensembl	ENSG00000111642	
chr7	6617065	6629005	ZDHHC4	0.755361873	Ensembl	ENSG00000136247	
chr5	17065707	17276943	BASP1	0.755237692	Ensembl	ENSG00000176788	
chr8	97505579	97624000	SDC2	0.755235469	Ensembl	ENSG00000169439	
chr3	186935942	187009810	MASP1	0.755222216	Ensembl	ENSG00000127241	
chr11	68658744	68671303	MRPL21	0.75473117	Ensembl	ENSG00000197345	
chr17	38137050	38154213	PSMD3	0.754361495	Ensembl	ENSG00000108344	
chr3	197676858	197683481	RPL35A	0.754324626	Ensembl	ENSG00000182899	
chr9	5890802	5910606	MLANA	0.754167835	Ensembl	ENSG00000120215	
chr3	174156363	175523428	NAALADL2	0.753768233	Ensembl	ENSG00000177694	
chr8	120007691	120118821	COLEC10	0.753701913	Ensembl	ENSG00000184374	
chr8	141541264	141645718	AGO2	0.752707072	Ensembl	ENSG00000123908	
chr17	76967320	76976191	LGALS3BP	0.752562243	Ensembl	ENSG00000108679	
chr7	143955700	143956815	OR2A7	0.752509761	Ensembl	ENSG00000243896	
chr1	205882176	205912588	SLC26A9	0.752503125	Ensembl	ENSG00000174502	
chr17	38214543	38250120	THRA	0.752385252	Ensembl	ENSG00000126351	
chr8	54958938	55014577	LYPLA1	0.752283677	Ensembl	ENSG00000120992	
chr8	145618444	145634753	CPSF1	0.752240812	Ensembl	ENSG00000071894	
chr19	12500830	12512085	ZNF799	0.752129428	Ensembl	ENSG00000196466	
chr9	132575223	132586413	TOR1A	0.752106804	Ensembl	ENSG00000136827	
chr11	73711326	73720480	UCP3	0.752092277	Ensembl	ENSG00000175564	
chr3	189349205	189615068	TP63	0.751972292	Ensembl	ENSG00000073282	
chr1	153700543	153746555	INTS3	0.751794833	Ensembl	ENSG00000143624	
chr20	49411431	49493714	BCAS4	0.751555995	Ensembl	ENSG00000124243	
chr1	197881037	197904608	LHX9	0.751423124	Ensembl	ENSG00000143355	
chr8	146155744	146176274	ZNF16	0.751352163	Ensembl	ENSG00000170631	
chr8	38585704	38710546	TACC1	0.751253917	Ensembl	ENSG00000147526	
chr3	170136653	170578169	CLDN11	0.751205318	Ensembl	ENSG00000013297	
chr19	40476912	40487348	PSMC4	0.751098618	Ensembl	ENSG00000013275	
chr5	33440802	33469644	TARS	0.750984011	Ensembl	ENSG00000113407	
chr17	61957578	61959295	GH2	0.750967211	Ensembl	ENSG00000136487	
chr3	148747914	148804341	HLTF	0.750423528	Ensembl	ENSG00000071794	
chr7	2281857	2290781	NUDT1	0.750392344	Ensembl	ENSG00000106268	
chr3	169556967	169587718	LRRC31	0.750257009	Ensembl	ENSG00000114248	
chr8	143915663	143997922	GML	0.750060179	Ensembl	ENSG00000104499	
chr3	150929905	150996255	P2RY14	0.749893468	Ensembl	ENSG00000174944	
chr11	76777979	76837201	CAPN5	0.749795617	Ensembl	ENSG00000149260	
chr20	49202645	49308065	FAM65C	0.749589996	Ensembl	ENSG00000042062	
chr7	129074274	129128240	STRIP2	0.749571607	Ensembl	ENSG00000128578	
chr20	55743804	55841685	BMP7	0.749530821	Ensembl	ENSG00000101144	
chr1	170631869	170708560	PRRX1	0.749307983	Ensembl	ENSG00000116132	
chr8	75736772	75767264	PI15	0.74854616	Ensembl	ENSG00000137558	
chr19	19256377	19303400	MEF2B	0.748450199	Ensembl	ENSG00000213999	
chr14	77490888	77495034	IRF2BPL	0.748413587	Ensembl	ENSG00000119669	
chr3	160150233	160203561	TRIM59	0.748125735	Ensembl	ENSG00000213186	
chr1	161494036	161496681	HSPA6	0.747989726	Ensembl	ENSG00000173110	
chr8	54138284	54164257	OPRK1	0.747843396	Ensembl	ENSG00000082556	
chr1	158223927	158228059	CD1A	0.747364711	Ensembl	ENSG00000158477	
chr8	144939497	144952632	EPPK1	0.747130623	Ensembl	ENSG00000227184	
chr3	197464050	197514467	FYTTD1	0.747063478	Ensembl	ENSG00000122068	
chr11	69924408	70035634	ANO1	0.74701376	Ensembl	ENSG00000131620	
chr8	124657767	124665190	KLHL38	0.746995253	Ensembl	ENSG00000175946	
chr3	182895831	183146566	MCF2L2	0.746776752	Ensembl	ENSG00000053524	
chr8	145106167	145118735	OPLAH	0.746458972	Ensembl	ENSG00000178814	
chr8	143530791	143626370	BAI1	0.74595388	Ensembl	ENSG00000181790	
chrX	66764465	66950461	AR	0.745943195	Ensembl	ENSG00000169083	
chr11	71139239	71163914	DHCR7	0.74586521	Ensembl	ENSG00000172893	
chr19	39616410	39673456	PAK4	0.745853122	Ensembl	ENSG00000130669	
chr20	23965690	23969416	GGTLC1	0.745682738	Ensembl	ENSG00000149435	
chr8	120885957	121063152	DEPTOR	0.74531671	Ensembl	ENSG00000155792	
chr2	112523848	112642267	ANAPC1	0.745219525	Ensembl	ENSG00000153107	
chr3	183967438	184010819	ECE2	0.744958612	Ensembl	ENSG00000145194	
chr8	126036502	126104082	KIAA0196	0.744577723	Ensembl	ENSG00000164961	
chr20	34291531	34330234	RBM39	0.744112754	Ensembl	ENSG00000131051	
chr8	120569326	120685693	ENPP2	0.743721776	Ensembl	ENSG00000136960	
chr5	21750782	22853731	CDH12	0.743704856	Ensembl	ENSG00000154162	
chr3	182733006	182833863	MCCC1	0.743393364	Ensembl	ENSG00000078070	
chr1	204123944	204135465	REN	0.74319299	Ensembl	ENSG00000143839	
chr1	157800704	157868046	CD5L	0.743095868	Ensembl	ENSG00000073754	
chr20	62783144	62873604	MYT1	0.743060219	Ensembl	ENSG00000196132	
chr3	196295482	196315930	FBXO45	0.74299637	Ensembl	ENSG00000174013	
chr3	179512746	179754841	PEX5L	0.742979589	Ensembl	ENSG00000114757	
chr16	1961464	1968441	HS3ST6	0.742950117	Ensembl	ENSG00000162040	
chr8	108261721	108510283	ANGPT1	0.742764173	Ensembl	ENSG00000154188	
chr3	196366557	196388875	NRROS	0.742577457	Ensembl	ENSG00000174004	original name: LRRC33
chr3	183205319	183273477	KLHL6	0.742545133	Ensembl	ENSG00000172578	
chr8	145754563	145911194	ARHGAP39	0.742390567	Ensembl	ENSG00000147799	
chr20	60711791	60718496	PSMA7	0.742243613	Ensembl	ENSG00000101182	
chr8	134249414	134314265	NDRG1	0.742108648	Ensembl	ENSG00000104419	
chr20	62887094	62926855	PCMTD2	0.742068545	Ensembl	ENSG00000203880	
chr1	181003067	181031074	MR1	0.741978921	Ensembl	ENSG00000153029	
chr5	178322895	178360213	ZFP2	0.741906866	Ensembl	ENSG00000198939	
chr3	149235022	149454501	WWTR1	0.74171251	Ensembl	ENSG00000018408	
chr9	97077605	97090926	NUTM2F	0.741643712	Ensembl	ENSG00000130950	
chr8	101269288	101348446	RNF19A	0.74152848	Ensembl	ENSG00000034677	
chr3	179306073	179322442	MRPL47	0.741226639	Ensembl	ENSG00000136522	
chr20	62037542	62103993	KCNQ2	0.740995746	Ensembl	ENSG00000075043	
chr8	125551344	125580751	NDUFB9	0.740986899	Ensembl	ENSG00000147684	
chr8	139600478	139926249	COL22A1	0.740873902	Ensembl	ENSG00000169436	
chr17	58256455	58499831	USP32	0.74072811	Ensembl	ENSG00000170832	
chr8	124332090	124428590	ATAD2	0.740595196	Ensembl	ENSG00000156802	
chr8	143692405	143696833	ARC	0.740321788	Ensembl	ENSG00000198576	
chr11	70244510	70282690	CTTN	0.740288943	Ensembl	ENSG00000085733	
chr1	161952982	161993644	OLFML2B	0.739970963	Ensembl	ENSG00000162745	
chr8	144718183	144735900	ZNF623	0.739969303	Ensembl	ENSG00000183309	
chr1	153042700	153113927	SPRR2B	0.739726891	Ensembl	ENSG00000196805	
chr8	133133108	133493200	KCNQ3	0.739572944	Ensembl	ENSG00000184156	
chr8	104383743	104395225	CTHRC1	0.739571075	Ensembl	ENSG00000164932	
chr1	155036207	155042029	EFNA4	0.739333265	Ensembl	ENSG00000243364	
chr8	117778742	117861702	UTP23	0.73892652	Ensembl	ENSG00000147679	
chr1	228645808	228646259	HIST3H2BB	0.738841871	Ensembl	ENSG00000196890	
chr8	145149930	145152428	CYC1	0.738712605	Ensembl	ENSG00000179091	
chr1	161009041	161015767	USF1	0.738591056	Ensembl	ENSG00000158773	
chr3	172607148	172859058	SPATA16	0.73842414	Ensembl	ENSG00000144962	
chr1	155165379	155178842	THBS3	0.73783039	Ensembl	ENSG00000169231	
chr20	52183604	52226446	ZNF217	0.737630529	Ensembl	ENSG00000171940	
chr1	150293925	150325671	PRPF3	0.737581114	Ensembl	ENSG00000117360	
chr1	231297858	231357302	TRIM67	0.737326994	Ensembl	ENSG00000119283	
chr20	50003494	50179370	NFATC2	0.736952723	Ensembl	ENSG00000101096	
chr3	194789008	194991896	XXYLT1	0.736358218	Ensembl	ENSG00000173950	
chr3	149086809	149095652	TM4SF1	0.736299894	Ensembl	ENSG00000169908	
chr20	61584052	61599949	SLC17A9	0.736052159	Ensembl	ENSG00000101194	
chr6	26104104	26104518	HIST1H4C	0.735814796	Ensembl	ENSG00000197061	
chr3	169629360	169656963	SAMD7	0.735488593	Ensembl	ENSG00000187033	
chr20	62172163	62178857	SRMS	0.735032267	Ensembl	ENSG00000125508	
chr1	151742583	151763892	TDRKH	0.734667802	Ensembl	ENSG00000182134	
chr8	140742586	141468678	TRAPPC9	0.734645796	Ensembl	ENSG00000167632	
chr1	112313284	112531777	KCND3	0.734553265	Ensembl	ENSG00000171385	
chr5	32354456	32444867	ZFR	0.73445168	Ensembl	ENSG00000056097	
chr12	68042118	68059186	DYRK2	0.734424808	Ensembl	ENSG00000127334	
chr8	82644669	82671750	CHMP4C	0.734036348	Ensembl	ENSG00000164695	
chr12	64798130	64844907	XPOT	0.733798732	Ensembl	ENSG00000184575	
chr1	228194752	228248961	WNT3A	0.73350993	Ensembl	ENSG00000154342	
chr6	11183531	11382581	NEDD9	0.733486006	Ensembl	ENSG00000111859	
chr5	176074388	176086058	TSPAN17	0.733214764	Ensembl	ENSG00000048140	
chr5	34998206	35048198	AGXT2	0.733201138	Ensembl	ENSG00000113492	
chr1	222988406	223179337	DISP1	0.733026037	Ensembl	ENSG00000154309	
chr20	62612488	62664453	PRPF6	0.732691702	Ensembl	ENSG00000101161	
chr8	126442563	126450647	TRIB1	0.732669921	Ensembl	ENSG00000173334	
chr17	37827375	37853050	PGAP3	0.732613771	Ensembl	ENSG00000161395	
chr1	145413095	145417545	HFE2	0.732436857	Ensembl	ENSG00000168509	
chr3	149191761	149221068	TM4SF4	0.732296276	Ensembl	ENSG00000169903	
chr17	60536019	60692842	TLK2	0.73216817	Ensembl	ENSG00000146872	
chr8	116420724	116821899	TRPS1	0.732166822	Ensembl	ENSG00000104447	
chr8	110253148	110346614	NUDCD1	0.731968812	Ensembl	ENSG00000120526	
chr3	186507669	186524847	RFC4	0.73183444	Ensembl	ENSG00000163918	
chr1	151674880	151689290	CELF3	0.731688987	Ensembl	ENSG00000159409	
chr7	141250989	141355044	AGK	0.731580899	Ensembl	ENSG00000006530	
chr1	158580496	158656488	SPTA1	0.731559728	Ensembl	ENSG00000163554	
chr12	30862486	30907885	CAPRIN2	0.731448147	Ensembl	ENSG00000110888	
chr8	42032236	42065242	PLAT	0.73138981	Ensembl	ENSG00000104368	
chr1	150459887	150480078	TARS2	0.731365611	Ensembl	ENSG00000143374	
chr1	204586298	204654861	LRRN2	0.731182544	Ensembl	ENSG00000170382	
chr6	27093676	27100541	HIST1H2BJ	0.731179833	Ensembl	ENSG00000124635	
chr5	39371780	39462402	DAB2	0.731151037	Ensembl	ENSG00000153071	
chr1	236305832	236385165	GPR137B	0.731111477	Ensembl	ENSG00000077585	
chr1	212606229	212619714	NENF	0.731103998	Ensembl	ENSG00000117691	
chrX	118920467	118925606	RPL39	0.730893724	Ensembl	ENSG00000198918	
chr7	99520892	99527243	GJC3	0.730871457	Ensembl	ENSG00000176402	
chr17	79869815	79879199	SIRT7	0.730581122	Ensembl	ENSG00000187531	
chr1	160085549	160113381	ATP1A2	0.730568806	Ensembl	ENSG00000018625	
chr1	240652873	240775449	GREM2	0.730559273	Ensembl	ENSG00000180875	
chr1	246887349	246931439	SCCPDH	0.7302074	Ensembl	ENSG00000143653	
chr3	138372860	138553780	PIK3CB	0.730200579	Ensembl	ENSG00000051382	
chr3	184063973	184079439	CLCN2	0.730145494	Ensembl	ENSG00000114859	
chr3	196074533	196159345	UBXN7	0.729964796	Ensembl	ENSG00000163960	
chr20	62119366	62130505	EEF1A2	0.72983542	Ensembl	ENSG00000101210	
chr11	70313961	70963623	SHANK2	0.729669907	Ensembl	ENSG00000162105	
chr19	9523272	9546254	ZNF266	0.729643187	Ensembl	ENSG00000174652	
chr17	33455772	33469334	NLE1	0.729358495	Ensembl	ENSG00000073536	
chr1	150898739	150937213	SETDB1	0.729114862	Ensembl	ENSG00000143379	
chr3	197398264	197476598	KIAA0226	0.728761087	Ensembl	ENSG00000145016	
chr3	49396578	49450431	RHOA	0.728616691	Ensembl	ENSG00000067560	
chr6	35704809	35716856	ARMC12	0.728528381	Ensembl	ENSG00000157343	
chr3	146109208	146213778	PLSCR2	0.728402998	Ensembl	ENSG00000163746	
chr7	90013035	90142716	CLDN12	0.728359768	Ensembl	ENSG00000157224	
chr8	38758753	38831428	PLEKHA2	0.728144677	Ensembl	ENSG00000169499	
chr15	90626277	90645736	IDH2	0.728114347	Ensembl	ENSG00000182054	
chr1	177140633	177251558	BRINP2	0.727975941	Ensembl	ENSG00000198797	original name: FAM5B
chr19	12460185	12476719	ZNF442	0.727902469	Ensembl	ENSG00000198342	
chr1	223889295	223963720	CAPN2	0.727550497	Ensembl	ENSG00000162909	
chr1	226249552	226259702	H3F3A	0.727518947	Ensembl	ENSG00000163041	
chr1	160121360	160156767	ATP1A4	0.727435006	Ensembl	ENSG00000132681	
chr1	169337208	169365778	BLZF1	0.727263922	Ensembl	ENSG00000117475	
chr1	248436073	248437138	OR2T33	0.727124216	Ensembl	ENSG00000177212	
chr16	28603264	28608430	SULT1A2	0.727068045	Ensembl	ENSG00000197165	
chr17	33519539	33521412	SLC35G3	0.727046118	Ensembl	ENSG00000164729	
chr3	184089723	184095932	THPO	0.726748481	Ensembl	ENSG00000090534	
chr8	133787618	133861052	PHF20L1	0.726636761	Ensembl	ENSG00000129292	
chr17	62006100	62009714	CD79B	0.726564106	Ensembl	ENSG00000007312	
chr20	1959403	1974732	PDYN	0.726534439	Ensembl	ENSG00000101327	
chr5	31193857	31329253	CDH6	0.726231488	Ensembl	ENSG00000113361	
chr20	60963688	60982341	CABLES2	0.726122862	Ensembl	ENSG00000149679	
chr20	52553316	52687304	BCAS1	0.726045746	Ensembl	ENSG00000064787	
chr5	1225470	1246304	SLC6A18	0.725752845	Ensembl	ENSG00000164363	
chr1	153346184	153348125	S100A12	0.725732328	Ensembl	ENSG00000163221	
chr8	124510129	124553446	FBXO32	0.725539497	Ensembl	ENSG00000156804	
chr12	70132461	70216984	RAB3IP	0.725361883	Ensembl	ENSG00000127328	
chr13	50486842	50510626	SPRYD7	0.725262503	Ensembl	ENSG00000123178	
chr1	203309756	203320617	FMOD	0.725201776	Ensembl	ENSG00000122176	
chr17	76164639	76169608	SYNGR2	0.725102361	Ensembl	ENSG00000108639	
chr1	247920676	247921982	OR1C1	0.724799897	Ensembl	ENSG00000221888	
chr1	201103900	201140702	TMEM9	0.724574207	Ensembl	ENSG00000116857	
chr8	124260696	124287781	ZHX1	0.724424381	Ensembl	ENSG00000165156	
chr5	15500305	15939900	FBXL7	0.724363318	Ensembl	ENSG00000183580	
chr3	182840001	182881627	LAMP3	0.724248574	Ensembl	ENSG00000078081	
chr3	154741913	154901497	MME	0.724101726	Ensembl	ENSG00000196549	
chr17	37921198	38020441	IKZF3	0.72368499	Ensembl	ENSG00000161405	
chr8	73449626	73850584	KCNB2	0.723661452	Ensembl	ENSG00000182674	
chr8	144898514	144912029	PUF60	0.723659609	Ensembl	ENSG00000179950	
chr3	197518097	197615307	LRCH3	0.723587214	Ensembl	ENSG00000186001	
chr8	99129525	99172062	POP1	0.723551829	Ensembl	ENSG00000104356	
chr8	58907068	59116838	FAM110B	0.723523614	Ensembl	ENSG00000169122	
chr1	153940010	153946839	CREB3L4	0.723460427	Ensembl	ENSG00000143578	
chr7	55433141	55501435	LANCL2	0.72336985	Ensembl	ENSG00000132434	
chr1	151227179	151239955	PSMD4	0.723350388	Ensembl	ENSG00000159352	
chr8	86285665	86361269	CA3	0.723286738	Ensembl	ENSG00000164879	
chr1	186265405	186283694	PRG4	0.723286463	Ensembl	ENSG00000116690	
chr1	201373625	201398994	TNNI1	0.723212284	Ensembl	ENSG00000159173	
chr7	99143931	99156159	FAM200A	0.723143614	Ensembl	ENSG00000221909	
chr3	164904508	164914897	SLITRK3	0.72310747	Ensembl	ENSG00000121871	
chr7	102178365	102213103	POLR2J3	0.723067289	Ensembl	ENSG00000168255	
chr1	153931575	153940188	SLC39A1	0.722965753	Ensembl	ENSG00000143570	
chr1	206317459	206332104	CTSE	0.722897552	Ensembl	ENSG00000196188	
chr20	5282317	5297378	PROKR2	0.722804107	Ensembl	ENSG00000101292	
chr8	82605842	82608409	SLC10A5	0.722774816	Ensembl	ENSG00000253598	
chr1	201924619	201939789	TIMM17A	0.722734097	Ensembl	ENSG00000134375	
chr8	38268656	38326352	FGFR1	0.72249944	Ensembl	ENSG00000077782	
chr3	115521235	117716095	LSAMP	0.722079866	Ensembl	ENSG00000185565	
chr19	36290890	36304201	PRODH2	0.722042321	Ensembl	ENSG00000250799	
chr8	125563031	125740730	MTSS1	0.72202721	Ensembl	ENSG00000170873	
chr8	40388109	40755352	ZMAT4	0.721957572	Ensembl	ENSG00000165061	
chr1	205737114	205744588	RAB7L1	0.721810256	Ensembl	ENSG00000117280	
chr16	20344374	20367623	UMOD	0.721760284	Ensembl	ENSG00000169344	
chr19	36705504	36729676	ZNF146	0.721655569	Ensembl	ENSG00000167635	
chr1	224622362	224928251	CNIH3	0.721012196	Ensembl	ENSG00000143786	
chr1	248366332	248367392	OR2M3	0.720602569	Ensembl	ENSG00000228198	
chr3	173114074	174004434	NLGN1	0.72050855	Ensembl	ENSG00000169760	
chr5	6448736	6495022	UBE2QL1	0.720436597	Ensembl	ENSG00000215218	
chr8	145635126	145642279	SLC39A4	0.720331339	Ensembl	ENSG00000147804	
chr6	16238811	16295780	GMPR	0.720324433	Ensembl	ENSG00000137198	
chr5	443273	472052	EXOC3	0.720154488	Ensembl	ENSG00000180104	
chr7	98475556	98610866	TRRAP	0.72015291	Ensembl	ENSG00000196367	
chr3	150643950	150690786	CLRN1	0.720041031	Ensembl	ENSG00000163646	
chr20	49348081	49373332	PARD6B	0.719966673	Ensembl	ENSG00000124171	
chr1	153409534	153412425	S100A7L2	0.71976797	Ensembl	ENSG00000197364	
chr19	39734246	39735646	IFNL3	0.719755447	Ensembl	ENSG00000197110	
chr1	151336778	151345209	SELENBP1	0.71953536	Ensembl	ENSG00000143416	
chr1	41086351	41131329	RIMS3	0.719437576	Ensembl	ENSG00000117016	
chr1	228106357	228135599	WNT9A	0.719390178	Ensembl	ENSG00000143816	
chr13	107194021	107220512	ARGLU1	0.719292545	Ensembl	ENSG00000134884	
chr8	100025494	100889808	VPS13B	0.7190809	Ensembl	ENSG00000132549	
chr1	155158300	155162707	MUC1	0.719078771	Ensembl	ENSG00000185499	
chr6	135238528	135271260	ALDH8A1	0.718978963	Ensembl	ENSG00000118514	
chr12	133200348	133263951	POLE	0.718917901	Ensembl	ENSG00000177084	
chr5	145316142	145461354	SH3RF2	0.718723958	Ensembl	ENSG00000156463	
chr1	144811744	144830413	NBPF9	0.718679807	Ensembl	ENSG00000168614	
chr8	104426942	104455681	DCAF13	0.718318547	Ensembl	ENSG00000164934	
chr12	23682440	24103966	SOX5	0.718271239	Ensembl	ENSG00000134532	
chr3	183852826	184402546	EIF2B5	0.718134243	Ensembl	ENSG00000145191	
chr1	182808504	182856886	DHX9	0.718118211	Ensembl	ENSG00000135829	
chr8	146076632	146127553	ZNF250	0.718081781	Ensembl	ENSG00000196150	
chr5	304291	438406	AHRR	0.717883751	Ensembl	ENSG00000063438	
chr8	143953772	143961262	CYP11B1	0.717695216	Ensembl	ENSG00000160882	
chr19	14198652	14201848	SAMD1	0.717599162	Ensembl	ENSG00000141858	
chr6	32146131	32151930	RNF5	0.717596107	Ensembl	ENSG00000204308	
chr5	14143811	14532235	TRIO	0.717334903	Ensembl	ENSG00000038382	
chr5	33936491	33939023	RXFP3	0.717244153	Ensembl	ENSG00000182631	
chr20	61904137	61921142	ARFGAP1	0.716998786	Ensembl	ENSG00000101199	
chr12	69979114	69995350	CCT2	0.716866774	Ensembl	ENSG00000166226	
chr8	125486979	125500155	RNF139	0.716715776	Ensembl	ENSG00000170881	
chr12	4758261	4798454	NDUFA9	0.716601912	Ensembl	ENSG00000139180	
chr8	92221722	92410378	SLC26A7	0.716574352	Ensembl	ENSG00000147606	
chr12	4537321	4554780	FGF6	0.716548045	Ensembl	ENSG00000111241	
chr7	115850547	115898837	TES	0.71639908	Ensembl	ENSG00000135269	
chr5	32689176	32791819	NPR3	0.716290837	Ensembl	ENSG00000113389	
chr3	122513642	122599986	DIRC2	0.716139004	Ensembl	ENSG00000138463	
chr3	184097861	184108524	CHRD	0.716022491	Ensembl	ENSG00000090539	
chr1	201798269	201853422	IPO9	0.715947062	Ensembl	ENSG00000198700	
chr22	24979718	25024972	GGT1	0.715519982	Ensembl	ENSG00000100031	
chr8	103661007	103668130	KLF10	0.715181747	Ensembl	ENSG00000155090	
chr8	82352561	82359758	PMP2	0.715175489	Ensembl	ENSG00000147588	
chr3	183814852	183824783	HTR3E	0.715167183	Ensembl	ENSG00000186038	
chr19	34663409	34720420	LSM14A	0.715127009	Ensembl	ENSG00000257103	
chr1	177893091	177953438	SEC16B	0.715089688	Ensembl	ENSG00000120341	
chr19	14800613	14844558	ZNF333	0.714995237	Ensembl	ENSG00000160961	
chr5	159774758	159797648	C1QTNF2	0.714534895	Ensembl	ENSG00000145861	
chr7	3341080	4308632	SDK1	0.714510565	Ensembl	ENSG00000146555	
chr3	182511288	182639423	ATP11B	0.714462176	Ensembl	ENSG00000058063	
chr3	186353758	186370930	FETUB	0.71437619	Ensembl	ENSG00000090512	
chr8	145654165	145669827	TONSL	0.714328569	Ensembl	ENSG00000160949	
chr20	61447596	61472511	COL9A3	0.714210613	Ensembl	ENSG00000092758	
chr8	118806729	119124092	EXT1	0.714149481	Ensembl	ENSG00000182197	
chr20	56884752	56942563	RAB22A	0.714125365	Ensembl	ENSG00000124209	
chr1	166958346	166991451	MAEL	0.714063556	Ensembl	ENSG00000143194	
chr1	53692564	53704282	MAGOH	0.714035803	Ensembl	ENSG00000162385	
chr8	107771711	107782473	ABRA	0.713937927	Ensembl	ENSG00000174429	
chr1	201252580	201302121	PKP1	0.713925494	Ensembl	ENSG00000081277	
chr5	1392909	1445545	SLC6A3	0.713789747	Ensembl	ENSG00000142319	
chr3	184795838	184870802	C3orf70	0.713609786	Ensembl	ENSG00000187068	
chr1	228612546	228613026	HIST3H3	0.71360704	Ensembl	ENSG00000168148	
chr3	138737873	138739768	PRR23B	0.713582341	Ensembl	ENSG00000184814	
chr1	228327663	228336685	GUK1	0.713496692	Ensembl	ENSG00000143774	
chr1	154293566	154297801	AQP10	0.713485316	Ensembl	ENSG00000143595	
chr8	38964509	39142430	ADAM32	0.713479018	Ensembl	ENSG00000197140	
chr1	150190717	150208504	ANP32E	0.713431492	Ensembl	ENSG00000143401	
chr17	68164814	68176189	KCNJ2	0.713298956	Ensembl	ENSG00000123700	
chr8	110551940	110578225	EBAG9	0.71320562	Ensembl	ENSG00000147654	
chr3	150458914	150481264	SIAH2	0.713201369	Ensembl	ENSG00000181788	
chr20	32263489	32274210	E2F1	0.713000252	Ensembl	ENSG00000101412	
chr1	197122810	197169672	ZBTB41	0.712878821	Ensembl	ENSG00000177888	
chr1	152551857	152552980	LCE3D	0.712732164	Ensembl	ENSG00000163202	
chr3	189674517	189840226	LEPREL1	0.712685634	Ensembl	ENSG00000090530	
chr1	160846329	160854960	ITLN1	0.712676299	Ensembl	ENSG00000179914	
chr3	168801287	169381406	MECOM	0.712554602	Ensembl	ENSG00000085276	
chr3	156977531	157251408	VEPH1	0.712522121	Ensembl	ENSG00000197415	
chr3	150126122	150184218	TSC22D2	0.712521935	Ensembl	ENSG00000196428	
chrX	151899293	151903184	MAGEA12	0.712118389	Ensembl	ENSG00000213401	
chr19	30017406	30055386	VSTM2B	0.712117814	Ensembl	ENSG00000187135	
chr17	56833230	57058983	PPM1E	0.711923838	Ensembl	ENSG00000175175	
chr8	90914087	90940116	OSGIN2	0.711772768	Ensembl	ENSG00000164823	
chr19	33321415	33360672	SLC7A9	0.711613073	Ensembl	ENSG00000021488	
chr5	13690440	13944652	DNAH5	0.711432777	Ensembl	ENSG00000039139	
chr15	99511459	99551024	PGPEP1L	0.711334933	Ensembl	ENSG00000183571	
chrX	153409698	153424507	OPN1LW	0.711312527	Ensembl	ENSG00000102076	
chr8	113235157	114449328	CSMD3	0.711157571	Ensembl	ENSG00000164796	
chr7	16501106	16570205	SOSTDC1	0.710990799	Ensembl	ENSG00000171243	
chr8	92967203	93115514	RUNX1T1	0.710948372	Ensembl	ENSG00000079102	
chr8	70579282	70747299	SLCO5A1	0.710933147	Ensembl	ENSG00000137571	
chr3	185823457	186080026	DGKG	0.710932011	Ensembl	ENSG00000058866	
chr20	42086568	42092245	SRSF6	0.710774864	Ensembl	ENSG00000124193	
chr12	5019071	5040527	KCNA1	0.710739169	Ensembl	ENSG00000111262	
chr3	147103833	147124647	ZIC4	0.710698899	Ensembl	ENSG00000174963	
chr6	7727030	7881655	BMP6	0.710594387	Ensembl	ENSG00000153162	
chr13	50234859	50265611	EBPL	0.71053717	Ensembl	ENSG00000123179	
chr7	99686577	99689823	COPS6	0.710495507	Ensembl	ENSG00000168090	
chr1	154244987	154248351	HAX1	0.710197492	Ensembl	ENSG00000143575	
chr1	167022073	167059868	GPA33	0.710152545	Ensembl	ENSG00000143167	
chr1	171154347	171181822	FMO2	0.710121856	Ensembl	ENSG00000094963	
chr19	39923847	39926588	RPS16	0.71003652	Ensembl	ENSG00000105193	
chr1	245318287	245872733	KIF26B	0.709945228	Ensembl	ENSG00000162849	
chr19	39292311	39304004	LGALS4	0.709805532	Ensembl	ENSG00000171747	
chr3	132036211	132087142	ACPP	0.709706291	Ensembl	ENSG00000014257	
chr12	13043716	13070871	GPRC5A	0.709643292	Ensembl	ENSG00000013588	
chr1	151584541	151671567	SNX27	0.709640975	Ensembl	ENSG00000143376	
chr8	57349233	57359293	PENK	0.709458688	Ensembl	ENSG00000181195	
chr7	99070464	99101273	ZNF789	0.709437774	Ensembl	ENSG00000198556	
chr7	99036545	99054994	CPSF4	0.709377171	Ensembl	ENSG00000160917	
chr8	142217265	142318404	SLC45A4	0.709215547	Ensembl	ENSG00000022567	
chr13	114239013	114295785	TFDP1	0.709154454	Ensembl	ENSG00000198176	
chr8	77593454	77779521	ZFHX4	0.709015102	Ensembl	ENSG00000091656	
chr3	195941093	196014828	PCYT1A	0.70901115	Ensembl	ENSG00000161217	
chr12	2079952	2802108	CACNA1C	0.708993776	Ensembl	ENSG00000151067	
chr17	47366568	47439835	ZNF652	0.708958438	Ensembl	ENSG00000198740	
chr20	47662849	47713489	CSE1L	0.708921258	Ensembl	ENSG00000124207	
chr20	39765600	39811629	PLCG1	0.708419701	Ensembl	ENSG00000124181	
chr19	35739233	35758867	LSR	0.708370671	Ensembl	ENSG00000105699	
chr8	72109668	72274467	EYA1	0.708271049	Ensembl	ENSG00000104313	
chr3	155538813	155572218	SLC33A1	0.708034266	Ensembl	ENSG00000169359	
chr1	158368312	158369256	OR10T2	0.707775505	Ensembl	ENSG00000186306	
chr1	152078793	152086556	TCHH	0.70771095	Ensembl	ENSG00000159450	
chr1	159997462	160001783	PIGM	0.707682847	Ensembl	ENSG00000143315	
chr1	248512077	248513015	OR14C36	0.707658259	Ensembl	ENSG00000177174	
chr5	1201710	1225232	SLC6A19	0.707546976	Ensembl	ENSG00000174358	
chr8	144451057	144466390	RHPN1	0.707458396	Ensembl	ENSG00000158106	
chr18	32831032	32870196	ZSCAN30	0.707443392	Ensembl	ENSG00000186814	
chr19	34112861	34264414	CHST8	0.707159545	Ensembl	ENSG00000124302	
chr10	79793518	79816570	RPS24	0.707068179	Ensembl	ENSG00000138326	
chr1	163236366	163325554	NUF2	0.707015616	Ensembl	ENSG00000143228	
chr1	203463271	203477992	OPTC	0.707006079	Ensembl	ENSG00000188770	
chr19	12251032	12267546	ZNF625	0.706810812	Ensembl	ENSG00000257591	
chr1	154540257	154552502	CHRNB2	0.706798879	Ensembl	ENSG00000160716	
chr1	156005092	156023585	UBQLN4	0.706706248	Ensembl	ENSG00000160803	
chr5	19473060	20575982	CDH18	0.706569912	Ensembl	ENSG00000145526	
chr1	120336641	120354283	REG4	0.706566933	Ensembl	ENSG00000134193	
chr20	59827482	60515673	CDH4	0.706325053	Ensembl	ENSG00000179242	
chr1	200520628	200589862	KIF14	0.706190612	Ensembl	ENSG00000118193	
chr20	32581452	32696114	RALY	0.706151887	Ensembl	ENSG00000125970	
chr7	32535038	33078516	AVL9	0.705800649	Ensembl	ENSG00000105778	
chr7	92861653	92988338	CCDC132	0.705721163	Ensembl	ENSG00000004766	
chr20	31643230	31661434	BPIFB3	0.705710505	Ensembl	ENSG00000186190	
chr8	124864227	125132302	FER1L6	0.705630673	Ensembl	ENSG00000214814	
chr1	175036994	175117202	TNN	0.705543712	Ensembl	ENSG00000120332	
chr7	2443223	2474242	CHST12	0.70542583	Ensembl	ENSG00000136213	
chr1	235530675	235612283	TBCE	0.705011973	Ensembl	ENSG00000116957	
chr12	8789942	8815484	MFAP5	0.704792287	Ensembl	ENSG00000197614	
chr8	87480486	87526586	RMDN1	0.704524646	Ensembl	ENSG00000176623	
chr3	184032283	184053146	EIF4G1	0.704518726	Ensembl	ENSG00000114867	
chr19	17905637	17923891	B3GNT3	0.704278248	Ensembl	ENSG00000179913	
chr8	91070836	91107703	CALB1	0.70425987	Ensembl	ENSG00000104327	
chrX	153194695	153200676	NAA10	0.704110003	Ensembl	ENSG00000102030	
chr10	75404639	75423561	SYNPO2L	0.704029703	Ensembl	ENSG00000166317	
chr17	59758627	59940882	BRIP1	0.703941809	Ensembl	ENSG00000136492	
chr20	32676104	32700138	EIF2S2	0.703940689	Ensembl	ENSG00000125977	
chr17	47280153	47287936	GNGT2	0.703926998	Ensembl	ENSG00000167083	
chr1	203830731	203839678	SNRPE	0.70389867	Ensembl	ENSG00000182004	
chr7	27132612	27135615	HOXA1	0.703829176	Ensembl	ENSG00000105991	
chr1	160577890	160617085	SLAMF1	0.70369493	Ensembl	ENSG00000117090	
chr1	161136200	161147803	PPOX	0.70345196	Ensembl	ENSG00000143224	
chr5	850406	892939	BRD9	0.703251521	Ensembl	ENSG00000028310	
chr19	34919257	34960853	UBA2	0.703241743	Ensembl	ENSG00000126261	
chr20	36120874	36156333	BLCAP	0.702979351	Ensembl	ENSG00000166619	
chr1	206223976	206231639	AVPR1B	0.702929517	Ensembl	ENSG00000198049	
chr1	162760492	162782607	HSD17B7	0.702598013	Ensembl	ENSG00000132196	
chr8	144386554	144442149	TOP1MT	0.702318707	Ensembl	ENSG00000184428	
chr1	154975127	154990998	ZBTB7B	0.702296012	Ensembl	ENSG00000160685	
chr11	68747490	68748455	MRGPRD	0.702271356	Ensembl	ENSG00000172938	
chr8	95731931	95806064	DPY19L4	0.702131664	Ensembl	ENSG00000156162	
chr3	170075466	170114623	SKIL	0.7020877	Ensembl	ENSG00000136603	
chr8	88882973	88886296	DCAF4L2	0.701912894	Ensembl	ENSG00000176566	
chr17	79890260	79900288	PYCR1	0.701728645	Ensembl	ENSG00000183010	
chr19	53893046	53930574	ZNF765	0.701693063	Ensembl	ENSG00000196417	
chr3	194115550	194119995	GP5	0.701403006	Ensembl	ENSG00000178732	
chr3	128290843	128294929	C3orf27	0.701329157	Ensembl	ENSG00000198685	
chr1	178818840	178840187	ANGPTL1	0.701226536	Ensembl	ENSG00000116194	
chr17	76352864	76356158	SOCS3	0.701110492	Ensembl	ENSG00000184557	
chr1	181382238	181777219	CACNA1E	0.700980539	Ensembl	ENSG00000198216	
chr1	152381719	152386739	CRNN	0.700938678	Ensembl	ENSG00000143536	
chr5	24487209	24645087	CDH10	0.700848531	Ensembl	ENSG00000040731	
chr1	201008642	201081694	CACNA1S	0.700832733	Ensembl	ENSG00000081248	
chr6	28493702	28502729	GPX5	0.700807344	Ensembl	ENSG00000224586	
chr20	60528525	60640866	TAF4	0.700676168	Ensembl	ENSG00000130699	
chr1	154669931	154842756	KCNN3	0.70064015	Ensembl	ENSG00000143603	
chr20	43248163	43280874	ADA	0.700575452	Ensembl	ENSG00000196839	
chr3	186378005	186396029	HRG	0.700360841	Ensembl	ENSG00000113905	
chr20	56071035	56100708	CTCFL	0.700303664	Ensembl	ENSG00000124092	
chr19	38104650	38183238	ZFP30	0.700059206	Ensembl	ENSG00000120784	
chr1	223282748	223316624	TLR5	0.699999404	Ensembl	ENSG00000187554	
chr1	211836114	211848960	NEK2	0.699936795	Ensembl	ENSG00000117650	
chr5	23507264	23528706	PRDM9	0.699924011	Ensembl	ENSG00000164256	
chr6	18155560	18224084	KDM1B	0.699614443	Ensembl	ENSG00000165097	
chr12	57943781	57980415	KIF5A	0.699507084	Ensembl	ENSG00000155980	
chr1	236378855	236445319	ERO1LB	0.699235098	Ensembl	ENSG00000086619	
chr8	99202061	99306621	NIPAL2	0.69920756	Ensembl	ENSG00000104361	
chr1	153954127	153958834	RAB13	0.699165692	Ensembl	ENSG00000143545	
chr9	93372114	93405386	DIRAS2	0.699137542	Ensembl	ENSG00000165023	
chr1	165696032	165796992	TMCO1	0.69909061	Ensembl	ENSG00000143183	
chr20	10199478	10288066	SNAP25	0.69900859	Ensembl	ENSG00000132639	
chr8	110374706	110542559	PKHD1L1	0.698944157	Ensembl	ENSG00000205038	
chr8	106330920	106816760	ZFPM2	0.698870705	Ensembl	ENSG00000169946	
chr1	158532441	158533394	OR6P1	0.698821471	Ensembl	ENSG00000186440	
chr1	226332380	226374431	ACBD3	0.698742051	Ensembl	ENSG00000182827	
chr12	58118980	58135940	AGAP2	0.698704363	Ensembl	ENSG00000135439	
chr3	194995465	195163807	ACAP2	0.698578434	Ensembl	ENSG00000114331	
chr1	248402231	248403166	OR2M4	0.698491499	Ensembl	ENSG00000171180	
chr17	56247017	56247940	OR4D2	0.69830982	Ensembl	ENSG00000255713	
chr11	313506	315272	IFITM1	0.698243013	Ensembl	ENSG00000185885	
chr7	108194987	108210194	THAP5	0.698193977	Ensembl	ENSG00000177683	
chr7	45951949	45961473	IGFBP3	0.698134694	Ensembl	ENSG00000146674	
chr7	141356528	141401953	KIAA1147	0.698115652	Ensembl	ENSG00000257093	
chr2	170335688	170382432	BBS5	0.698114872	Ensembl	ENSG00000163093	
chr1	160061130	160068733	IGSF8	0.698112896	Ensembl	ENSG00000162729	
chr1	196743925	196763203	CFHR3	0.697967993	Ensembl	ENSG00000116785	
chr3	179065480	179112719	MFN1	0.697954175	Ensembl	ENSG00000171109	
chr12	7282294	7311541	CLSTN3	0.697943405	Ensembl	ENSG00000139182	
chr8	98881068	99048944	MATN2	0.697938092	Ensembl	ENSG00000132561	
chr19	44979854	45004576	ZNF180	0.697789455	Ensembl	ENSG00000167384	
chr8	97251626	97273838	MTERFD1	0.697759009	Ensembl	ENSG00000156469	
chr3	148583043	148614983	CPA3	0.697724408	Ensembl	ENSG00000163751	
chr1	171669300	171711387	VAMP4	0.697488616	Ensembl	ENSG00000117533	
chr19	37341263	37403931	ZNF345	0.69746241	Ensembl	ENSG00000251247	
chr19	15988833	16008930	CYP4F2	0.69735149	Ensembl	ENSG00000186115	
chr8	72932152	72987852	TRPA1	0.697253108	Ensembl	ENSG00000104321	
chr1	151104161	151119104	SEMA6C	0.697112716	Ensembl	ENSG00000143434	
chr3	151055168	151102600	P2RY12	0.697055067	Ensembl	ENSG00000169313	
chr17	64831235	64881603	CACNG5	0.696887254	Ensembl	ENSG00000075429	
chr7	33053742	33102409	NT5C3A	0.69687588	Ensembl	ENSG00000122643	
chr20	47980414	48099184	KCNB1	0.696747113	Ensembl	ENSG00000158445	
chr8	53850991	53853677	NPBWR1	0.696743723	Ensembl	ENSG00000183729	
chr3	185194284	185216845	TMEM41A	0.696617641	Ensembl	ENSG00000163900	
chr1	237205505	237997288	RYR2	0.696411931	Ensembl	ENSG00000198626	
chr20	50213053	50385173	ATP9A	0.696405205	Ensembl	ENSG00000054793	
chr20	45338126	45364965	SLC2A10	0.696380596	Ensembl	ENSG00000197496	
chr1	227751244	227865144	ZNF678	0.696239595	Ensembl	ENSG00000181450	
chr19	36358801	36370693	APLP1	0.696193687	Ensembl	ENSG00000105290	
chr8	105351315	105368917	DCSTAMP	0.696106964	Ensembl	ENSG00000164935	
chr1	180941861	180992047	STX6	0.695940539	Ensembl	ENSG00000135823	
chr8	68864353	69149265	PREX2	0.695916955	Ensembl	ENSG00000046889	
chr1	243651535	244014381	AKT3	0.695803847	Ensembl	ENSG00000117020	
chr11	72929343	72947397	P2RY2	0.695703293	Ensembl	ENSG00000175591	
chr8	125985540	125991631	ZNF572	0.695674592	Ensembl	ENSG00000180938	
chr20	43803517	43805185	PI3	0.695662594	Ensembl	ENSG00000124102	
chr1	248112160	248113098	OR2L8	0.695659521	Ensembl	ENSG00000196936	
chr20	30555805	30591190	XKR7	0.695636856	Ensembl	ENSG00000260903	
chr11	69061605	69182494	MYEOV	0.695566827	Ensembl	ENSG00000172927	
chr3	160801671	160823172	B3GALNT1	0.695432106	Ensembl	ENSG00000169255	
chr7	937540	995043	ADAP1	0.695379344	Ensembl	ENSG00000105963	
chr1	182992595	183114727	LAMC1	0.69536787	Ensembl	ENSG00000135862	
chr19	30719197	31204445	ZNF536	0.695151083	Ensembl	ENSG00000198597	
chr5	43486803	43515247	C5orf34	0.695048195	Ensembl	ENSG00000172244	
chr12	8754762	8765467	AICDA	0.694990031	Ensembl	ENSG00000111732	
chr1	182869000	182922660	SHCBP1L	0.694806572	Ensembl	ENSG00000157060	
chr1	161592986	161601753	FCGR3B	0.694717068	Ensembl	ENSG00000162747	
chr17	37894180	37903544	GRB7	0.694682126	Ensembl	ENSG00000141738	
chr1	149900543	149908791	MTMR11	0.694622407	Ensembl	ENSG00000014914	
chr8	145137493	145141119	GPAA1	0.694493083	Ensembl	ENSG00000197858	
chr19	12571998	12624668	ZNF709	0.694468055	Ensembl	ENSG00000242852	
chr1	155247374	155259639	HCN3	0.694220972	Ensembl	ENSG00000143630	
chr19	53837002	53858122	ZNF845	0.694214727	Ensembl	ENSG00000213799	
chr3	183960089	183967336	ALG3	0.694003286	Ensembl	ENSG00000214160	
chr7	86273230	86494200	GRM3	0.693897953	Ensembl	ENSG00000198822	
chr20	57226328	57254582	STX16	0.693881446	Ensembl	ENSG00000124222	
chr3	147111209	147228080	ZIC1	0.693687066	Ensembl	ENSG00000152977	
chr7	1570350	1582679	MAFK	0.693606879	Ensembl	ENSG00000198517	
chr6	154331631	154568001	OPRM1	0.693539656	Ensembl	ENSG00000112038	
chr12	10758612	10766222	MAGOHB	0.693505674	Ensembl	ENSG00000111196	
chr3	170714137	170744539	SLC2A2	0.693444646	Ensembl	ENSG00000163581	
chr5	140588269	140591696	PCDHB12	0.693310902	Ensembl	ENSG00000120328	
chr20	45186463	45304714	SLC13A3	0.693283827	Ensembl	ENSG00000158296	
chr8	144680074	144682485	TIGD5	0.693209441	Ensembl	ENSG00000179886	
chr8	145691426	145699585	KIFC2	0.693186517	Ensembl	ENSG00000167702	
chr17	78193498	78227299	SLC26A11	0.693158065	Ensembl	ENSG00000181045	
chr3	137717577	137752494	CLDN18	0.693129052	Ensembl	ENSG00000066405	
chr8	71581600	71702606	XKR9	0.693094468	Ensembl	ENSG00000221947	
chr1	247614255	247615308	OR2B11	0.693036189	Ensembl	ENSG00000177535	
chr5	38258511	38465123	EGFLAM	0.693030551	Ensembl	ENSG00000164318	
chr1	158435272	158436344	OR10K1	0.692860064	Ensembl	ENSG00000173285	
chr8	144661867	144681711	EEF1D	0.692817307	Ensembl	ENSG00000104529	
chr8	130760442	130799134	GSDMC	0.692780028	Ensembl	ENSG00000147697	
chr3	169490619	169507504	MYNN	0.692732123	Ensembl	ENSG00000085274	
chr1	159141399	159173103	CADM3	0.692307934	Ensembl	ENSG00000162706	
chr17	76183398	76203782	AFMID	0.692229861	Ensembl	ENSG00000183077	
chr20	61924538	61966203	COL20A1	0.692098172	Ensembl	ENSG00000101203	
chr3	179116990	179169378	GNB4	0.691929162	Ensembl	ENSG00000114450	
chr8	104512976	105268322	RIMS2	0.691902099	Ensembl	ENSG00000176406	
chr5	10971952	11904155	CTNND2	0.691789912	Ensembl	ENSG00000169862	
chr3	142315229	142432506	PLS1	0.691748974	Ensembl	ENSG00000120756	
chr4	1795034	1810599	FGFR3	0.691534244	Ensembl	ENSG00000068078	
chr3	166958075	167099134	ZBBX	0.691407815	Ensembl	ENSG00000169064	
chr1	155629237	155658791	YY1AP1	0.691402513	Ensembl	ENSG00000163374	
chr20	44470360	44486045	ACOT8	0.691240832	Ensembl	ENSG00000101473	
chr1	236849754	236927931	ACTN2	0.69122684	Ensembl	ENSG00000077522	
chr9	17579080	17797127	SH3GL2	0.691158833	Ensembl	ENSG00000107295	
chr8	119935796	119964439	TNFRSF11B	0.691104322	Ensembl	ENSG00000164761	
chr1	240931554	241520530	RGS7	0.691074628	Ensembl	ENSG00000182901	
chr8	95499921	95565757	KIAA1429	0.69105616	Ensembl	ENSG00000164944	
chr20	44802372	44937137	CDH22	0.691020724	Ensembl	ENSG00000149654	
chr1	147228332	147245484	GJA5	0.690927826	Ensembl	ENSG00000143140	
chr1	222695602	222721445	HHIPL2	0.690863849	Ensembl	ENSG00000143512	
chr1	173152873	173176452	TNFSF4	0.690795537	Ensembl	ENSG00000117586	
chr2	74699085	74700449	MRPL53	0.690679838	Ensembl	ENSG00000204822	
chr20	46285092	46415360	SULF2	0.690625154	Ensembl	ENSG00000196562	
chr1	158259576	158263420	CD1C	0.690540238	Ensembl	ENSG00000158481	
chr12	8834196	8935691	RIMKLB	0.690447034	Ensembl	ENSG00000166532	
chr12	11174218	11175219	TAS2R19	0.690321957	Ensembl	ENSG00000212124	
chr1	202091986	202102720	GPR37L1	0.690154912	Ensembl	ENSG00000170075	
chr3	167196472	167371771	WDR49	0.689929561	Ensembl	ENSG00000174776	
chr8	145159402	145162514	MAF1	0.689919612	Ensembl	ENSG00000179632	
chr13	31309645	31338556	ALOX5AP	0.689876327	Ensembl	ENSG00000132965	
chr5	40909354	40983041	C7	0.689685595	Ensembl	ENSG00000112936	
chr5	140201222	140391929	PCDHA5	0.689594161	Ensembl	ENSG00000204965	
chr7	91321323	91510034	MTERF	0.689441057	Ensembl	ENSG00000127989	
chr8	70963886	70983928	PRDM14	0.689393912	Ensembl	ENSG00000147596	
chr1	228353516	228369958	IBA57	0.689391858	Ensembl	ENSG00000181873	
chr19	9964394	10047228	OLFM2	0.689367863	Ensembl	ENSG00000105088	
chr5	131396222	131398897	IL3	0.689271259	Ensembl	ENSG00000164399	
chr1	43990858	44089343	PTPRF	0.689133887	Ensembl	ENSG00000142949	
chr12	31226779	31257725	DDX11	0.689108135	Ensembl	ENSG00000013573	
chr1	150933059	150947479	CERS2	0.688806467	Ensembl	ENSG00000143418	
chrX	148621900	148632055	CXorf40A	0.688613085	Ensembl	ENSG00000197620	
chr20	12989627	13147411	SPTLC3	0.68859091	Ensembl	ENSG00000172296	
chr3	171757418	172119455	FNDC3B	0.68856891	Ensembl	ENSG00000075420	
chr7	100882739	100895597	FIS1	0.688557732	Ensembl	ENSG00000214253	
chr5	16665395	16936372	MYO10	0.688445234	Ensembl	ENSG00000145555	
chr3	134316643	134979309	EPHB1	0.688415274	Ensembl	ENSG00000154928	
chr20	44350990	44354469	SPINT4	0.688349429	Ensembl	ENSG00000149651	
chr5	44303646	44389808	FGF10	0.688328654	Ensembl	ENSG00000070193	
chr1	193148175	193155784	B3GALT2	0.688121713	Ensembl	ENSG00000162630	
chr12	31079362	31149534	TSPAN11	0.687953062	Ensembl	ENSG00000110900	
chr11	77779350	77791265	NDUFC2	0.687867541	Ensembl	ENSG00000151366	
chr1	157644111	157670647	FCRL3	0.687837536	Ensembl	ENSG00000160856	
chr1	230457392	230561475	PGBD5	0.687734204	Ensembl	ENSG00000177614	
chr1	209788215	209825811	LAMB3	0.68767993	Ensembl	ENSG00000196878	
chr15	82555151	82577271	FAM154B	0.687570922	Ensembl	ENSG00000188659	
chr5	1008944	1039058	NKD2	0.687494999	Ensembl	ENSG00000145506	
chr8	59402737	59412795	CYP7A1	0.687437267	Ensembl	ENSG00000167910	
chr1	248684916	248685964	OR2G6	0.687435173	Ensembl	ENSG00000188558	
chr8	134048973	134115298	SLA	0.687422408	Ensembl	ENSG00000155926	
chr18	19749404	19782491	GATA6	0.687362197	Ensembl	ENSG00000141448	
chr17	72946838	72969261	HID1	0.687345091	Ensembl	ENSG00000167861	
chr1	145549230	145568526	ANKRD35	0.687281718	Ensembl	ENSG00000198483	
chrX	1710486	1721407	AKAP17A	0.687222704	Ensembl	ENSG00000197976	
chr8	81880045	82024303	PAG1	0.687216328	Ensembl	ENSG00000076641	
chr20	61826781	61847586	YTHDF1	0.687197787	Ensembl	ENSG00000149658	
chr1	12884468	12891264	PRAMEF11	0.687189883	Ensembl	ENSG00000204513	
chr3	128198270	128212028	GATA2	0.687108488	Ensembl	ENSG00000179348	
chr16	23474863	23533316	GGA2	0.687091257	Ensembl	ENSG00000103365	
chr1	186412698	186430254	PDC	0.687029577	Ensembl	ENSG00000116703	
chr1	171810621	172387606	DNM3	0.687000649	Ensembl	ENSG00000197959	
chr9	21206180	21207142	IFNA10	0.68696797	Ensembl	ENSG00000186803	
chr8	133036467	133097902	OC90	0.686960924	Ensembl	ENSG00000258417	
chr5	178537852	178772431	ADAMTS2	0.686924216	Ensembl	ENSG00000087116	
chr3	183873176	183891398	DVL3	0.686649537	Ensembl	ENSG00000161202	
chr17	61994560	61996179	GH1	0.686627262	Ensembl	ENSG00000259384	
chr12	70760056	70828072	KCNMB4	0.686575212	Ensembl	ENSG00000135643	
chr1	206643791	206670223	IKBKE	0.6864308	Ensembl	ENSG00000143466	
chr1	248100493	248264224	OR2L13	0.686374213	Ensembl	ENSG00000196071	
chr13	27329341	27334922	GPR12	0.686363594	Ensembl	ENSG00000132975	
chr5	3596168	3601517	IRX1	0.686276136	Ensembl	ENSG00000170549	
chr11	67758575	67772452	UNC93B1	0.686185008	Ensembl	ENSG00000110057	
chr11	78363876	79151992	TENM4	0.686064669	Ensembl	ENSG00000149256	
chr7	142638201	142659768	KEL	0.686059853	Ensembl	ENSG00000197993	
chr8	42231586	42234750	DKK4	0.686057861	Ensembl	ENSG00000104371	
chr8	101145588	101158028	FBXO43	0.685994575	Ensembl	ENSG00000156509	
chr3	184529931	184770402	VPS8	0.685960377	Ensembl	ENSG00000156931	
chr1	152274651	152297679	FLG	0.685940443	Ensembl	ENSG00000143631	
chr8	145747761	145752416	LRRC24	0.68577774	Ensembl	ENSG00000254402	
chr1	149874870	149889434	SV2A	0.685773636	Ensembl	ENSG00000159164	
chr20	34679426	34820721	EPB41L1	0.685692972	Ensembl	ENSG00000088367	
chr1	179050512	179067158	TOR3A	0.685676659	Ensembl	ENSG00000186283	
chr1	203444956	203460480	PRELP	0.685581958	Ensembl	ENSG00000188783	
chr20	29964967	29978406	DEFB119	0.685429135	Ensembl	ENSG00000180483	
chr1	231114727	231136341	ARV1	0.685232353	Ensembl	ENSG00000173409	
chr6	12008995	12165232	HIVEP1	0.685023158	Ensembl	ENSG00000095951	
chr3	197615946	197687013	IQCG	0.684935349	Ensembl	ENSG00000114473	
chr5	33523640	33892297	ADAMTS12	0.684923491	Ensembl	ENSG00000151388	
chr2	46926091	46990268	SOCS5	0.684747306	Ensembl	ENSG00000171150	
chr1	162039564	162353321	NOS1AP	0.684737049	Ensembl	ENSG00000198929	
chr1	248004199	248005254	OR11L1	0.684727868	Ensembl	ENSG00000197591	
chr20	57034157	57090187	APCDD1L	0.68462175	Ensembl	ENSG00000198768	
chr3	180319918	180335616	TTC14	0.684621618	Ensembl	ENSG00000163728	
chr8	145649000	145653931	VPS28	0.684572362	Ensembl	ENSG00000160948	
chr5	140593509	140596993	PCDHB13	0.68449754	Ensembl	ENSG00000187372	
chr8	144295068	144299044	GPIHBP1	0.684309551	Ensembl	ENSG00000182851	
chr6	32709119	32714992	HLA-DQA2	0.684183259	Ensembl	ENSG00000237541	
chr20	50400581	50419059	SALL4	0.684146051	Ensembl	ENSG00000101115	
chr20	44527399	44540794	PLTP	0.684058076	Ensembl	ENSG00000100979	
chr3	157814948	157824292	SHOX2	0.683935437	Ensembl	ENSG00000168779	
chr5	31639517	32111037	PDZD2	0.683877799	Ensembl	ENSG00000133401	
chr17	57784553	57919616	VMP1	0.683816068	Ensembl	ENSG00000062716	
chr8	104033291	104085279	ATP6V1C1	0.683782884	Ensembl	ENSG00000155097	
chr7	123295861	123304344	LMOD2	0.683739362	Ensembl	ENSG00000170807	
chr8	110098850	110131813	TRHR	0.683622333	Ensembl	ENSG00000174417	
chr1	248550910	248551836	OR2T6	0.683358748	Ensembl	ENSG00000198104	
chr8	124054208	124164393	TBC1D31	0.683331885	Ensembl	ENSG00000156787	original name: WDR67
chr19	37597636	37663643	ZNF585A	0.683311337	Ensembl	ENSG00000196967	
chr17	76106539	76128488	TMC6	0.683075287	Ensembl	ENSG00000141524	
chr3	148415571	148460795	AGTR1	0.683015146	Ensembl	ENSG00000144891	
chr19	36236015	36237911	PSENEN	0.683006167	Ensembl	ENSG00000205155	
chr20	18488137	18542059	SEC23B	0.683001049	Ensembl	ENSG00000101310	
chr7	136553416	136705002	CHRM2	0.682988355	Ensembl	ENSG00000181072	
chr2	37869032	37965611	CDC42EP3	0.682973904	Ensembl	ENSG00000163171	
chr20	62289163	62328416	RTEL1	0.68290935	Ensembl	ENSG00000258366	
chr1	152647771	152659877	LCE2B	0.682875433	Ensembl	ENSG00000159455	
chr1	234040679	234460262	SLC35F3	0.682820917	Ensembl	ENSG00000183780	
chr7	100612904	100662230	MUC12	0.682757498	Ensembl	ENSG00000205277	
chr17	56270098	56282535	EPX	0.68273621	Ensembl	ENSG00000121053	
chr1	152635872	152637135	LCE2D	0.682721579	Ensembl	ENSG00000187223	
chr3	137906109	138017231	ARMC8	0.682720695	Ensembl	ENSG00000114098	
chr7	30893010	30965131	AQP1	0.682627037	Ensembl	ENSG00000240583	
chr3	161214596	161221730	OTOL1	0.68260859	Ensembl	ENSG00000182447	
chr11	71249071	71250253	KRTAP5-8	0.682586038	Ensembl	ENSG00000241233	
chr7	57187321	57207571	ZNF479	0.682483463	Ensembl	ENSG00000185177	
chr20	56136136	56141513	PCK1	0.682397087	Ensembl	ENSG00000124253	
chr6	24424793	24495433	GPLD1	0.682351969	Ensembl	ENSG00000112293	
chr19	11832080	11849824	ZNF823	0.682280555	Ensembl	ENSG00000197933	
chr3	172468472	172539264	ECT2	0.68219159	Ensembl	ENSG00000114346	
chr1	40157854	40229586	PPIE	0.682085358	Ensembl	ENSG00000084072	
chr1	209955661	209957904	C1orf74	0.682022015	Ensembl	ENSG00000162757	
chr20	33590207	33680674	TRPC4AP	0.68198841	Ensembl	ENSG00000100991	
chr5	26880709	27121257	CDH9	0.681865347	Ensembl	ENSG00000113100	
chr8	144656955	144660819	NAPRT1	0.681800233	Ensembl	ENSG00000147813	
chr1	247654370	247655710	OR2W5	0.681792653	Ensembl	ENSG00000203664	
chr17	21279509	21323179	KCNJ12	0.681776292	Ensembl	ENSG00000184185	
chr1	153920145	153931101	CRTC2	0.681649939	Ensembl	ENSG00000160741	
chr8	98656407	98740998	MTDH	0.681647826	Ensembl	ENSG00000147649	
chr1	228003394	228034171	PRSS38	0.681595286	Ensembl	ENSG00000185888	
chr5	6599352	6633404	NSUN2	0.681466388	Ensembl	ENSG00000037474	
chr1	158735466	158736492	OR6N1	0.681406837	Ensembl	ENSG00000197403	
chr8	98285717	98290176	TSPYL5	0.681352029	Ensembl	ENSG00000180543	
chr19	38924339	39078204	RYR1	0.681221101	Ensembl	ENSG00000196218	
chr5	5140443	5320417	ADAMTS16	0.681204546	Ensembl	ENSG00000145536	
chr8	38854388	38962663	ADAM9	0.681153238	Ensembl	ENSG00000168615	
chr1	156219015	156252620	SMG5	0.681143446	Ensembl	ENSG00000198952	
chr3	159706537	159713806	IL12A	0.681128978	Ensembl	ENSG00000168811	
chr1	152670840	152671918	LCE2A	0.681028508	Ensembl	ENSG00000187173	
chr17	60778675	60885705	MARCH10	0.681022609	Ensembl	ENSG00000173838	
chr20	44577292	44600833	ZNF335	0.680932518	Ensembl	ENSG00000198026	
chr19	38158652	38183223	ZNF781	0.680780693	Ensembl	ENSG00000196381	
chr11	60739115	60787849	CD6	0.680738985	Ensembl	ENSG00000013725	
chr2	32502979	32541663	YIPF4	0.680656398	Ensembl	ENSG00000119820	
chr17	80477589	80602538	FOXK2	0.680628227	Ensembl	ENSG00000141568	
chr1	192605275	192629390	RGS13	0.680561577	Ensembl	ENSG00000127074	
chr1	248308450	248309388	OR2M5	0.680536649	Ensembl	ENSG00000162727	
chr11	102391239	102401484	MMP7	0.680423817	Ensembl	ENSG00000137673	
chr20	42187608	42216877	SGK2	0.680278043	Ensembl	ENSG00000101049	
chr12	5153085	5155949	KCNA5	0.680247741	Ensembl	ENSG00000130037	
chr1	152881021	152884362	IVL	0.680207211	Ensembl	ENSG00000163207	
chr20	37377085	37400834	ACTR5	0.680202215	Ensembl	ENSG00000101442	
chr8	145051321	145086940	PARP10	0.68010167	Ensembl	ENSG00000178685	
chr6	27775257	27775709	HIST1H2BL	0.679923561	Ensembl	ENSG00000185130	
chr3	196594727	196661585	SENP5	0.679686532	Ensembl	ENSG00000119231	
chr1	223394161	223537544	SUSD4	0.679684117	Ensembl	ENSG00000143502	
chr1	157483167	157522310	FCRL5	0.67960762	Ensembl	ENSG00000143297	
chr12	57031959	57039798	ATP5B	0.679490494	Ensembl	ENSG00000110955	
chr1	160454820	160493052	SLAMF6	0.679487781	Ensembl	ENSG00000162739	
chr19	15060846	15133802	SLC1A6	0.679480449	Ensembl	ENSG00000105143	
chr17	74559792	74583038	ST6GALNAC2	0.679257595	Ensembl	ENSG00000070731	
chr1	207494853	207534311	CD55	0.679038049	Ensembl	ENSG00000196352	
chr11	76155967	76264069	C11orf30	0.678962998	Ensembl	ENSG00000158636	
chr3	137780832	137834660	DZIP1L	0.678961357	Ensembl	ENSG00000158163	
chr8	141667999	142012315	PTK2	0.678893952	Ensembl	ENSG00000169398	
chr20	56725960	56736206	C20orf85	0.678841859	Ensembl	ENSG00000124237	
chr8	65492814	65496181	BHLHE22	0.67881142	Ensembl	ENSG00000180828	
chrX	153618315	153637504	RPL10	0.678742141	Ensembl	ENSG00000147403	
chr19	13064972	13068050	GADD45GIP1	0.678716538	Ensembl	ENSG00000179271	
chr12	2934514	2944710	NRIP2	0.678712073	Ensembl	ENSG00000053702	
chr20	34021145	34042568	GDF5	0.678689905	Ensembl	ENSG00000125965	
chr11	78147007	78285919	NARS2	0.678676759	Ensembl	ENSG00000137513	
chr11	75526212	75854239	UVRAG	0.678620849	Ensembl	ENSG00000198382	
chr5	169532901	169536727	FOXI1	0.678578909	Ensembl	ENSG00000168269	
chr3	190231840	190375843	IL1RAP	0.67854691	Ensembl	ENSG00000196083	
chr4	56719782	56771200	EXOC1	0.678402801	Ensembl	ENSG00000090989	
chr1	240177648	240638489	FMN2	0.678385368	Ensembl	ENSG00000155816	
chr1	248486894	248487899	OR2M7	0.67815691	Ensembl	ENSG00000177186	
chr5	41730167	41870621	OXCT1	0.678156382	Ensembl	ENSG00000083720	
chr19	36040945	36054560	ATP4A	0.678027016	Ensembl	ENSG00000105675	
chr1	196621008	196716634	CFH	0.677954269	Ensembl	ENSG00000000971	
chr20	43935491	43945803	RBPJL	0.677907437	Ensembl	ENSG00000124232	
chrX	294698	347690	PPP2R3B	0.677868934	Ensembl	ENSG00000167393	
chr20	44486256	44507761	ZSWIM3	0.677817718	Ensembl	ENSG00000132801	
chr7	13930853	14031050	ETV1	0.677801352	Ensembl	ENSG00000006468	
chr11	71796941	71814433	LAMTOR1	0.677737125	Ensembl	ENSG00000149357	
chr1	160370376	160398468	VANGL2	0.677497001	Ensembl	ENSG00000162738	
chr5	127419458	127525380	SLC12A2	0.67748911	Ensembl	ENSG00000064651	
chr5	35951112	36001130	UGT3A1	0.677365962	Ensembl	ENSG00000145626	
chr1	203136939	203144941	MYBPH	0.677353945	Ensembl	ENSG00000133055	
chr3	150803484	151154860	MED12L	0.677292909	Ensembl	ENSG00000144893	
chr1	161166894	161184185	NDUFS2	0.677279078	Ensembl	ENSG00000158864	
chr20	42740335	42816218	JPH2	0.677259708	Ensembl	ENSG00000149596	
chr5	151040657	151066726	SPARC	0.677236131	Ensembl	ENSG00000113140	
chr20	61872136	61904046	NKAIN4	0.6772069	Ensembl	ENSG00000101198	
chr9	136325089	136335970	CACFD1	0.677188757	Ensembl	ENSG00000160325	
chr11	67195931	67202872	RPS6KB2	0.677116564	Ensembl	ENSG00000175634	
chrX	44703249	44704130	DUSP21	0.67709456	Ensembl	ENSG00000189037	
chrX	153126969	153174677	L1CAM	0.677061112	Ensembl	ENSG00000198910	
chr7	87133175	87342611	ABCB1	0.676927561	Ensembl	ENSG00000085563	
chr7	84624869	84816171	SEMA3D	0.676894291	Ensembl	ENSG00000153993	
chr5	35852797	35879705	IL7R	0.676824661	Ensembl	ENSG00000168685	
chr1	152184558	152196669	HRNR	0.676823395	Ensembl	ENSG00000197915	
chr7	94926988	95025673	PON1	0.676704839	Ensembl	ENSG00000005421	
chr1	159921282	159924044	SLAMF9	0.676430703	Ensembl	ENSG00000162723	
chr17	72920370	72930007	OTOP2	0.67639331	Ensembl	ENSG00000183034	
chr8	36641842	36793646	KCNU1	0.676365845	Ensembl	ENSG00000215262	
chr8	90945564	91015456	NBN	0.676333199	Ensembl	ENSG00000104320	
chr8	94767072	94831462	TMEM67	0.676278873	Ensembl	ENSG00000164953	
chr1	173872947	173886516	SERPINC1	0.676237853	Ensembl	ENSG00000117601	
chr11	60467047	60483284	MS4A8	0.676234407	Ensembl	ENSG00000166959	
chrX	153448107	153461633	OPN1MW	0.676181392	Ensembl	ENSG00000147380	
chr10	27035522	27150016	ABI1	0.67616764	Ensembl	ENSG00000136754	
chr8	42691817	42698468	THAP1	0.676160232	Ensembl	ENSG00000131931	
chr18	54264439	54318831	TXNL1	0.676149587	Ensembl	ENSG00000091164	
chr1	167885967	167906278	MPC2	0.676112106	Ensembl	ENSG00000143158	
chr8	109213445	109447562	EIF3E	0.675955813	Ensembl	ENSG00000104408	
chr1	160313062	160328742	NCSTN	0.675856297	Ensembl	ENSG00000162736	
chr3	172223298	172241297	TNFSF10	0.67584654	Ensembl	ENSG00000121858	
chr8	144099399	144105249	LY6E	0.675765255	Ensembl	ENSG00000160932	
chr8	145086582	145101933	SPATC1	0.675733779	Ensembl	ENSG00000186583	
chr5	41307056	41510730	PLCXD3	0.675490061	Ensembl	ENSG00000182836	
chr3	12625100	12705725	RAF1	0.675403579	Ensembl	ENSG00000132155	
chr8	38001167	38008783	STAR	0.675342877	Ensembl	ENSG00000147465	
chr1	11166592	11322564	MTOR	0.675250975	Ensembl	ENSG00000198793	
chr19	40353963	40440533	FCGBP	0.675224489	Ensembl	ENSG00000090920	
chr17	37793318	37819737	STARD3	0.675198474	Ensembl	ENSG00000131748	
chr8	144686083	144691943	PYCRL	0.675188525	Ensembl	ENSG00000104524	
chr13	110801318	110959496	COL4A1	0.675105172	Ensembl	ENSG00000187498	
chr1	153651113	153666468	NPR1	0.674950122	Ensembl	ENSG00000169418	
chr6	52614897	52628367	GSTA2	0.674685359	Ensembl	ENSG00000244067	
chr5	178405328	178423207	GRM6	0.674651526	Ensembl	ENSG00000113262	
chr8	133584320	133687838	LRRC6	0.674651318	Ensembl	ENSG00000129295	
chr7	108210012	108215294	DNAJB9	0.674480645	Ensembl	ENSG00000128590	
chr20	23016057	23017314	SSTR4	0.674467469	Ensembl	ENSG00000132671	
chr3	148508889	148577974	CPB1	0.674463842	Ensembl	ENSG00000153002	
chr7	1022835	1029276	CYP2W1	0.674117859	Ensembl	ENSG00000073067	
chr17	78440948	78451643	NPTX1	0.6740474	Ensembl	ENSG00000171246	
chr8	144989321	145050902	PLEC	0.673958139	Ensembl	ENSG00000178209	
chr20	45837859	45985567	ZMYND8	0.67384063	Ensembl	ENSG00000101040	
chr3	196366646	196462878	PIGX	0.673808716	Ensembl	ENSG00000163964	
chr1	184759858	184943682	FAM129A	0.673761822	Ensembl	ENSG00000135842	
chr12	10103915	10148293	CLEC12A	0.673668522	Ensembl	ENSG00000172322	
chr1	150980896	151008189	PRUNE	0.673414008	Ensembl	ENSG00000143363	
chr1	147374946	147381393	GJA8	0.673360703	Ensembl	ENSG00000121634	
chr5	140552243	140555957	PCDHB7	0.67331853	Ensembl	ENSG00000113212	
chr8	71021997	71316040	NCOA2	0.673221585	Ensembl	ENSG00000140396	
chr1	175284330	175712906	TNR	0.673128905	Ensembl	ENSG00000116147	
chr7	18066405	18067486	PRPS1L1	0.673049758	Ensembl	ENSG00000229937	
chr5	140480234	140483406	PCDHB3	0.672928163	Ensembl	ENSG00000113205	
chr19	17342692	17356749	NR2F6	0.67288512	Ensembl	ENSG00000160113	
chr20	36531499	36573752	VSTM2L	0.672873789	Ensembl	ENSG00000132821	
chr11	67056018	67069956	ANKRD13D	0.672840937	Ensembl	ENSG00000172932	
chr1	179334855	179523870	AXDND1	0.672826566	Ensembl	ENSG00000162779	
chr12	5541278	5630702	NTF3	0.672823503	Ensembl	ENSG00000185652	
chr3	170779128	171178197	TNIK	0.672790664	Ensembl	ENSG00000154310	
chr21	31852018	31852663	KRTAP19-1	0.672783708	Ensembl	ENSG00000184351	
chr1	247875045	247876105	OR6F1	0.672763725	Ensembl	ENSG00000169214	
chr7	49890017	50160925	ZPBP	0.6727135	Ensembl	ENSG00000042813	
chr8	110586207	110704020	SYBU	0.672631281	Ensembl	ENSG00000147642	
chr6	26365387	26378546	BTN3A2	0.67251884	Ensembl	ENSG00000186470	
chr1	169890467	170054349	KIFAP3	0.672518566	Ensembl	ENSG00000075945	
chr17	21100593	21117937	TMEM11	0.672476345	Ensembl	ENSG00000178307	
chr19	16628700	16653341	CHERP	0.672435657	Ensembl	ENSG00000085872	
chr5	14581884	14615116	FAM105A	0.672412553	Ensembl	ENSG00000145569	
chr19	39109735	39127595	EIF3K	0.672390811	Ensembl	ENSG00000178982	
chr1	196788887	196801319	CFHR1	0.672363145	Ensembl	ENSG00000244414	
chrX	111017543	111326004	TRPC5	0.672350646	Ensembl	ENSG00000072315	
chr8	61099906	61193971	CA8	0.672245498	Ensembl	ENSG00000178538	
chr3	185000729	185206885	MAP3K13	0.672236268	Ensembl	ENSG00000073803	
chrX	153167985	153172620	AVPR2	0.672183048	Ensembl	ENSG00000126895	
chr8	123793633	123986750	ZHX2	0.672060612	Ensembl	ENSG00000178764	
chr1	151129140	151142773	SCNM1	0.671871346	Ensembl	ENSG00000163156	
chr20	31030862	31172876	C20orf112	0.671867426	Ensembl	ENSG00000197183	
chr19	37095719	37119499	ZNF382	0.671752279	Ensembl	ENSG00000161298	
chr16	30016830	30034591	DOC2A	0.671696048	Ensembl	ENSG00000149927	
chr1	229761981	229795946	URB2	0.67163716	Ensembl	ENSG00000135763	
chr6	170863390	170881958	TBP	0.671609355	Ensembl	ENSG00000112592	
chr20	45523263	45817492	EYA2	0.671589275	Ensembl	ENSG00000064655	
chr1	160259063	160313190	COPA	0.671574875	Ensembl	ENSG00000122218	
chr6	39760142	39872648	DAAM2	0.671554792	Ensembl	ENSG00000146122	
