chr1	89622870	89731687	PTEN	0.999835779	Ensembl	ENSG00000171862
chr1	27022524	27108595	ARID1A	0.999665006	Ensembl	ENSG00000117713
chr17	7565097	7590856	TP53	0.999335209	Ensembl	ENSG00000141510
chr13	48877887	49056122	RB1	0.999302125	Ensembl	ENSG00000139687
chr5	112043195	112181936	APC	0.999279455	Ensembl	ENSG00000134982
chr3	52579368	52719933	PBRM1	0.999195273	Ensembl	ENSG00000163939
chr3	10182692	10193904	VHL	0.999155256	Ensembl	ENSG00000134086
chr1	6241329	6269449	RPL22	0.998961337	Ensembl	ENSG00000116251
chr1	8095567	8117161	GATA3	0.998092072	Ensembl	ENSG00000107485
chr5	56111401	56191979	MAP3K1	0.997789344	Ensembl	ENSG00000095015
chrX	44732757	44971847	KDM6A	0.99767053	Ensembl	ENSG00000147050
chr18	48494410	48611415	SMAD4	0.997653552	Ensembl	ENSG00000141646
chr2	202098166	202152434	CASP8	0.996614	Ensembl	ENSG00000064012
chr3	47057919	47205457	SETD2	0.996542719	Ensembl	ENSG00000181555
chr5	67511548	67597649	PIK3R1	0.996535198	Ensembl	ENSG00000145675
chr19	1189406	1228428	STK11	0.995866931	Ensembl	ENSG00000118046
chr16	68771128	68869451	CDH1	0.994076871	Ensembl	ENSG00000039068
chr16	67596310	67673086	CTCF	0.994066405	Ensembl	ENSG00000102974
chr12	49412758	49453557	KMT2D	0.993478222	Ensembl	ENSG00000167548
chr2	148602086	148688393	ACVR2A	0.993333101	Ensembl	ENSG00000121989
chr17	29421945	29709134	NF1	0.993015241	Ensembl	ENSG00000196712
chr17	11924141	12047147	MAP2K4	0.992692139	Ensembl	ENSG00000065559
chr12	12867992	12875305	CDKN1B	0.992173455	Ensembl	ENSG00000111276
chr21	36160098	37376965	RUNX1	0.991319539	Ensembl	ENSG00000159216
chrX	76760356	77041702	ATRX	0.991244751	Ensembl	ENSG00000085224
chr12	46123448	46301823	ARID2	0.990262553	Ensembl	ENSG00000189079
chr5	86563705	86687748	RASA1	0.99020511	Ensembl	ENSG00000145715
chr3	52435029	52444366	BAP1	0.989877252	Ensembl	ENSG00000163930
chr9	21967751	21995300	CDKN2A	0.988741942	Ensembl	ENSG00000147889
chr4	153242410	153457253	FBXW7	0.987725935	Ensembl	ENSG00000109670
chr15	45003675	45011075	B2M	0.986882184	Ensembl	ENSG00000166710
chr22	29999545	30094587	NF2	0.986388834	Ensembl	ENSG00000186575
chr3	30647994	30735634	TGFBR2	0.983672588	Ensembl	ENSG00000163513
chr11	64570982	64578766	MEN1	0.982550123	Ensembl	ENSG00000133895
chr17	7214643	7218883	GPS2	0.98202202	Ensembl	ENSG00000132522
chr18	45357922	45457515	SMAD2	0.981921991	Ensembl	ENSG00000175387
chr16	3115298	3131908	IL32	0.981316004	Ensembl	ENSG00000008517
chr1	78409740	78444794	FUBP1	0.978641784	Ensembl	ENSG00000162613
chr9	139388896	139440314	NOTCH1	0.978529545	Ensembl	ENSG00000148400
chr14	23440383	23451851	AJUBA	0.977188238	Ensembl	ENSG00000129474
chr4	187508937	187647876	FAT1	0.976997175	Ensembl	ENSG00000083857
chr19	47421933	47508334	ARHGAP35	0.976616904	Ensembl	ENSG00000160007
chr16	88636789	88698374	ZC3H18	0.976463305	Ensembl	ENSG00000158545
chrX	123094062	123556514	STAG2	0.975587255	Ensembl	ENSG00000101972
chr19	42772689	42799949	CIC	0.975286939	Ensembl	ENSG00000079432
chr6	29909037	29913661	HLA-A	0.973643384	Ensembl	ENSG00000206503
chr22	24129150	24176703	SMARCB1	0.972244112	Ensembl	ENSG00000099956
chr13	46528600	46626894	ZC3H13	0.971579754	Ensembl	ENSG00000123200
chrX	53220503	53254604	KDM5C	0.970761472	Ensembl	ENSG00000126012
chrX	47004268	47046212	RBM10	0.970375013	Ensembl	ENSG00000182872
chr6	31321649	31324965	HLA-B	0.969580354	Ensembl	ENSG00000234745
chr7	151832010	152133090	KMT2C	0.969505436	Ensembl	ENSG00000055609
chr11	108093211	108239829	ATM	0.965068542	Ensembl	ENSG00000149311
chr1	26145131	26159432	MTFR1L	0.964320503	Ensembl	ENSG00000117640
chrX	135930163	135962923	RBMX	0.963873092	Ensembl	ENSG00000147274
chr12	121416346	121440315	HNF1A	0.96022838	Ensembl	ENSG00000135100
chr1	117057157	117113661	CD58	0.959600008	Ensembl	ENSG00000116815
chr1	70480769	70552134	CCAR1	0.958335257	Ensembl	ENSG00000060339
chr21	42548249	42558715	PLAC4	0.95833303	Ensembl	ENSG00000225745
chr7	36552456	36764154	AOAH	0.954678004	Ensembl	ENSG00000136250
chr12	52345451	52390862	ACVR1B	0.952246767	Ensembl	ENSG00000135503
chr1	23884409	23886285	ID3	0.951831704	Ensembl	ENSG00000117318
chr17	44107282	44302733	KANSL1	0.949939319	Ensembl	ENSG00000120071
chr1	8412457	8877702	RERE	0.947945624	Ensembl	ENSG00000142599
chr6	75962640	75994684	TMEM30A	0.946749515	Ensembl	ENSG00000112697
chr6	114254192	114332472	HDAC2	0.946242413	Ensembl	ENSG00000196591
chr6	157099063	157531913	ARID1B	0.943650098	Ensembl	ENSG00000049618
chr1	93297582	93307481	RPL5	0.943353196	Ensembl	ENSG00000122406
chr11	113668596	113746292	USP28	0.943267399	Ensembl	ENSG00000048028
chr4	41361624	41702061	LIMCH1	0.941986925	Ensembl	ENSG00000064042
chr2	179296141	179316239	PRKRA	0.941519496	Ensembl	ENSG00000180228
chr6	76458909	76629254	MYO6	0.939673043	Ensembl	ENSG00000196586
chr1	855484	977564	LARP4B	0.937429868	Ensembl	ENSG00000107929
chr2	128193783	128284462	IWS1	0.936817201	Ensembl	ENSG00000163166
chr16	3775055	3930727	CREBBP	0.936810641	Ensembl	ENSG00000005339
chr19	49118585	49122793	RPL18	0.935461305	Ensembl	ENSG00000063177
chr1	114710009	114927437	TCF7L2	0.93454222	Ensembl	ENSG00000148737
chr14	69254377	69263190	ZFP36L1	0.933714778	Ensembl	ENSG00000185650
chr17	15932471	16121499	NCOR1	0.933401605	Ensembl	ENSG00000141027
chr15	57210821	57591479	TCF12	0.929031241	Ensembl	ENSG00000140262
chr17	20739760	20799453	CCDC144NL	0.928621439	Ensembl	ENSG00000205212
chr15	41913422	42062141	MGA	0.927772116	Ensembl	ENSG00000174197
chrX	118967985	118986961	UPF3B	0.927234332	Ensembl	ENSG00000125351
chr12	57914493	57923931	MBD6	0.926017681	Ensembl	ENSG00000166987
chr17	56429861	56494956	RNF43	0.925278914	Ensembl	ENSG00000108375
chr17	7146910	7155810	CTDNEP1	0.92483217	Ensembl	ENSG00000175826
chr12	115108059	115121969	TBX3	0.920461354	Ensembl	ENSG00000135111
chr1	75013517	75118617	CFAP70	0.919228415	synonym found: TTC18	ENSG00000156042
chr1	22962999	22966101	C1QA	0.918165691	Ensembl	ENSG00000173372
chr1	85731931	85742773	BCL10	0.914968325	Ensembl	ENSG00000142867
chr16	50775961	50835846	CYLD	0.914887658	Ensembl	ENSG00000083799
chr14	50087489	50090198	MGAT2	0.913835895	Ensembl	ENSG00000168282
chr1	28696114	28826881	PHACTR4	0.912538437	Ensembl	ENSG00000204138
chr6	99845927	99873207	PNISR	0.910887477	Ensembl	ENSG00000132424
chr1	40711619	40717363	TMCO2	0.909498199	Ensembl	ENSG00000188800
chr16	85645015	85709810	GSE1	0.908939548	Ensembl	ENSG00000131149
chr22	41487790	41576081	EP300	0.908485666	Ensembl	ENSG00000100393
chr4	106067032	106200973	TET2	0.908375334	Ensembl	ENSG00000168769
chr12	112464500	112546826	NAA25	0.907436318	Ensembl	ENSG00000111300
chrX	112017731	112084043	AMOT	0.906597624	Ensembl	ENSG00000126016
chr14	55833110	55878576	ATG14	0.906287084	Ensembl	ENSG00000126775
chr1	109234945	109244425	PRPF38B	0.906158387	Ensembl	ENSG00000134186
chr1	60144782	60158981	TFAM	0.905801807	Ensembl	ENSG00000108064
chr5	176560026	176727216	NSD1	0.90552866	Ensembl	ENSG00000165671
chr22	29279580	29453475	ZNRF3	0.905468824	Ensembl	ENSG00000183579
chr2	48667737	48742525	PPP1R21	0.903555492	Ensembl	ENSG00000162869
chr6	32546546	32557625	HLA-DRB1	0.902096953	Ensembl	ENSG00000196126
chr14	103243813	103377837	TRAF3	0.90129325	Ensembl	ENSG00000131323
chr15	44829255	44855227	EIF3J	0.900086715	Ensembl	ENSG00000104131
chrX	39909068	40036582	BCOR	0.898030504	Ensembl	ENSG00000183337
chr15	41700606	41775761	RTF1	0.896663919	Ensembl	ENSG00000137815
chrX	106057101	106243474	MORC4	0.895858523	Ensembl	ENSG00000133131
chr4	83273651	83295656	HNRNPD	0.895510831	Ensembl	ENSG00000138668
chr1	104263744	104393292	SUFU	0.895247107	Ensembl	ENSG00000107882
chr18	56338618	56417371	MALT1	0.894960707	Ensembl	ENSG00000172175
chr16	71315292	71323618	CMTR2	0.893884189	Ensembl	ENSG00000180917
chr6	128289924	128841870	PTPRK	0.8938272	Ensembl	ENSG00000152894
chr3	75758794	75834734	ZNF717	0.893722837	Ensembl	ENSG00000227124
chr1	6694228	6761984	DNAJC11	0.893535665	Ensembl	ENSG00000007923
chr12	7072408	7105520	EMG1	0.892802957	Ensembl	ENSG00000126749
chr14	23842018	23845612	IL25	0.892495393	Ensembl	ENSG00000166090
chr19	17160539	17186435	HAUS8	0.892357314	Ensembl	ENSG00000131351
chr2	230628554	230787955	TRIP12	0.890771581	Ensembl	ENSG00000153827
chr1	35734568	35887659	ZMYM4	0.890145164	Ensembl	ENSG00000146463
chr2	207308263	207485851	ADAM23	0.890121331	Ensembl	ENSG00000114948
chr11	9685624	9774538	SWAP70	0.887249636	Ensembl	ENSG00000133789
chr2	153508107	153574511	PRPF40A	0.886799899	Ensembl	ENSG00000196504
chr5	140026643	140042064	IK	0.88665772	Ensembl	ENSG00000113141
chr2	128458596	128568761	WDR33	0.883363392	Ensembl	ENSG00000136709
chr11	63952744	63972015	STIP1	0.883180361	Ensembl	ENSG00000168439
chr11	8127597	8190602	RIC3	0.881531181	Ensembl	ENSG00000166405
chr9	135937365	135947248	CEL	0.881062674	Ensembl	ENSG00000170835
chrX	69748790	70128581	TEX11	0.878592359	Ensembl	ENSG00000120498
chr22	47080308	47134158	CERK	0.878584352	Ensembl	ENSG00000100422
chr4	88928820	88998929	PKD2	0.877242527	Ensembl	ENSG00000118762
chr2	219128850	219134980	AAMP	0.877120123	Ensembl	ENSG00000127837
chr3	37034823	37107380	MLH1	0.876929988	Ensembl	ENSG00000076242
chr17	48796905	48833574	LUC7L3	0.876415039	Ensembl	ENSG00000108848
chr6	43274872	43337216	ZNF318	0.875348361	Ensembl	ENSG00000171467
chr7	139026106	139107345	LUC7L2	0.875265445	Ensembl	ENSG00000269955
chr6	131895106	131949369	MED23	0.874495549	Ensembl	ENSG00000112282
chr3	50126341	50156454	RBM5	0.872784032	Ensembl	ENSG00000003756
chr17	7465192	7475287	SENP3	0.871595671	Ensembl	ENSG00000161956
chr22	40440821	40731812	TNRC6B	0.871573561	Ensembl	ENSG00000100354
chr1	70671365	70718735	SRSF11	0.870953342	Ensembl	ENSG00000116754
chr15	38544527	38649450	SPRED1	0.870196769	Ensembl	ENSG00000166068
chr13	111365083	111373421	ING1	0.869280649	Ensembl	ENSG00000153487
chr1	90750414	90775542	FAS	0.868311268	Ensembl	ENSG00000026103
chr16	67063019	67134961	CBFB	0.867773915	Ensembl	ENSG00000067955
chr8	22298332	22398652	PPP3CC	0.867493195	Ensembl	ENSG00000120910
chr1	28821422	28912041	WAC	0.867223052	Ensembl	ENSG00000095787
chr7	120965421	120981158	WNT16	0.8623313	Ensembl	ENSG00000002745
chr19	49458072	49465055	BAX	0.86196214	Ensembl	ENSG00000087088
chr2	30946155	31027122	ASXL1	0.861275786	Ensembl	ENSG00000171456
chrX	40944888	41095832	USP9X	0.85880636	Ensembl	ENSG00000124486
chr16	58028572	58034357	ZNF319	0.857631107	Ensembl	ENSG00000166188
chr6	108188960	108279393	SEC63	0.856915335	Ensembl	ENSG00000025796
chr2	225334867	225450110	CUL3	0.856454189	Ensembl	ENSG00000036257
chr17	66507921	66547460	PRKAR1A	0.856123037	Ensembl	ENSG00000108946
chr3	57611184	57678816	DENND6A	0.855727341	Ensembl	ENSG00000174839
chr4	140222609	140341187	NAA15	0.854419979	Ensembl	ENSG00000164134
chr1	22045466	22292698	DNAJC1	0.854214516	Ensembl	ENSG00000136770
chr16	57481337	57495187	COQ9	0.853727617	Ensembl	ENSG00000088682
chr7	30536237	30591095	GGCT	0.85292944	Ensembl	ENSG00000006625
chr1	201977073	201986316	ELF3	0.852910078	Ensembl	ENSG00000163435
chr12	6980099	6998522	SPSB2	0.851749269	Ensembl	ENSG00000111671
chr1	70100864	70167051	RUFY2	0.851408766	Ensembl	ENSG00000204130
chr1	16450832	16482582	EPHA2	0.850820618	Ensembl	ENSG00000142627
chr15	93426526	93571237	CHD2	0.850802658	Ensembl	ENSG00000173575
chrX	11776278	11793870	MSL3	0.849065013	Ensembl	ENSG00000005302
chr2	208693027	208890284	PLEKHM3	0.848467927	Ensembl	ENSG00000178385
chr4	113558120	113578748	LARP7	0.847343129	Ensembl	ENSG00000174720
chr2	55514978	55647057	CCDC88A	0.84725357	Ensembl	ENSG00000115355
chr6	80713604	80752244	TTK	0.847196253	Ensembl	ENSG00000112742
chr14	21853353	21924285	CHD8	0.846365163	Ensembl	ENSG00000100888
chr9	98205262	98279339	PTCH1	0.844911324	Ensembl	ENSG00000185920
chr3	58318607	58411748	PXK	0.842307136	Ensembl	ENSG00000168297
chr2	28112808	28561768	BABAM2	0.841870889	synonym found: BRE	ENSG00000158019
chr5	90664541	90679176	ARRDC3	0.841686355	Ensembl	ENSG00000113369
chr4	184020446	184241930	WWC2	0.841662187	Ensembl	ENSG00000151718
chr6	96025419	96057333	MANEA	0.841159037	Ensembl	ENSG00000172469
chr5	170814120	170838141	NPM1	0.8409401	Ensembl	ENSG00000181163
chr12	102139275	102224716	GNPTAB	0.840763256	Ensembl	ENSG00000111670
chr1	202300785	202311108	UBE2T	0.840759806	Ensembl	ENSG00000077152
chr15	40380091	40401093	BMF	0.839823728	Ensembl	ENSG00000104081
chr3	53190025	53226733	PRKCD	0.838832078	Ensembl	ENSG00000163932
chr2	175260458	175294303	SCRN3	0.837531953	Ensembl	ENSG00000144306
chr6	135502453	135540311	MYB	0.835397084	Ensembl	ENSG00000118513
chr18	47793252	47808144	MBD1	0.833888652	Ensembl	ENSG00000141644
chr11	66104804	66112596	BRMS1	0.833197238	Ensembl	ENSG00000174744
chr19	11071598	11176071	SMARCA4	0.82896604	Ensembl	ENSG00000127616
chr15	43699407	43802926	TP53BP1	0.828868692	Ensembl	ENSG00000067369
chr19	44645710	44663156	ZNF234	0.828278716	Ensembl	ENSG00000263002
chr1	120454176	120612240	NOTCH2	0.827342455	Ensembl	ENSG00000134250
chr6	132767006	132834337	STX7	0.825696988	Ensembl	ENSG00000079950
chr8	38243725	38267045	LETM2	0.825257602	Ensembl	ENSG00000165046
chr18	3411606	3458409	TGIF1	0.824871838	Ensembl	ENSG00000177426
chr14	62229075	62263146	SNAPC1	0.824255698	Ensembl	ENSG00000023608
chr6	76311225	76427997	SENP6	0.824135154	Ensembl	ENSG00000112701
chr5	145583113	145718814	RBM27	0.821509413	Ensembl	ENSG00000091009
chr17	58677544	58741849	PPM1D	0.821438139	Ensembl	ENSG00000170836
chr17	43209967	43221548	ACBD4	0.821168928	Ensembl	ENSG00000181513
chr3	52738971	52742182	SPCS1	0.817126793	Ensembl	ENSG00000114902
chr11	43333513	43366079	API5	0.817017552	Ensembl	ENSG00000166181
chr3	49052921	49059726	DALRD3	0.816415662	Ensembl	ENSG00000178149
chr22	39081548	39097561	JOSD1	0.816003732	Ensembl	ENSG00000100221
chr4	155702365	155749965	RBM46	0.815702872	Ensembl	ENSG00000151962
chr1	51426417	51440305	CDKN2C	0.815159099	Ensembl	ENSG00000123080
chr3	158288952	158325041	MLF1	0.814662412	Ensembl	ENSG00000178053
chr12	6937572	6949018	P3H3	0.814308935	synonym found: LEPREL2	ENSG00000110811
chr1	42929001	43120335	CCDC30	0.81413435	Ensembl	ENSG00000186409
chr4	26578059	26756973	TBC1D19	0.81382917	Ensembl	ENSG00000109680
chr3	9404526	9428475	THUMPD3	0.812123366	Ensembl	ENSG00000134077
chr9	125606835	125667620	RC3H2	0.811282591	Ensembl	ENSG00000056586
chr2	43449541	43453748	ZFP36L2	0.808317728	Ensembl	ENSG00000152518
chr16	24549014	24584184	RBBP6	0.80826134	Ensembl	ENSG00000122257
chr8	6264113	6501144	MCPH1	0.806325314	Ensembl	ENSG00000147316
chr3	35680437	35835988	ARPP21	0.805494531	Ensembl	ENSG00000172995
chr15	72406599	72433311	SENP8	0.804369034	Ensembl	ENSG00000166192
chr19	33790840	33793470	CEBPA	0.803650795	Ensembl	ENSG00000245848
chr1	69681665	69835105	HERC4	0.802979921	Ensembl	ENSG00000148634
chr12	98909290	98944157	TMPO	0.802836473	Ensembl	ENSG00000120802
chr4	20730239	21950422	KCNIP4	0.801865048	Ensembl	ENSG00000185774
chr11	57520715	57587018	CTNND1	0.801251487	Ensembl	ENSG00000198561
chr9	36036430	36124448	RECK	0.800176718	Ensembl	ENSG00000122707
chr17	70117161	70122561	SOX9	0.798961186	Ensembl	ENSG00000125398
chr17	28575218	28619074	BLMH	0.798850962	Ensembl	ENSG00000108578
chr4	121606074	121844025	PRDM5	0.796725395	Ensembl	ENSG00000138738
chr15	59157374	59389618	RNF111	0.796062755	Ensembl	ENSG00000157450
chr19	44529494	44537265	ZNF222	0.794719812	Ensembl	ENSG00000159885
chr3	52009066	52023213	ACY1	0.794055297	Ensembl	ENSG00000243989
chr1	109417972	109477167	GPSM2	0.793554369	Ensembl	ENSG00000121957
chr6	137518621	137540586	IFNGR1	0.792759301	Ensembl	ENSG00000027697
chr12	49950327	49961936	MCRS1	0.792178331	Ensembl	ENSG00000187778
chr14	51098776	51135049	SAV1	0.791942884	Ensembl	ENSG00000151748
chr19	48111453	48206533	BICRA	0.791088698	synonym found: GLTSCR1	ENSG00000063169
chr17	41196312	41277500	BRCA1	0.790358464	Ensembl	ENSG00000012048
chr2	230222345	230579274	DNER	0.790306239	Ensembl	ENSG00000187957
chr18	13726659	13764557	RNMT	0.788327262	Ensembl	ENSG00000101654
chr13	41303432	41345309	MRPS31	0.788281228	Ensembl	ENSG00000102738
chr12	12628829	12715317	DUSP16	0.786831261	Ensembl	ENSG00000111266
chr19	36208921	36229779	KMT2B	0.786798143	Ensembl	ENSG00000105663
chr11	46417964	46615675	AMBRA1	0.786739291	Ensembl	ENSG00000110497
chr4	141309609	141349122	CLGN	0.78607378	Ensembl	ENSG00000153132
chr13	31506840	31549639	TEX26	0.785660021	Ensembl	ENSG00000175664
chr4	83955600	83996971	COPS4	0.78546364	Ensembl	ENSG00000138663
chr6	168227602	168372703	AFDN	0.784668377	synonym found: MLLT4	ENSG00000130396
chrX	41192651	41223725	DDX3X	0.784335969	Ensembl	ENSG00000215301
chr16	30006615	30017114	INO80E	0.783782121	Ensembl	ENSG00000169592
chr1	24069645	24088549	ELOA	0.783070165	synonym found: TCEB3	ENSG00000011007
chr3	49209044	49213917	KLHDC8B	0.781723902	Ensembl	ENSG00000185909
chr15	41271078	41408552	INO80	0.780260251	Ensembl	ENSG00000128908
chr4	79808281	79860592	PAQR3	0.780155175	Ensembl	ENSG00000163291
chr2	192109911	192290115	MYO1B	0.780064556	Ensembl	ENSG00000128641
chr1	36185819	36235568	CLSPN	0.779934699	Ensembl	ENSG00000092853
chr3	33537737	33759848	CLASP2	0.779613801	Ensembl	ENSG00000163539
chr1	120433679	120514761	CACUL1	0.779537379	Ensembl	ENSG00000151893
chr15	75661720	75748183	SIN3A	0.778596911	Ensembl	ENSG00000169375
chr9	12685439	12710290	TYRP1	0.77681471	Ensembl	ENSG00000107165
chr2	25956622	26101385	ASXL2	0.776761806	Ensembl	ENSG00000143970
chr2	197831741	198175897	ANKRD44	0.776474708	Ensembl	ENSG00000065413
chr17	34136459	34191619	TAF15	0.775244618	Ensembl	ENSG00000172660
chrX	20024831	20135035	MAP7D2	0.775137846	Ensembl	ENSG00000184368
chr6	107349407	107372546	MTRES1	0.774612073	synonym found: C6orf203	ENSG00000130349
chr12	14518610	14651697	ATF7IP	0.774457967	Ensembl	ENSG00000171681
chr1	45950035	46090354	MARCHF8	0.774375322	synonym found: MARCH8	ENSG00000165406
chr17	30264037	30328064	SUZ12	0.774350593	Ensembl	ENSG00000178691
chr13	32889611	32973805	BRCA2	0.774253001	Ensembl	ENSG00000139618
chr7	140152840	140179369	MKRN1	0.774105125	Ensembl	ENSG00000133606
chr2	459116	524465	CSNK2A1	0.772698924	Ensembl	ENSG00000101266
chr6	106632351	106773666	ATG5	0.771711269	Ensembl	ENSG00000057663
chr2	242641450	242668893	ING5	0.77147705	Ensembl	ENSG00000168395
chr2	203241659	203432474	BMPR2	0.77119654	Ensembl	ENSG00000204217
chr6	87862551	87973914	ZNF292	0.77067536	Ensembl	ENSG00000188994
chrX	63404997	63425624	AMER1	0.77024094	Ensembl	ENSG00000184675
chr12	11418857	11422739	PRB3	0.770072254	Ensembl	ENSG00000197870
chr2	233562009	233725285	GIGYF2	0.769878957	Ensembl	ENSG00000204120
chr9	15464064	15511017	PSIP1	0.769570785	Ensembl	ENSG00000164985
chr1	40974413	40982228	EXO5	0.769158352	Ensembl	ENSG00000164002
chr11	71934745	71950149	INPPL1	0.769100459	Ensembl	ENSG00000165458
chr9	128024073	128129486	GAPVD1	0.76864401	Ensembl	ENSG00000165219
chr19	46386866	46389376	IRF2BP1	0.768146348	Ensembl	ENSG00000170604
chr1	8064464	8086368	ERRFI1	0.767555488	Ensembl	ENSG00000116285
chr4	48887036	48908954	OCIAD2	0.766883493	Ensembl	ENSG00000145247
chr1	63661059	63856703	ARID5B	0.765199578	Ensembl	ENSG00000150347
chr16	72816784	73093597	ZFHX3	0.764432223	Ensembl	ENSG00000140836
chr19	22817126	22850472	ZNF492	0.76385316	Ensembl	ENSG00000229676
chr14	71047974	71067384	MED6	0.762054447	Ensembl	ENSG00000133997
chr4	40425272	40632892	RBM47	0.76169648	Ensembl	ENSG00000163694
chr2	75273590	75426826	TACR1	0.760881219	Ensembl	ENSG00000115353
chr7	99746530	99753567	LAMTOR4	0.760247525	Ensembl	ENSG00000188186
chr16	66754796	66785701	DYNC1LI2	0.760110892	Ensembl	ENSG00000135720
chr4	142944313	143768585	INPP4B	0.759469843	Ensembl	ENSG00000109452
chr11	117014983	117047610	PAFAH1B2	0.759416756	Ensembl	ENSG00000168092
chr14	50885219	51027844	MAP4K5	0.758884037	Ensembl	ENSG00000012983
chr12	100422233	100536626	UHRF1BP1L	0.758700811	Ensembl	ENSG00000111647
chr13	110958159	111165374	COL4A2	0.758245256	Ensembl	ENSG00000134871
chr11	45928085	45928833	C11orf94	0.756299631	Ensembl	ENSG00000234776
chr1	36690017	36770958	THRAP3	0.756096785	Ensembl	ENSG00000054118
chr12	79968759	80084877	PAWR	0.753674277	Ensembl	ENSG00000177425
chr16	72088522	72111145	HPR	0.753585167	Ensembl	ENSG00000261701
chr14	103058998	103196913	RCOR1	0.752219648	Ensembl	ENSG00000089902
chr4	153690506	153700916	TIGD4	0.750324319	Ensembl	ENSG00000169989
chr4	15004298	15071777	CPEB2	0.74947791	Ensembl	ENSG00000137449
chr1	103867317	103880210	LDB1	0.748378566	Ensembl	ENSG00000198728
chr9	104182860	104198105	ALDOB	0.745905783	Ensembl	ENSG00000136872
chr2	47630108	47789450	MSH2	0.744426627	Ensembl	ENSG00000095002
chr2	36778570	36873230	FEZ2	0.744385215	Ensembl	ENSG00000171055
chr13	28712643	28869475	PAN3	0.742086519	Ensembl	ENSG00000152520
chrX	44382885	44402247	FUNDC1	0.741693588	Ensembl	ENSG00000069509
chr6	111408781	111552397	SLC16A10	0.741348179	Ensembl	ENSG00000112394
chr11	560404	564021	RASSF7	0.739491033	Ensembl	ENSG00000099849
chr3	141663277	141868386	TFDP2	0.735209209	Ensembl	ENSG00000114126
chr2	108863651	108881807	SULT1C3	0.735166151	Ensembl	ENSG00000196228
chr1	116853124	117708503	ATRNL1	0.733216622	Ensembl	ENSG00000107518
chr1	93683526	93790082	BTAF1	0.732650007	Ensembl	ENSG00000095564
chr22	21213271	21245506	SNAP29	0.73258348	Ensembl	ENSG00000099940
chr5	57749809	57756087	PLK2	0.731821051	Ensembl	ENSG00000145632
chr4	15937192	15940363	FGFBP1	0.730149945	Ensembl	ENSG00000137440
chr1	48761044	48937845	SPATA6	0.730135989	Ensembl	ENSG00000132122
chr4	25378835	25420120	ANAPC4	0.729912595	Ensembl	ENSG00000053900
chrX	138808505	139027435	ATP11C	0.729719845	Ensembl	ENSG00000101974
chr1	124690419	124713919	C10orf88	0.729320053	Ensembl	ENSG00000119965
chr16	29817427	29823649	MAZ	0.728517838	Ensembl	ENSG00000103495
chr1	115259534	115301297	CSDE1	0.728473948	Ensembl	ENSG00000009307
chr14	75230069	75322244	YLPM1	0.728449555	Ensembl	ENSG00000119596
chr12	124808961	125052135	NCOR2	0.728257853	Ensembl	ENSG00000196498
chr17	27717482	27878922	TAOK1	0.726652759	Ensembl	ENSG00000160551
chr12	57125380	57146157	PRIM1	0.726303901	Ensembl	ENSG00000198056
chr5	148724993	148734146	GRPEL2	0.725484423	Ensembl	ENSG00000164284
chr14	75548822	75594047	NEK9	0.724323484	Ensembl	ENSG00000119638
chr6	123537483	123958238	TRDN	0.724234719	Ensembl	ENSG00000186439
chr14	81937893	82000205	SEL1L	0.724209586	Ensembl	ENSG00000071537
chr17	38785049	38821393	KRT222	0.723525016	Ensembl	ENSG00000264058
chr2	210886147	211036107	KANSL1L	0.723493246	Ensembl	ENSG00000144445
chr21	33043346	33104388	SCAF4	0.722687166	Ensembl	ENSG00000156304
chr11	47593749	47600567	KBTBD4	0.721863749	Ensembl	ENSG00000123444
chr16	67927175	67963581	PSKH1	0.721407136	Ensembl	ENSG00000159792
chr1	104159999	104168402	AMY2A	0.720702284	Ensembl	ENSG00000243480
chr1	244214585	244220778	ZBTB18	0.720160263	Ensembl	ENSG00000179456
chr6	118228689	118638839	SLC35F1	0.719076087	Ensembl	ENSG00000196376
chr18	9546789	9615238	PPP4R1	0.718711722	Ensembl	ENSG00000154845
chr12	96260826	96336752	CCDC38	0.71846726	Ensembl	ENSG00000165972
chr6	56322785	56819426	DST	0.717543426	Ensembl	ENSG00000151914
chr6	105404923	105531207	LIN28B	0.715632908	Ensembl	ENSG00000187772
chr1	155178490	155183615	MTX1	0.71449368	Ensembl	ENSG00000173171
chr7	1036622	1177896	C7orf50	0.714320312	Ensembl	ENSG00000146540
chrX	41374187	41782716	CASK	0.714256099	Ensembl	ENSG00000147044
chrX	152756399	152767649	CCNQ	0.713011314	synonym found: FAM58A	ENSG00000262919
chr3	122920774	122992977	SEC22A	0.712667451	Ensembl	ENSG00000121542
chr1	27425306	27493472	SLC9A1	0.712607946	Ensembl	ENSG00000090020
chr7	31377075	31380508	NEUROD6	0.712097934	Ensembl	ENSG00000164600
chr1	109512836	109584850	WDR47	0.711733736	Ensembl	ENSG00000085433
chr12	53835525	53874946	PCBP2	0.711371857	Ensembl	ENSG00000197111
chrX	101137262	101187004	ZMAT1	0.710371088	Ensembl	ENSG00000166432
chr11	119209652	119217383	MFRP	0.709475744	Ensembl	ENSG00000235718
chr13	79885962	79980612	RBM26	0.709248726	Ensembl	ENSG00000139746
chr15	41028082	41048049	RMDN3	0.706801785	Ensembl	ENSG00000137824
chr4	54243810	55161439	FIP1L1	0.702339406	Ensembl	ENSG00000145216
chr1	17393256	17445948	PADI2	0.701806212	Ensembl	ENSG00000117115
chr12	58003963	58013162	ARHGEF25	0.701492191	Ensembl	ENSG00000240771
chr19	54926393	54948080	TTYH1	0.700549291	Ensembl	ENSG00000167614
chr13	20532810	20665968	ZMYM2	0.700406489	Ensembl	ENSG00000121741
chr15	55632230	55700708	CCPG1	0.699116808	Ensembl	ENSG00000260916
chr5	137450866	137475132	NME5	0.699038212	Ensembl	ENSG00000112981
chr14	32545320	32628934	ARHGAP5	0.697538319	Ensembl	ENSG00000100852
chr11	102641234	102651359	MMP10	0.697380066	Ensembl	ENSG00000166670
chr7	26191860	26226745	NFE2L3	0.6972067	Ensembl	ENSG00000050344
chr13	41506056	41635576	ELF1	0.697183518	Ensembl	ENSG00000120690
chr19	1407568	1435719	DAZAP1	0.695715815	Ensembl	ENSG00000071626
chr15	56379478	56535483	RFX7	0.695285401	Ensembl	ENSG00000181827
chr2	86830516	86850989	RNF103	0.694256107	Ensembl	ENSG00000239305
chr1	196819371	196888102	CFHR4	0.691817559	Ensembl	ENSG00000134365
chr1	129894923	129924649	MKI67	0.691736313	Ensembl	ENSG00000148773
chr18	52889562	53332018	TCF4	0.691459365	Ensembl	ENSG00000196628
chr15	63900817	64126141	HERC1	0.690826838	Ensembl	ENSG00000103657
chr3	27757440	27764206	EOMES	0.690786084	Ensembl	ENSG00000163508
chr9	37879400	37904350	SLC25A51	0.689777764	Ensembl	ENSG00000122696
chr3	128846258	128880136	ISY1	0.689604414	Ensembl	ENSG00000240682
chr1	102495360	102589698	PAX2	0.687293359	Ensembl	ENSG00000075891
chrX	133507283	133562820	PHF6	0.687107478	Ensembl	ENSG00000156531
chr4	84382092	84444501	ABRAXAS1	0.686479656	synonym found: FAM175A	ENSG00000163322
chr1	16174359	16266955	SPEN	0.686299258	Ensembl	ENSG00000065526
chr6	55618443	55740362	BMP5	0.68627178	Ensembl	ENSG00000112175
chr2	134877554	135212192	MGAT5	0.68499776	Ensembl	ENSG00000152127
chr5	36248536	36302216	RANBP3L	0.683753374	Ensembl	ENSG00000164188
chr22	38864067	38879452	KDELR3	0.683745394	Ensembl	ENSG00000100196
chr11	64373646	64490660	NRXN2	0.683190131	Ensembl	ENSG00000110076
chr4	24519064	24586173	DHX15	0.68314066	Ensembl	ENSG00000109606
chr7	105080108	105162714	PUS7	0.683124735	Ensembl	ENSG00000091127
chr19	10596796	10614417	KEAP1	0.682518473	Ensembl	ENSG00000079999
chr12	9102640	9163356	KLRG1	0.682176844	Ensembl	ENSG00000139187
chr9	127279554	127533589	NR6A1	0.680749694	Ensembl	ENSG00000148200
chr15	25068794	25223870	SNRPN	0.680100468	Ensembl	ENSG00000128739
chr22	32149944	32303012	DEPDC5	0.679129882	Ensembl	ENSG00000100150
chr15	48431625	48470714	MYEF2	0.678828095	Ensembl	ENSG00000104177
chr15	59171244	59225852	SLTM	0.678756293	Ensembl	ENSG00000137776
chr2	3648612	3662893	ADAM33	0.678605216	Ensembl	ENSG00000149451
chr15	54305101	54920806	UNC13C	0.678504182	Ensembl	ENSG00000137766
chr12	46312914	46385903	SCAF11	0.677738216	Ensembl	ENSG00000139218
chr3	119187785	119213555	POGLUT1	0.67730471	Ensembl	ENSG00000163389
chr3	176737143	176915261	TBL1XR1	0.677113515	Ensembl	ENSG00000177565
chr11	67171386	67177560	TBC1D10C	0.676323363	Ensembl	ENSG00000175463
chr6	110712974	110736765	DDO	0.674581223	Ensembl	ENSG00000203797
chr2	74685456	74688018	WBP1	0.674314889	Ensembl	ENSG00000239779
chr1	1138888	1142071	TNFRSF18	0.673680978	Ensembl	ENSG00000186891
chr8	74332604	74659943	STAU2	0.673144008	Ensembl	ENSG00000040341
chr4	69176105	69215807	YTHDC1	0.67243743	Ensembl	ENSG00000083896
chr2	43595115	43708600	STK4	0.671763634	Ensembl	ENSG00000101109
chr12	6571403	6580153	VAMP1	0.670827669	Ensembl	ENSG00000139190
chr11	118528026	118550399	TREH	0.670515403	Ensembl	ENSG00000118094
chrX	109917084	110039286	CHRDL1	0.668143459	Ensembl	ENSG00000101938
chr17	61909444	61920425	SMARCD2	0.668079838	Ensembl	ENSG00000108604
chr14	93648541	93651273	MOAP1	0.667784274	Ensembl	ENSG00000165943
chr5	145826874	145891524	TCERG1	0.666733237	Ensembl	ENSG00000113649
chr4	155484108	155492238	FGB	0.666727108	Ensembl	ENSG00000171564
chr17	62538413	62658186	SMURF2	0.666644947	Ensembl	ENSG00000108854
chr17	41132582	41145707	RUNDC1	0.666274623	Ensembl	ENSG00000198863
chr12	62654119	62811211	USP15	0.665786093	Ensembl	ENSG00000135655
chrX	53111549	53117722	TSPYL2	0.66577688	Ensembl	ENSG00000184205
chr12	69753483	69784576	YEATS4	0.665434708	Ensembl	ENSG00000127337
chr1	99894387	100004654	R3HCC1L	0.665047206	Ensembl	ENSG00000166024
chr19	44616334	44637027	ZNF225	0.665012582	Ensembl	ENSG00000256294
chr13	72012098	72441330	DACH1	0.664909946	Ensembl	ENSG00000165659
chr6	33161365	33168630	RXRB	0.663707957	Ensembl	ENSG00000204231
chr17	80787311	80798454	ZNF750	0.663548641	Ensembl	ENSG00000141579
chr8	86089460	86129387	E2F5	0.663278092	Ensembl	ENSG00000133740
chr5	154092462	154197167	LARP1	0.663199924	Ensembl	ENSG00000155506
chrX	35937851	36008269	CFAP47	0.662389804	synonym found: CXorf22	ENSG00000165164
chr14	74058410	74063200	ACOT4	0.66209147	Ensembl	ENSG00000177465
chr11	66330934	66336312	CTSF	0.661219227	Ensembl	ENSG00000174080
chr2	44113647	44223144	LRPPRC	0.659072606	Ensembl	ENSG00000138095
chr9	124894745	124922098	NDUFA8	0.657847452	Ensembl	ENSG00000119421
chr3	27414214	27525911	SLC4A7	0.657584147	Ensembl	ENSG00000033867
chr6	56951642	57035105	ZNF451	0.65715833	Ensembl	ENSG00000112200
chr2	39476407	39664453	MAP4K3	0.657067757	Ensembl	ENSG00000011566
chr2	65537985	65659771	SPRED2	0.657058615	Ensembl	ENSG00000198369
chr13	33160564	33352157	PDS5B	0.656887429	Ensembl	ENSG00000083642
chr2	109065017	109125871	GCC2	0.656419449	Ensembl	ENSG00000135968
chr5	107194736	107717799	FBXL17	0.655432899	Ensembl	ENSG00000145743
chr2	179966419	180129517	SESTD1	0.655179811	Ensembl	ENSG00000187231
chr12	49372398	49375459	WNT1	0.65251179	Ensembl	ENSG00000125084
chr3	51428731	51435330	RBM15B	0.652139464	Ensembl	ENSG00000179837
chr7	99690351	99699563	MCM7	0.651405722	Ensembl	ENSG00000166508
chr18	21718942	21741567	CABYR	0.651317964	Ensembl	ENSG00000154040
chr2	28615315	28640179	FOSL2	0.649358112	Ensembl	ENSG00000075426
chrY	2803112	2850547	ZFY	0.64893762	Ensembl	ENSG00000067646
chr1	32094365	32217742	ARHGAP12	0.647621592	Ensembl	ENSG00000165322
chr1	248801588	248802559	OR2T35	0.647314833	Ensembl	ENSG00000177151
chr5	130759614	130970929	RAPGEF6	0.646782716	Ensembl	ENSG00000158987
chr11	64002010	64006259	VEGFB	0.646344185	Ensembl	ENSG00000173511
chr8	101521980	101572012	ANKRD46	0.646185816	Ensembl	ENSG00000186106
chr17	56080721	56084707	SRSF1	0.645014531	Ensembl	ENSG00000136450
chr5	72112139	72212560	TNPO1	0.643903706	Ensembl	ENSG00000083312
chr13	50018429	50069138	SETDB2	0.643710224	Ensembl	ENSG00000136169
chr2	25455845	25565459	DNMT3A	0.643231195	Ensembl	ENSG00000119772
chr22	50946645	50961901	NCAPH2	0.643100853	Ensembl	ENSG00000025770
chr4	4861393	4865663	MSX1	0.642717945	Ensembl	ENSG00000163132
chr3	25639475	25706398	TOP2B	0.642042112	Ensembl	ENSG00000077097
chr17	45771447	45789416	TBKBP1	0.641854469	Ensembl	ENSG00000198933
chr1	21835858	21904905	ALPL	0.641787797	Ensembl	ENSG00000162551
chr5	36876861	37066515	NIPBL	0.641306751	Ensembl	ENSG00000164190
chr19	12035890	12091196	ZNF763	0.639493552	Ensembl	ENSG00000197054
chr11	118307205	118397539	KMT2A	0.638710005	Ensembl	ENSG00000118058
chr14	80943330	81425861	CEP128	0.638324744	Ensembl	ENSG00000100629
chr4	70454135	70505360	UGT2A2	0.637446857	Ensembl	ENSG00000271271
chr6	129204342	129837714	LAMA2	0.637007514	Ensembl	ENSG00000196569
chr1	196194909	196578355	KCNT2	0.636900817	Ensembl	ENSG00000162687
chr9	17134980	17503921	CNTLN	0.636561929	Ensembl	ENSG00000044459
chrX	51546103	51645453	MAGED1	0.636080738	Ensembl	ENSG00000179222
chr6	33738979	33756913	LEMD2	0.635816984	Ensembl	ENSG00000161904
chr16	68279207	68294961	PLA2G15	0.635466067	Ensembl	ENSG00000103066
chr7	6728064	6746554	ZNF12	0.635404425	Ensembl	ENSG00000164631
chr17	34900737	34946278	GGNBP2	0.634121935	Ensembl	ENSG00000005955
chr18	46446223	46477081	SMAD7	0.633756699	Ensembl	ENSG00000101665
chr17	67143355	67240987	ABCA10	0.633285373	Ensembl	ENSG00000154263
chr7	81328322	81399754	HGF	0.633204087	Ensembl	ENSG00000019991
chr12	88536073	88593664	TMTC3	0.63281957	Ensembl	ENSG00000139324
chrY	15360259	15592553	UTY	0.631912877	Ensembl	ENSG00000183878
chr6	111279763	111289093	GTF3C6	0.631849173	Ensembl	ENSG00000155115
chrX	129115083	129192058	BCORL1	0.631329288	Ensembl	ENSG00000085185
chr9	87283466	87638505	NTRK2	0.630843699	Ensembl	ENSG00000148053
chr9	79792269	80036457	VPS13A	0.630483136	Ensembl	ENSG00000197969
chr1	35641979	35658749	SFPQ	0.630463843	Ensembl	ENSG00000116560
chr6	36644305	36655116	CDKN1A	0.62948613	Ensembl	ENSG00000124762
chr17	43471275	43511787	ARHGAP27	0.628675718	Ensembl	ENSG00000159314
chr17	37617764	37721160	CDK12	0.626764919	Ensembl	ENSG00000167258
chr4	30722037	31148422	PCDH7	0.626465837	Ensembl	ENSG00000169851
chr1	104153867	104162281	NFKB2	0.626016725	Ensembl	ENSG00000077150
chr8	69242957	69731257	C8orf34	0.62579854	Ensembl	ENSG00000165084
chr14	38059189	38069245	FOXA1	0.625659083	Ensembl	ENSG00000129514
chrX	99899215	99926296	SRPX2	0.625508315	Ensembl	ENSG00000102359
chr4	83343717	83351294	HNRNPDL	0.624083089	Ensembl	ENSG00000152795
chr2	9613787	9636672	IAH1	0.624038643	Ensembl	ENSG00000134330
chr22	42979727	43010968	POLDIP3	0.623145283	Ensembl	ENSG00000100227
chr16	337440	402673	AXIN1	0.620988622	Ensembl	ENSG00000103126
chr11	64018995	64036622	PLCB3	0.619916587	Ensembl	ENSG00000149782
chr12	10579453	10594899	KLRC2	0.618715415	Ensembl	ENSG00000205809
chr8	7705398	7726389	SPAG11A	0.617152919	Ensembl	ENSG00000178287
chr7	92116334	92157845	PEX1	0.617130825	Ensembl	ENSG00000127980
chr2	45878484	46415129	PRKCE	0.616673038	Ensembl	ENSG00000171132
chr6	31938868	31950598	STK19	0.616585512	Ensembl	ENSG00000204344
chrX	13587724	13651694	EGFL6	0.615562407	Ensembl	ENSG00000198759
chrX	49687225	49863892	CLCN5	0.614974543	Ensembl	ENSG00000171365
chr7	22459063	22672544	STEAP1B	0.61431107	Ensembl	ENSG00000105889
chr12	88442793	88535993	CEP290	0.612188431	Ensembl	ENSG00000198707
chr14	24895738	24900160	CBLN3	0.610342635	Ensembl	ENSG00000139899
chrX	47420516	47431307	ARAF	0.608844313	Ensembl	ENSG00000078061
chr2	49505585	49547958	ADNP	0.607533526	Ensembl	ENSG00000101126
chr6	72596406	73112845	RIMS1	0.606956281	Ensembl	ENSG00000079841
chr2	98372799	98612388	TMEM131	0.606315996	Ensembl	ENSG00000075568
chr19	54641444	54659419	CNOT3	0.606182886	Ensembl	ENSG00000088038
chrX	132158659	132231137	USP26	0.606036651	Ensembl	ENSG00000134588
chr2	220074490	220083712	ABCB6	0.605200507	Ensembl	ENSG00000115657
chr19	11309971	11373157	DOCK6	0.605093122	Ensembl	ENSG00000130158
chr11	32409321	32457176	WT1	0.60435675	Ensembl	ENSG00000184937
chr5	128795958	129074376	ADAMTS19	0.603680835	Ensembl	ENSG00000145808
chr3	167726465	167813763	GOLIM4	0.602847655	Ensembl	ENSG00000173905
chr6	84833960	84937353	CEP162	0.601968982	synonym found: KIAA1009	ENSG00000135315
chr3	52728505	52740048	GLT8D1	0.601293902	Ensembl	ENSG00000016864
chr1	105726959	105788991	SLK	0.599989009	Ensembl	ENSG00000065613
chr17	62495734	62504317	DDX5	0.599778523	Ensembl	ENSG00000108654
chr5	149237519	149324356	PDE6A	0.599362252	Ensembl	ENSG00000132915
chr1	110881128	110889299	RBM15	0.598124822	Ensembl	ENSG00000162775
chr1	154929502	154936329	PYGO2	0.598053308	Ensembl	ENSG00000163348
chr17	5019733	5078329	USP6	0.597500594	Ensembl	ENSG00000129204
chr1	7860467	8058590	TAF3	0.596620107	Ensembl	ENSG00000165632
chr1	70876901	70905534	CTH	0.596549839	Ensembl	ENSG00000116761
chr5	137946656	138270723	CTNNA1	0.595802242	Ensembl	ENSG00000044115
chr1	103342023	103574052	COL11A1	0.595779045	Ensembl	ENSG00000060718
chr8	77892494	77913280	PEX2	0.595289636	Ensembl	ENSG00000164751
chr4	176554085	176923815	GPM6A	0.592834682	Ensembl	ENSG00000150625
chr9	15552895	16061661	CCDC171	0.591984255	Ensembl	ENSG00000164989
chr11	8932686	8941631	AKIP1	0.591868615	Ensembl	ENSG00000166452
chr17	45195069	45266788	CDC27	0.591675203	Ensembl	ENSG00000004897
chr1	52608046	52812358	ZFYVE9	0.590713148	Ensembl	ENSG00000157077
chr11	26210829	26684835	ANO3	0.590612634	Ensembl	ENSG00000134343
chr3	180585929	180700541	FXR1	0.590096178	Ensembl	ENSG00000114416
chr5	123972608	124084500	ZNF608	0.589970298	Ensembl	ENSG00000168916
chr6	74171301	74218959	MTO1	0.589006478	Ensembl	ENSG00000135297
chr15	73043710	73078187	ADPGK	0.588682683	Ensembl	ENSG00000159322
chr14	45605143	45670093	FANCM	0.588625802	Ensembl	ENSG00000187790
chr16	15688243	15737023	MARF1	0.588523447	synonym found: KIAA0430	ENSG00000166783
chr1	320130	735683	DIP2C	0.588474235	Ensembl	ENSG00000151240
chr3	48198636	48229892	CDC25A	0.586426736	Ensembl	ENSG00000164045
chr5	173315283	173388979	CPEB4	0.586367098	Ensembl	ENSG00000113742
chr4	35949843	36246131	ARAP2	0.586168704	Ensembl	ENSG00000047365
chr14	20811741	20826064	PARP2	0.58610268	Ensembl	ENSG00000129484
chr19	51165084	51222707	SHANK1	0.585912606	Ensembl	ENSG00000161681
chr6	83777385	83881069	DOP1A	0.58523058	synonym found: DOPEY1	ENSG00000083097
chr12	86372516	87232681	MGAT4C	0.584927695	Ensembl	ENSG00000182050
chr16	67700719	67702661	C16orf86	0.584494979	Ensembl	ENSG00000159761
chr6	54172657	54254950	TINAG	0.583575843	Ensembl	ENSG00000137251
chr22	43192508	43254112	ARFGAP3	0.582777334	Ensembl	ENSG00000242247
chr14	24834879	24848810	NFATC4	0.582245289	Ensembl	ENSG00000100968
chr14	71374122	71582099	PCNX1	0.581549843	synonym found: PCNX	ENSG00000100731
chr1	32799433	32801980	MARCKSL1	0.581535097	Ensembl	ENSG00000175130
chr14	68048672	68067004	PIGH	0.58112081	Ensembl	ENSG00000100564
chr12	133264192	133297276	PXMP2	0.580591051	Ensembl	ENSG00000176894
chr2	102313312	102511149	MAP4K4	0.580529957	Ensembl	ENSG00000071054
chr12	54685895	54694905	NFE2	0.580173792	Ensembl	ENSG00000123405
chr17	30593195	30651680	RHBDL3	0.580011586	Ensembl	ENSG00000141314
chr1	36560837	36590821	COL8A2	0.57937818	Ensembl	ENSG00000171812
chr1	171454651	171562650	PRRC2C	0.57925873	Ensembl	ENSG00000117523
chr18	43427574	43547240	EPG5	0.579181643	Ensembl	ENSG00000152223
chr11	116714118	116969153	SIK3	0.578750917	Ensembl	ENSG00000160584
chr1	150768684	150780799	CTSK	0.578555075	Ensembl	ENSG00000143387
chr21	31859362	31859755	KRTAP19-2	0.578037218	Ensembl	ENSG00000186965
chrX	78426469	78427726	GPR174	0.577911469	Ensembl	ENSG00000147138
chr12	59265931	59314303	LRIG3	0.575494672	Ensembl	ENSG00000139263
chr21	38738092	38889753	DYRK1A	0.573445652	Ensembl	ENSG00000157540
chrX	23925918	23957624	CXorf58	0.57266397	Ensembl	ENSG00000165182
chr18	29409136	29533099	TRAPPC8	0.570578788	Ensembl	ENSG00000153339
chr16	67678822	67691472	CARMIL2	0.569165531	synonym found: RLTPR	ENSG00000159753
chr1	45493146	45496336	ZNF22-AS1	0.568671874	synonym found: C10orf25	ENSG00000165511
chr3	157823644	158263519	RSRC1	0.56854823	Ensembl	ENSG00000174891
chr2	42396490	42559688	EML4	0.566272237	Ensembl	ENSG00000143924
chr1	46505812	46642160	PIK3R3	0.565810751	Ensembl	ENSG00000117461
chr11	12695969	12966298	TEAD1	0.565131582	Ensembl	ENSG00000187079
chr6	139456249	139501939	HECA	0.56472146	Ensembl	ENSG00000112406
chr1	35297479	35379570	CUL2	0.564615126	Ensembl	ENSG00000108094
chr13	95361886	95364389	SOX21	0.562882916	Ensembl	ENSG00000125285
chr1	105348285	105615301	SH3PXD2A	0.562431531	Ensembl	ENSG00000107957
chr13	79188426	79233314	OBI1	0.561885136	synonym found: RNF219	ENSG00000152193
chr11	74204896	74380162	POLD3	0.559533008	Ensembl	ENSG00000077514
chr14	23527773	23564823	ACIN1	0.559089065	Ensembl	ENSG00000100813
chr15	40623653	40633168	CCDC9B	0.558590551	synonym found: C15orf52	ENSG00000188549
chr1	209959036	209979465	IRF6	0.55794613	Ensembl	ENSG00000117595
chr15	55611158	55647846	PIGB	0.557880723	Ensembl	ENSG00000069943
chr2	159313476	159539391	PKP4	0.553750571	Ensembl	ENSG00000144283
chr12	51674822	51718452	BIN2	0.55353841	Ensembl	ENSG00000110934
chr1	103585731	103603677	KCNIP2	0.55224973	Ensembl	ENSG00000120049
chr7	65425671	65447301	GUSB	0.551819148	Ensembl	ENSG00000169919
chr6	107018903	107077373	RTN4IP1	0.551602515	Ensembl	ENSG00000130347
chr17	32646055	32648421	CCL8	0.55097706	Ensembl	ENSG00000108700
chr16	67143861	67182442	PHAF1	0.550839941	synonym found: C16orf70	ENSG00000125149
chr1	152126071	152131704	RPTN	0.550713902	Ensembl	ENSG00000215853
chr13	51483814	51544592	RNASEH2B	0.550185294	Ensembl	ENSG00000136104
chr19	55741148	55770363	PPP6R1	0.549216236	Ensembl	ENSG00000105063
chr6	125283691	125413779	RNF217	0.548419232	Ensembl	ENSG00000146373
chr2	205410516	206484886	PARD3B	0.548163727	Ensembl	ENSG00000116117
chr17	27082996	27182250	FAM222B	0.547758324	Ensembl	ENSG00000173065
chr17	7788124	7816078	CHD3	0.546993329	Ensembl	ENSG00000170004
chr2	99613724	99771427	TSGA10	0.545684193	Ensembl	ENSG00000135951
chr16	3348832	3355729	TIGD7	0.545289199	Ensembl	ENSG00000140993
chr1	47715811	47779819	STIL	0.545085336	Ensembl	ENSG00000123473
chr1	178062864	178448644	RASAL2	0.542679781	Ensembl	ENSG00000075391
chrX	70435044	70445366	GJB1	0.541551408	Ensembl	ENSG00000169562
chrX	135747706	135864247	ARHGEF6	0.53847499	Ensembl	ENSG00000129675
chr2	128994290	129076151	HS6ST1	0.538346677	Ensembl	ENSG00000136720
chr1	207669492	207813992	CR1	0.536539342	Ensembl	ENSG00000203710
chr11	18627948	18656338	SPTY2D1	0.535473086	Ensembl	ENSG00000179119
chr22	44888452	44894178	RTL6	0.535018195	synonym found: LDOC1L	ENSG00000188636
chr21	35014706	35272165	ITSN1	0.534321929	Ensembl	ENSG00000205726
chr6	44221833	44225291	SLC35B2	0.533550793	Ensembl	ENSG00000157593
chr5	78907943	78982471	TENT2	0.533474614	synonym found: PAPD4	ENSG00000164329
chr6	109765265	109787171	MICAL1	0.531874812	Ensembl	ENSG00000135596
chr1	93388199	93392811	PPP1R3C	0.531824567	Ensembl	ENSG00000119938
chr5	179921412	180005405	CNOT6	0.530494129	Ensembl	ENSG00000113300
chr18	19284918	19450918	MIB1	0.529749013	Ensembl	ENSG00000101752
chr1	234740015	234745271	IRF2BP2	0.527464219	Ensembl	ENSG00000168264
chr2	99061317	99210853	INPP4A	0.526742738	Ensembl	ENSG00000040933
chr19	6413359	6424805	KHSRP	0.526676939	Ensembl	ENSG00000088247
chr5	65222303	65378377	ERBIN	0.526596322	synonym found: ERBB2IP	ENSG00000112851
chr1	65298912	65432187	JAK1	0.525340548	Ensembl	ENSG00000162434
chr11	19245610	19263167	E2F8	0.525000289	Ensembl	ENSG00000129173
chrX	117629861	117820126	DOCK11	0.524640747	Ensembl	ENSG00000147251
chr7	105888731	105926772	NAMPT	0.52430559	Ensembl	ENSG00000105835
chr6	41902671	42018095	CCND3	0.524218943	Ensembl	ENSG00000112576
chr18	9136226	9285983	ANKRD12	0.523737309	Ensembl	ENSG00000101745
chr1	217804666	218045038	SPATA17	0.522850487	Ensembl	ENSG00000162814
chr15	44096690	44117000	MFAP1	0.522130439	Ensembl	ENSG00000140259
chr9	112137746	112260590	PTPN3	0.520794908	Ensembl	ENSG00000070159
chr1	98277866	98347209	TM9SF3	0.520634079	Ensembl	ENSG00000077147
chr3	182971032	183016292	B3GNT5	0.520512349	Ensembl	ENSG00000176597
chrX	128580480	128657477	SMARCA1	0.52011947	Ensembl	ENSG00000102038
chr11	18489883	18548779	TSG101	0.519008382	Ensembl	ENSG00000074319
chr16	31212806	31214771	PYCARD	0.51861897	Ensembl	ENSG00000103490
chr21	18965971	18985265	BTG3	0.517980218	Ensembl	ENSG00000154640
chr19	55793440	55823901	BRSK1	0.517917945	Ensembl	ENSG00000160469
chr2	86667770	86719839	KDM3A	0.517787936	Ensembl	ENSG00000115548
chr22	36134783	36424473	RBFOX2	0.515649004	Ensembl	ENSG00000100320
chr2	172378757	172414643	CYBRD1	0.515429145	Ensembl	ENSG00000071967
chr17	48939584	48945339	TOB1	0.515280504	Ensembl	ENSG00000141232
chr2	220415451	220436581	OBSL1	0.51467991	Ensembl	ENSG00000124006
chr6	155054459	155155192	SCAF8	0.513911936	Ensembl	ENSG00000213079
chr2	43953928	43977064	SDC4	0.512662232	Ensembl	ENSG00000124145
chr11	3692313	3819022	NUP98	0.512032879	Ensembl	ENSG00000110713
chr1	35449523	35497569	ZMYM6	0.511861338	Ensembl	ENSG00000163867
chr1	235294949	235491534	ARID4B	0.51020932	Ensembl	ENSG00000054267
chr12	22199108	22218608	CMAS	0.508739258	Ensembl	ENSG00000111726
chr11	19138646	19197969	ZDHHC13	0.507454263	Ensembl	ENSG00000177054
chr1	197871777	197876497	C1orf53	0.507334856	Ensembl	ENSG00000203724
chr1	17360382	17496329	ST8SIA6	0.506572759	Ensembl	ENSG00000148488
chrX	20168029	20285523	RPS6KA3	0.505618203	Ensembl	ENSG00000177189
chr2	108443388	108507297	RGPD4	0.504680465	Ensembl	ENSG00000196862
chr19	7701767	7712759	STXBP2	0.502936143	Ensembl	ENSG00000076944
chr1	120927215	120938345	PRDX3	0.502507185	Ensembl	ENSG00000165672
chr12	96672039	96794338	CDK17	0.501420081	Ensembl	ENSG00000059758
chr11	65651212	65656010	FIBP	0.501359298	Ensembl	ENSG00000172500
chr3	151961617	152183569	MBNL1	0.501256447	Ensembl	ENSG00000152601
chrX	119292467	119297945	RHOXF2	0.500728794	Ensembl	ENSG00000131721
chr14	54893654	54908149	CNIH1	0.499933321	Ensembl	ENSG00000100528
chr12	22601517	22697480	C2CD5	0.499714318	Ensembl	ENSG00000111731
chr4	185308867	185395734	IRF2	0.499096784	Ensembl	ENSG00000168310
chr21	16333556	16437321	NRIP1	0.497764958	Ensembl	ENSG00000180530
chr8	16884747	16980153	MICU3	0.49772257	Ensembl	ENSG00000155970
chrX	153524024	153558700	TKTL1	0.49664014	Ensembl	ENSG00000007350
chr11	130096572	130184581	ZBTB44	0.496118962	Ensembl	ENSG00000196323
chr13	25670300	25673389	PABPC3	0.494981146	Ensembl	ENSG00000151846
chr3	142168077	142297668	ATR	0.494199786	Ensembl	ENSG00000175054
chr12	53693470	53700961	MYG1	0.494006574	synonym found: C12orf10	ENSG00000139637
chr7	92817899	92855837	HEPACAM2	0.493387837	Ensembl	ENSG00000188175
chrX	37430822	37543716	LANCL3	0.492638931	Ensembl	ENSG00000147036
chr2	219502639	219524378	ZNF142	0.492408825	Ensembl	ENSG00000115568
chr4	151185594	151936879	LRBA	0.49220953	Ensembl	ENSG00000198589
chr2	30028322	30038060	DEFB123	0.49188018	Ensembl	ENSG00000180424
chr3	141205889	141334184	RASA2	0.491197412	Ensembl	ENSG00000155903
chr5	167718656	167899308	WWC1	0.49097821	Ensembl	ENSG00000113645
chrX	70459474	70474996	ZMYM3	0.49071102	Ensembl	ENSG00000147130
chr1	204187979	204346793	PLEKHA6	0.490440036	Ensembl	ENSG00000143850
chr13	28120050	28194541	LNX2	0.488552237	Ensembl	ENSG00000139517
chr1	85277285	85358896	LPAR3	0.486200552	Ensembl	ENSG00000171517
chr17	42472652	42580798	GPATCH8	0.486018096	Ensembl	ENSG00000186566
chr3	88188254	88193815	ZNF654	0.485937514	Ensembl	ENSG00000175105
chr18	77866915	77905406	ADNP2	0.484756477	Ensembl	ENSG00000101544
chr1	47799469	47844511	CMPK1	0.482931906	Ensembl	ENSG00000162368
chr21	34775202	34851655	IFNGR2	0.48197153	Ensembl	ENSG00000159128
chr19	37407231	37489602	ZNF568	0.480908365	Ensembl	ENSG00000198453
chr7	101458959	101927249	CUX1	0.47999169	Ensembl	ENSG00000257923
chr8	92006024	92053292	PIP4P2	0.478325531	synonym found: TMEM55A	ENSG00000155099
chr16	30535325	30538142	ZNF768	0.476912385	Ensembl	ENSG00000169957
chr1	21823094	22032559	MLLT10	0.476859856	Ensembl	ENSG00000078403
chr2	160175490	160473203	BAZ2B	0.476813209	Ensembl	ENSG00000123636
chr1	78354198	78409580	NEXN	0.476625933	Ensembl	ENSG00000162614
chr2	176987088	176989853	HOXD9	0.475980682	Ensembl	ENSG00000128709
chr12	110939460	110969891	RAD9B	0.475962573	Ensembl	ENSG00000151164
chr13	41763969	41768702	KBTBD7	0.475473986	Ensembl	ENSG00000120696
chr1	5029967	5060223	AKR1C2	0.475079076	Ensembl	ENSG00000151632
chr1	157090983	157108266	ETV3	0.473902556	Ensembl	ENSG00000117036
chr4	128838960	128887150	MFSD8	0.473340987	Ensembl	ENSG00000164073
chr2	174771187	174830430	SP3	0.473314792	Ensembl	ENSG00000172845
chr12	58162254	58166576	METTL1	0.473287677	Ensembl	ENSG00000037897
chr1	146838681	146915449	NOTCH2NLA	0.472098628	synonym found: NOTCH2NL	ENSG00000264343
chr19	14909958	14911023	OR7C1	0.471923461	Ensembl	ENSG00000127530
chr5	177134982	177210399	FAM153A	0.471442995	Ensembl	ENSG00000170074
chr1	156707095	156711382	MRPL24	0.471381281	Ensembl	ENSG00000143314
chr1	59246465	59249785	JUN	0.471314995	Ensembl	ENSG00000177606
chr5	55033845	55112985	DDX4	0.470648125	Ensembl	ENSG00000152670
chr5	36098514	36152063	LMBRD2	0.468994189	Ensembl	ENSG00000164187
chr7	5346421	5465045	TNRC18	0.468676026	Ensembl	ENSG00000182095
chr12	123773656	123849390	SBNO1	0.466605156	Ensembl	ENSG00000139697
chr1	10696661	10856707	CASZ1	0.465273655	Ensembl	ENSG00000130940
chr16	31225342	31236510	TRIM72	0.46526738	Ensembl	ENSG00000177238
chr11	124824017	124911385	CCDC15	0.462325321	Ensembl	ENSG00000149548
chr14	20923350	20925927	APEX1	0.462250799	Ensembl	ENSG00000100823
chr6	74225473	74233520	EEF1A1	0.461996793	Ensembl	ENSG00000156508
chr14	104200089	104313927	PPP1R13B	0.461846599	Ensembl	ENSG00000088808
chr4	72053003	72437804	SLC4A4	0.461839255	Ensembl	ENSG00000080493
chr19	50145382	50161899	SCAF1	0.461457267	Ensembl	ENSG00000126461
chr18	57098172	57364612	CCBE1	0.456753187	Ensembl	ENSG00000183287
chr6	161412759	161538417	MAP3K4	0.456532958	Ensembl	ENSG00000085511
chr3	160150233	160203561	TRIM59	0.456289023	Ensembl	ENSG00000213186
chr14	52292913	52446060	GNG2	0.451676271	Ensembl	ENSG00000186469
chr15	50150435	50475014	ATP8B4	0.451657117	Ensembl	ENSG00000104043
chr15	23004684	23034427	NIPA2	0.45117812	Ensembl	ENSG00000140157
chr2	162272605	162282381	TBR1	0.450660594	Ensembl	ENSG00000136535
chr12	107168373	107283090	RIC8B	0.449705936	Ensembl	ENSG00000111785
chr8	91803778	91971636	NECAB1	0.44893071	Ensembl	ENSG00000123119
chr1	75545340	75561551	ZSWIM8	0.447769465	Ensembl	ENSG00000214655
chr8	144915764	144924200	NRBP2	0.447349899	Ensembl	ENSG00000185189
chr11	73661364	73681411	DNAJB13	0.447131532	Ensembl	ENSG00000187726
chr2	88856259	88927094	EIF2AK3	0.446943901	Ensembl	ENSG00000172071
chr1	100218875	100995619	HPSE2	0.44636671	Ensembl	ENSG00000172987
chr4	88081255	88161466	KLHL8	0.446278378	Ensembl	ENSG00000145332
chr1	202995626	203047868	PPFIA4	0.445571215	Ensembl	ENSG00000143847
chr8	87354967	87490649	WWP1	0.4453787	Ensembl	ENSG00000123124
chr1	12776118	12788726	AADACL3	0.443147394	Ensembl	ENSG00000188984
chr8	22462145	22479027	CCAR2	0.442647075	Ensembl	ENSG00000158941
chrX	79926353	80065187	BRWD3	0.442228925	Ensembl	ENSG00000165288
chrX	101906294	101914011	GPRASP1	0.441763205	Ensembl	ENSG00000198932
chr12	44902058	45315631	NELL2	0.441385002	Ensembl	ENSG00000184613
chr1	100175955	100206684	HPS1	0.440909628	Ensembl	ENSG00000107521
chr16	57023397	57117443	NLRC5	0.439182505	Ensembl	ENSG00000140853
chr11	124789089	124806308	HEPACAM	0.437526477	Ensembl	ENSG00000165478
chr15	51200869	51298097	AP4E1	0.436928008	Ensembl	ENSG00000081014
chr16	30934376	30960104	FBXL19	0.436432919	Ensembl	ENSG00000099364
chr17	72462555	72480933	CD300A	0.436168111	Ensembl	ENSG00000167851
chr5	142149949	142608576	ARHGAP26	0.434414863	Ensembl	ENSG00000145819
chr4	108745719	108836203	SGMS2	0.434395234	Ensembl	ENSG00000164023
chr17	57409050	57479090	YPEL2	0.434326699	Ensembl	ENSG00000175155
chrX	154299695	154351349	BRCC3	0.434047553	Ensembl	ENSG00000185515
chr12	123464607	123467456	ARL6IP4	0.431816525	Ensembl	ENSG00000182196
chr8	25699246	25902913	EBF2	0.431761796	Ensembl	ENSG00000221818
chr1	64926981	65225722	JMJD1C	0.43130175	Ensembl	ENSG00000171988
chr16	30035748	30064299	TLCD3B	0.430649372	synonym found: FAM57B	ENSG00000149926
chr8	28203102	28260218	ZNF395	0.4300055	Ensembl	ENSG00000186918
chr7	136912088	137028611	PTN	0.426743713	Ensembl	ENSG00000105894
chr3	100428205	100467810	TFG	0.426430788	Ensembl	ENSG00000114354
chr2	32582096	32843966	BIRC6	0.426410279	Ensembl	ENSG00000115760
chr17	58520520	58603580	APPBP2	0.426255868	Ensembl	ENSG00000062725
chr17	57970447	58027925	RPS6KB1	0.426221699	Ensembl	ENSG00000108443
chr16	2097466	2138716	TSC2	0.426092379	Ensembl	ENSG00000103197
chr3	119540170	119813264	GSK3B	0.425317335	Ensembl	ENSG00000082701
chr11	66624118	66627946	LRFN4	0.42525986	Ensembl	ENSG00000173621
chr2	39657458	39753127	TOP1	0.42519613	Ensembl	ENSG00000198900
chr11	68474908	68519032	TESMIN	0.424903459	synonym found: MTL5	ENSG00000132749
chr11	20691117	21597227	NELL1	0.424563284	Ensembl	ENSG00000165973
chr1	161087876	161095235	NIT1	0.424312715	Ensembl	ENSG00000158793
chr9	139702374	139735639	RABL6	0.423736852	Ensembl	ENSG00000196642
chr2	216225163	216300895	FN1	0.422990614	Ensembl	ENSG00000115414
chr7	99699172	99707968	AP4M1	0.421826054	Ensembl	ENSG00000221838
chr1	226033237	226070069	TMEM63A	0.416990206	Ensembl	ENSG00000196187
chr7	11013499	11209250	PHF14	0.413914777	Ensembl	ENSG00000106443
chr2	58438618	58508710	SYCP2	0.413702318	Ensembl	ENSG00000196074
chr17	80674559	80688204	FN3KRP	0.412955495	Ensembl	ENSG00000141560
chr15	75487984	75504510	C15orf39	0.41252437	Ensembl	ENSG00000167173
chr13	31480328	31499709	MEDAG	0.411562619	Ensembl	ENSG00000102802
chr3	101367733	101396339	ZBTB11	0.410516396	Ensembl	ENSG00000066422
chr14	23516271	23526747	CDH24	0.409850945	Ensembl	ENSG00000139880
chr3	170606204	170626482	EIF5A2	0.409158163	Ensembl	ENSG00000163577
chr17	37759789	37766030	NEUROD2	0.409090205	Ensembl	ENSG00000171532
chr1	101003693	101007574	GPR88	0.408036295	Ensembl	ENSG00000181656
chr5	137667624	137685416	FAM53C	0.405840331	Ensembl	ENSG00000120709
chr13	77566740	77601330	FBXL3	0.403242635	Ensembl	ENSG00000005812
chr18	63417488	63548638	CDH7	0.403156915	Ensembl	ENSG00000081138
chrX	75002823	75005079	MAGEE2	0.402464132	Ensembl	ENSG00000186675
chr1	46252659	46501796	MAST2	0.40151899	Ensembl	ENSG00000086015
chr1	93645476	93744287	CCDC18	0.400910719	Ensembl	ENSG00000122483
chr6	49936390	49937338	DEFB113	0.398907889	Ensembl	ENSG00000214642
chr1	76585340	76792380	KAT6B	0.398875153	Ensembl	ENSG00000156650
chr1	152483320	152484653	LCE5A	0.397222561	Ensembl	ENSG00000186207
chr3	68053359	68594776	TAFA1	0.397089391	synonym found: FAM19A1	ENSG00000183662
chr2	34203814	34208971	SPAG4	0.396581907	Ensembl	ENSG00000061656
chr6	31654726	31671221	ABHD16A	0.395399584	Ensembl	ENSG00000204427
chr2	9983483	10074545	TAF1B	0.394928988	Ensembl	ENSG00000115750
chrX	22050559	22269427	PHEX	0.394689908	Ensembl	ENSG00000102174
chr15	90626277	90645736	IDH2	0.394360686	Ensembl	ENSG00000182054
chr6	44214824	44221620	HSP90AB1	0.393049657	Ensembl	ENSG00000096384
chr16	18816175	18937776	SMG1	0.392386379	Ensembl	ENSG00000157106
chr22	40806285	41032706	MRTFA	0.392171967	synonym found: MKL1	ENSG00000196588
chr9	40760700	40836415	ZNF658	0.391950986	Ensembl	ENSG00000196409
chr19	57630506	57643294	USP29	0.389540379	Ensembl	ENSG00000131864
chr14	89078775	89259096	EML5	0.387979246	Ensembl	ENSG00000165521
chrX	150906923	150913776	CNGA2	0.387323715	Ensembl	ENSG00000183862
chr3	151591431	151602405	SUCNR1	0.386122169	Ensembl	ENSG00000198829
chr14	59655364	59838123	DAAM1	0.38576189	Ensembl	ENSG00000100592
chr1	147013182	147098017	BCL9	0.384884529	Ensembl	ENSG00000116128
chr8	103265240	103425069	UBR5	0.384036203	Ensembl	ENSG00000104517
chr11	64532078	64546258	SF1	0.383225737	Ensembl	ENSG00000168066
chr2	29845467	29847435	DEFB115	0.382698501	Ensembl	ENSG00000215547
chr1	1288069	1297157	MXRA8	0.382634592	Ensembl	ENSG00000162576
chr16	30116131	30125177	GDPD3	0.379979661	Ensembl	ENSG00000102886
chr14	75598173	75643334	TMED10	0.377902786	Ensembl	ENSG00000170348
chr3	101043049	101232085	SENP7	0.375642139	Ensembl	ENSG00000138468
chrX	115567790	115592625	SLC6A14	0.375245599	Ensembl	ENSG00000087916
chr8	67474410	67526482	MYBL1	0.374694569	Ensembl	ENSG00000185697
chr16	58553855	58663790	CNOT1	0.374174734	Ensembl	ENSG00000125107
chr17	37782993	37792879	PPP1R1B	0.372942203	Ensembl	ENSG00000131771
chr2	16080686	16087129	MYCN	0.372147987	Ensembl	ENSG00000134323
chr2	100889753	100939195	LONRF2	0.371756188	Ensembl	ENSG00000170500
chr1	193091147	193223031	CDC73	0.369648008	Ensembl	ENSG00000134371
chr9	131314866	131395941	SPTAN1	0.369582098	Ensembl	ENSG00000197694
chr1	160051360	160060353	KCNJ9	0.367578657	Ensembl	ENSG00000162728
chr16	30844947	30906281	BCL7C	0.366546795	Ensembl	ENSG00000099385
chr14	93703896	93799438	BTBD7	0.366211568	Ensembl	ENSG00000011114
chr4	3294755	3441640	RGS12	0.365639507	Ensembl	ENSG00000159788
chr4	85413140	85419603	NKX6-1	0.365600341	Ensembl	ENSG00000163623
chr11	62574369	62599560	STX5	0.365532067	Ensembl	ENSG00000162236
chr17	48450581	48458844	EME1	0.365202575	Ensembl	ENSG00000154920
chr11	6232565	6255941	FHIP1B	0.362447229	synonym found: FAM160A2	ENSG00000051009
chr15	51739908	51915030	DMXL2	0.361271324	Ensembl	ENSG00000104093
chr15	65950384	66084631	DENND4A	0.36110194	Ensembl	ENSG00000174485
chr1	152691998	152692905	C1orf68	0.360670923	Ensembl	ENSG00000198854
chr5	142657496	142815077	NR3C1	0.359824575	Ensembl	ENSG00000113580
chr14	36007558	36278510	RALGAPA1	0.354515693	Ensembl	ENSG00000174373
chr2	4833002	4990939	SLC23A2	0.349974797	Ensembl	ENSG00000089057
chr1	205681947	205719404	NUCKS1	0.346195071	Ensembl	ENSG00000069275
chr8	124332090	124428590	ATAD2	0.346047418	Ensembl	ENSG00000156802
chr1	89149905	89301938	PKN2	0.344486043	Ensembl	ENSG00000065243
chr1	40766159	40783488	COL9A2	0.343795271	Ensembl	ENSG00000049089
chr7	77166592	77269388	PTPN12	0.343037468	Ensembl	ENSG00000127947
chr2	206546714	206662857	NRP2	0.338515048	Ensembl	ENSG00000118257
chr1	161274525	161279762	MPZ	0.337998578	Ensembl	ENSG00000158887
chr15	77285700	77329673	PSTPIP1	0.335094926	Ensembl	ENSG00000140368
chr14	23456110	23479375	C14orf93	0.334231005	Ensembl	ENSG00000100802
chr21	40556102	40693485	BRWD1	0.332014289	Ensembl	ENSG00000185658
chrX	48911101	48927509	CCDC120	0.331564871	Ensembl	ENSG00000147144
chr8	74884672	74895018	TMEM70	0.330124751	Ensembl	ENSG00000175606
chr1	47881744	47883723	FOXE3	0.327878753	Ensembl	ENSG00000186790
chr4	66185281	66536213	EPHA5	0.32736213	Ensembl	ENSG00000145242
chr16	20621565	20808903	ACSM3	0.323058299	Ensembl	ENSG00000005187
chr19	46286205	46296060	DMWD	0.322231051	Ensembl	ENSG00000185800
chr17	7191571	7197934	YBX2	0.321438694	Ensembl	ENSG00000006047
chr2	55043647	55093943	RTF2	0.31803157	synonym found: RTFDC1	ENSG00000022277
chr3	160117062	160152750	SMC4	0.316376749	Ensembl	ENSG00000113810
chr7	1272543	1276954	UNCX	0.316112665	Ensembl	ENSG00000164853
chr11	32914724	33014862	QSER1	0.31580357	Ensembl	ENSG00000060749
chr12	81331594	81650533	ACSS3	0.314323125	Ensembl	ENSG00000111058
chr11	77779350	77791265	NDUFC2	0.313546727	Ensembl	ENSG00000151366
chr3	170779128	171178197	TNIK	0.312245791	Ensembl	ENSG00000154310
chr2	198669426	199437305	PLCL1	0.312051381	Ensembl	ENSG00000115896
chr7	148395006	148498128	CUL1	0.311412338	Ensembl	ENSG00000055130
chr8	96257147	96281429	CFAP418	0.306678851	synonym found: C8orf37	ENSG00000156172
chr3	81538850	81811312	GBE1	0.305470247	Ensembl	ENSG00000114480
chr3	132316081	132337811	ACKR4	0.302858779	Ensembl	ENSG00000129048
chr15	100940600	101085200	CERS3	0.30197891	Ensembl	ENSG00000154227
chr3	148508889	148577974	CPB1	0.301626102	Ensembl	ENSG00000153002
chr1	75134859	75173834	ANXA7	0.299683509	Ensembl	ENSG00000138279
chr1	185703683	186160085	HMCN1	0.299578596	Ensembl	ENSG00000143341
chr2	58511894	58515352	PPP1R3D	0.298056467	Ensembl	ENSG00000132825
chr2	186603355	186698017	FSIP2	0.297723325	Ensembl	ENSG00000188738
chr17	4871287	4890960	CAMTA2	0.297358494	Ensembl	ENSG00000108509
chr11	6642556	6677085	DCHS1	0.297061963	Ensembl	ENSG00000166341
chr1	185265520	185286461	IVNS1ABP	0.296749753	Ensembl	ENSG00000116679
chr8	100973164	101143496	RGS22	0.29589263	Ensembl	ENSG00000132554
chrX	105066536	105202602	NRK	0.293026114	Ensembl	ENSG00000123572
chr8	95825539	95893974	INTS8	0.292998829	Ensembl	ENSG00000164941
chr17	7120444	7128592	ACADVL	0.292041267	Ensembl	ENSG00000072778
chr1	211744910	211752084	SLC30A1	0.291608499	Ensembl	ENSG00000170385
chr16	50347398	50402845	BRD7	0.28992323	Ensembl	ENSG00000166164
chr7	54610018	54638773	VSTM2A	0.288756524	Ensembl	ENSG00000170419
chr8	117858174	117887105	RAD21	0.287650284	Ensembl	ENSG00000164754
chr4	110661852	110723335	CFI	0.286027045	Ensembl	ENSG00000205403
chr4	74262831	74287129	ALB	0.282569325	Ensembl	ENSG00000163631
chr3	42897497	42917633	CYP8B1	0.282278537	Ensembl	ENSG00000180432
chr1	157963063	158070052	KIRREL1	0.281779677	synonym found: KIRREL	ENSG00000183853
chr11	62480102	62494821	HNRNPUL2	0.277574771	Ensembl	ENSG00000214753
chr3	142984064	143567373	SLC9A9	0.276912142	Ensembl	ENSG00000181804
chr17	63006833	63052957	GNA13	0.276839991	Ensembl	ENSG00000120063
chrX	130407480	130533677	IGSF1	0.276658854	Ensembl	ENSG00000147255
chr6	71122644	71270877	FAM135A	0.276269034	Ensembl	ENSG00000082269
chr12	27058114	27091259	INTS13	0.275579461	synonym found: ASUN	ENSG00000064102
chr17	37560538	37607539	MED1	0.273961054	Ensembl	ENSG00000125686
chr2	56071035	56100708	CTCFL	0.273467927	Ensembl	ENSG00000124092
chr19	10426888	10444316	RAVER1	0.27244458	Ensembl	ENSG00000161847
chr17	39394297	39395256	KRTAP9-8	0.271019059	Ensembl	ENSG00000187272
chr12	43747669	43945724	ADAMTS20	0.268854652	Ensembl	ENSG00000173157
chr16	23688977	23701688	PLK1	0.268620023	Ensembl	ENSG00000166851
chr8	104512976	105268322	RIMS2	0.26617415	Ensembl	ENSG00000176406
chr2	30327074	30389608	TPX2	0.263247371	Ensembl	ENSG00000088325
chr3	52255096	52273183	TLR9	0.262442795	Ensembl	ENSG00000239732
chr11	77589766	77705724	INTS4	0.262298366	Ensembl	ENSG00000149262
chr7	91875548	92030698	ANKIB1	0.261716456	Ensembl	ENSG00000001629
chr16	1203241	1271771	CACNA1H	0.260104941	Ensembl	ENSG00000196557
chr8	71021997	71316040	NCOA2	0.259606615	Ensembl	ENSG00000140396
chr11	63448918	63527363	RTN3	0.258948404	Ensembl	ENSG00000133318
chr8	92221722	92410378	SLC26A7	0.258907439	Ensembl	ENSG00000147606
chr7	114562209	114659256	MDFIC	0.256526538	Ensembl	ENSG00000135272
chr3	185000729	185206885	MAP3K13	0.256289372	Ensembl	ENSG00000073803
chr16	53088945	53363062	CHD9	0.254588772	Ensembl	ENSG00000177200
chr22	38219389	38221502	GALR3	0.246412981	Ensembl	ENSG00000128310
chr11	94439597	94609918	AMOTL1	0.24532316	Ensembl	ENSG00000166025
chr14	55033815	55260033	SAMD4A	0.244714453	Ensembl	ENSG00000020577
chr5	111478138	111755013	EPB41L4A	0.24463808	Ensembl	ENSG00000129595
chr12	107712190	108053419	ABTB3	0.243170555	synonym found: BTBD11	ENSG00000151136
chr7	135242667	135333505	NUP205	0.241634041	Ensembl	ENSG00000155561
chr5	141032968	141061788	ARAP3	0.240642024	Ensembl	ENSG00000120318
chr18	44548558	44550398	ELOA3BP	0.238627619	Entrez	728929
chr3	196769431	197026171	DLG1	0.238154484	Ensembl	ENSG00000075711
chr1	151254094	151264656	ZNF687	0.237574132	Ensembl	ENSG00000143373
chr1	165370159	165414433	RXRG	0.233154237	Ensembl	ENSG00000143171
chr3	114056941	114866118	ZBTB20	0.232931068	Ensembl	ENSG00000181722
chr1	179068462	179198819	ABL2	0.230764161	Ensembl	ENSG00000143322
chr3	159557650	159615149	SCHIP1	0.230065137	Ensembl	ENSG00000151967
chr1	169558087	169599431	SELP	0.227299162	Ensembl	ENSG00000174175
chr8	113235157	114449328	CSMD3	0.227134008	Ensembl	ENSG00000164796
chr1	158149737	158154686	CD1D	0.22607406	Ensembl	ENSG00000158473
chr16	47188298	47498060	ITFG1	0.225248873	Ensembl	ENSG00000129636
chr5	132211071	132299326	AFF4	0.224104711	Ensembl	ENSG00000072364
chr1	36621180	36646450	MAP7D1	0.224069359	Ensembl	ENSG00000116871
chr2	43104526	43123244	TTPAL	0.222778357	Ensembl	ENSG00000124120
chr1	75532049	75540009	FUT11	0.217597847	Ensembl	ENSG00000196968
chr19	36705504	36729676	ZNF146	0.217208567	Ensembl	ENSG00000167635
chr14	31569318	31677010	HECTD1	0.215117373	Ensembl	ENSG00000092148
chr7	104654626	104754808	KMT2E	0.215083932	Ensembl	ENSG00000005483
chr7	138915102	138992982	UBN2	0.214178352	Ensembl	ENSG00000157741
chr1	201159953	201198080	IGFN1	0.211254645	Ensembl	ENSG00000163395
chr8	87226281	87333375	SLC7A13	0.210435511	Ensembl	ENSG00000164893
chr1	236305832	236385165	GPR137B	0.206669144	Ensembl	ENSG00000077585
chr17	67240452	67323385	ABCA5	0.202069279	Ensembl	ENSG00000154265
chr12	32832134	32898486	DNM1L	0.201917378	Ensembl	ENSG00000087470
chr3	179116990	179169378	GNB4	0.201045128	Ensembl	ENSG00000114450
chr17	1247566	1303672	YWHAE	0.200747631	Ensembl	ENSG00000108953
chr1	45976708	45988719	PRDX1	0.19857322	Ensembl	ENSG00000117450
chr14	55738021	55828636	FBXO34	0.197591659	Ensembl	ENSG00000178974
chr7	150929575	150935908	CHPF2	0.194922144	Ensembl	ENSG00000033100
chr8	143751726	143764142	PSCA	0.193016239	Ensembl	ENSG00000167653
chr22	31832963	31892094	EIF4ENIF1	0.191996317	Ensembl	ENSG00000184708
chr16	14165178	14360630	MRTFB	0.189667899	synonym found: MKL2	ENSG00000186260
chrX	48770459	48776301	PIM2	0.189460614	Ensembl	ENSG00000102096
chr16	24741016	24838953	TNRC6A	0.189388666	Ensembl	ENSG00000090905
chr7	130146089	130353598	COPG2	0.186544904	Ensembl	ENSG00000158623
chr3	180320646	180588793	CCDC39	0.185264697	Ensembl	ENSG00000145075
chr8	95731931	95806064	DPY19L4	0.182194901	Ensembl	ENSG00000156162
chr1	179851177	179894135	TOR1AIP1	0.178939801	Ensembl	ENSG00000143337
chr19	15270444	15311792	NOTCH3	0.178746501	Ensembl	ENSG00000074181
chr8	95653302	95719694	ESRP1	0.176041198	Ensembl	ENSG00000104413
chr4	42895284	43032675	GRXCR1	0.174560951	Ensembl	ENSG00000215203
chr1	155305059	155532598	ASH1L	0.174556383	Ensembl	ENSG00000116539
chr1	236378855	236445319	ERO1B	0.16883238	synonym found: ERO1LB	ENSG00000086619
chr5	137688285	137772717	KDM3B	0.168217048	Ensembl	ENSG00000120733
chr8	133787618	133861052	PHF20L1	0.163670127	Ensembl	ENSG00000129292
chr8	75896750	75946793	CRISPLD1	0.162221351	Ensembl	ENSG00000121005
chr8	59323823	59364060	UBXN2B	0.159868176	Ensembl	ENSG00000215114
chr19	33182867	33204702	NUDT19	0.158162852	Ensembl	ENSG00000213965
chr1	151375200	151431941	POGZ	0.150175215	Ensembl	ENSG00000143442
chrX	30845559	30993201	TAB3	0.148726052	Ensembl	ENSG00000157625
chr11	63606400	63678491	MARK2	0.147699625	Ensembl	ENSG00000072518
chr19	19256377	19303400	MEF2B	0.147294035	Ensembl	ENSG00000213999
chr2	61872136	61904046	NKAIN4	0.146774082	Ensembl	ENSG00000101198
chr4	56262124	56319564	TMEM165	0.144448829	Ensembl	ENSG00000134851
chr1	69091	70008	OR4F5	0.142321064	Ensembl	ENSG00000186092
chr8	41786997	41909508	KAT6A	0.142100736	Ensembl	ENSG00000083168
chrX	24167290	24234372	ZFX	0.141024737	Ensembl	ENSG00000005889
chr6	31606805	31620482	BAG6	0.139462728	Ensembl	ENSG00000204463
chr17	39295685	39296739	KRTAP4-6	0.134889668	Ensembl	ENSG00000198090
chr8	122624356	122653630	HAS2	0.130814521	Ensembl	ENSG00000170961
chr12	26490342	26986131	ITPR2	0.126339667	Ensembl	ENSG00000123104
chr22	17597189	17602257	TMEM121B	0.12509226	synonym found: CECR6	ENSG00000183307
chr8	103563800	103573245	ODF1	0.125050217	Ensembl	ENSG00000155087
chr2	152689290	152955593	CACNB4	0.122427855	Ensembl	ENSG00000182389
chr17	38296571	38328436	CASC3	0.11805896	Ensembl	ENSG00000108349
chr1	120202421	120286838	PHGDH	0.116108767	Ensembl	ENSG00000092621
chr13	95089558	95131936	DCT	0.115927385	Ensembl	ENSG00000080166
chr5	892758	919472	TRIP13	0.110471231	Ensembl	ENSG00000071539
chr11	65029233	65073060	POLA2	0.108730711	Ensembl	ENSG00000014138
chr6	36461669	36515247	STK38	0.105381873	Ensembl	ENSG00000112079
chr19	36265434	36279724	ARHGAP33	0.102578658	Ensembl	ENSG00000004777
chrX	153715645	153719016	SLC10A3	0.101697887	Ensembl	ENSG00000126903
chr7	37723399	37873390	GPR141	0.101318523	Ensembl	ENSG00000187037
chr17	26989109	27029697	SUPT6H	0.0971487	Ensembl	ENSG00000109111
chr3	169804520	169899537	PHC3	0.08831795	Ensembl	ENSG00000173889
chr1	155882834	155904191	KHDC4	0.077888247	synonym found: KIAA0907	ENSG00000132680
chr5	175815748	175816772	HIGD2A	0.069775123	Ensembl	ENSG00000146066
chr2	35518632	35580246	SAMHD1	0.064174765	Ensembl	ENSG00000101347
chr6	1312675	1314992	FOXQ1	0.048948737	Ensembl	ENSG00000164379
chr12	7022909	7032861	ENO2	0.033072882	Ensembl	ENSG00000111674
chr12	50344524	50352664	AQP2	0.023809426	Ensembl	ENSG00000167580
