chr1	8412457	8877702	RERE	1.0
chr11	8127597	8190602	RIC3	0.9998871841155235
chr2	153508107	153574511	PRPF40A	0.9997743682310469
chr3	50126341	50156454	RBM5	0.9996615523465704
chr1	109234945	109244425	PRPF38B	0.9995487364620939
chr22	40440821	40731812	TNRC6B	0.9994359205776173
chr6	114254192	114332472	HDAC2	0.9993231046931408
chr1	70671365	70718735	SRSF11	0.9992102888086642
chr3	58318607	58411748	PXK	0.9990974729241877
chr6	96025419	96057333	MANEA	0.9989846570397112
chr10	103544200	103578696	MGEA5	0.9988718411552346
chr3	52738971	52742182	SPCS1	0.9987590252707581
chr11	43333513	43366079	API5	0.9986462093862816
chr6	80713604	80752244	TTK	0.998533393501805
chr4	88928820	88998929	PKD2	0.9984205776173285
chr3	49209044	49213917	KLHDC8B	0.998307761732852
chr15	59157374	59389618	RNF111	0.9981949458483754
chr3	52009066	52023213	ACY1	0.9980821299638989
chr4	103422486	103538459	NFKB1	0.9979693140794224
chr9	98637983	98776842	ERCC6L2	0.9978564981949458
chr11	924894	1012239	AP2A2	0.9977436823104693
chr10	50507187	50535537	C10orf71	0.9976308664259927
chr11	63952744	63972015	STIP1	0.9975180505415162
chr3	49711435	49721396	APEH	0.9974052346570397
chr11	560404	564021	RASSF7	0.9972924187725631
chr6	150263136	150270371	ULBP2	0.9971796028880868
chr4	41361624	41702061	LIMCH1	0.9970667870036103
chrX	11776278	11793870	MSL3	0.9969539711191338
chr15	43699407	43802926	TP53BP1	0.9968411552346572
chr2	128193783	128284462	IWS1	0.9967283393501807
chr8	22004338	22014597	LGI3	0.9966155234657041
chr22	37387163	37403882	TEX33	0.9965027075812276
chr4	40425272	40632892	RBM47	0.9963898916967511
chr1	86115106	86174116	ZNHIT6	0.9962770758122745
chr16	58028572	58034357	ZNF319	0.996164259927798
chr4	15004298	15071777	CPEB2	0.9960514440433215
chr10	120433679	120514761	CACUL1	0.9959386281588449
chr8	26149007	26230196	PPP2R2A	0.9958258122743684
chr11	111944810	111955874	C11orf57	0.9957129963898919
chr4	25378835	25420120	ANAPC4	0.9956001805054153
chr1	109417972	109477167	GPSM2	0.9954873646209388
chr9	128024073	128129486	GAPVD1	0.9953745487364623
chr5	95220802	95297775	ELL2	0.9952617328519857
chr10	93683526	93790082	BTAF1	0.9951489169675092
chr3	48506445	48509044	TREX1	0.9950361010830326
chr11	117014983	117047610	PAFAH1B2	0.9949232851985561
chr4	184020446	184241930	WWC2	0.9948104693140796
chr15	41271078	41408552	INO80	0.994697653429603
chr6	163835032	163999628	QKI	0.9945848375451265
chr15	41028082	41048049	RMDN3	0.99447202166065
chr2	55514978	55647057	CCDC88A	0.9943592057761734
chr2	233412779	233415226	TIGD1	0.9942463898916969
chr16	72088522	72111145	HPR	0.9941335740072204
chr10	90750414	90775542	FAS	0.9940207581227438
chr6	168227602	168372703	MLLT4	0.9939079422382673
chr6	111408781	111552397	SLC16A10	0.9937951263537907
chr16	89773542	89787394	VPS9D1	0.9936823104693142
chr3	49454211	49460186	AMT	0.9935694945848377
chr12	100422233	100536626	UHRF1BP1L	0.9934566787003611
chr4	84382092	84444501	FAM175A	0.9933438628158846
chr10	102495360	102589698	PAX2	0.9932310469314081
chr3	27757440	27764206	EOMES	0.9931182310469315
chr1	24069645	24088549	TCEB3	0.993005415162455
chr1	17393256	17445948	PADI2	0.9928925992779785
chr4	111538579	111563279	PITX2	0.9927797833935019
chr6	99845927	99873207	PNISR	0.9926669675090254
chr9	125606835	125667620	RC3H2	0.9925541516245489
chr2	210886147	211036107	KANSL1L	0.9924413357400723
chr16	88709691	88717560	CYBA	0.9923285198555958
chr10	98592017	98740800	LCOR	0.9922157039711192
chr2	149402009	149545130	EPC2	0.9921028880866427
chr15	25068794	25223870	SNRPN	0.9919900722021662
chr4	99992132	100009952	ADH5	0.9918772563176896
chr6	80816364	81055987	BCKDHB	0.9917644404332131
chr15	55702723	55800432	DYX1C1	0.9916516245487366
chr11	18300223	18343745	HPS5	0.99153880866426
chr6	160146617	160177351	WTAP	0.9914259927797835
chr19	5623046	5668489	SAFB	0.991313176895307
chr12	101786898	101801598	ARL1	0.9912003610108304
chr10	99894387	100004654	R3HCC1L	0.9910875451263539
chr19	1407568	1435719	DAZAP1	0.9909747292418774
chr4	20730239	21950422	KCNIP4	0.9908619133574008
chr10	116853124	117708503	ATRNL1	0.9907490974729243
chr1	114356433	114414381	PTPN22	0.9906362815884477
chr10	111967363	112047123	MXI1	0.9905234657039712
chr3	35680437	35835988	ARPP21	0.9904106498194947
chr6	132767006	132834337	STX7	0.9902978339350181
chr15	44829255	44855227	EIF3J	0.9901850180505416
chr16	84155886	84178797	HSDL1	0.9900722021660651
chr9	100000765	100140806	CCDC180	0.9899593862815885
chr9	71736209	71870124	TJP2	0.989846570397112
chr13	50570024	50594617	TRIM13	0.9897337545126355
chr4	100737990	100791311	DAPP1	0.9896209386281589
chr12	52345451	52390862	ACVR1B	0.9895081227436824
chr4	164415594	164441691	TMA16	0.9893953068592058
chr3	46205096	46308197	CCR3	0.9892824909747293
chr3	50384761	50388522	NPRL2	0.9891696750902528
chr10	70100864	70167051	RUFY2	0.9890568592057762
chr10	124690419	124713919	C10orf88	0.9889440433212997
chr10	104263744	104393292	SUFU	0.9888312274368232
chr2	38789120	38830728	HNRNPLL	0.9887184115523466
chr6	118228689	118638839	SLC35F1	0.9886055956678701
chr15	39892232	40075031	FSIP1	0.9884927797833936
chr3	51428731	51435330	RBM15B	0.988379963898917
chr4	79808281	79860592	PAQR3	0.9882671480144405
chr4	83955600	83996971	COPS4	0.988154332129964
chr2	225334867	225450110	CUL3	0.9880415162454874
chrY	14813160	14972764	USP9Y	0.9879287003610109
chr1	114239453	114302111	PHTF1	0.9878158844765343
chr14	92524896	92572965	ATXN3	0.9877030685920578
chr10	96953957	96988685	C10orf129	0.9875902527075813
chrX	101137262	101187004	ZMAT1	0.9874774368231047
chr18	47793252	47808144	MBD1	0.9873646209386282
chr15	45021186	45060027	TRIM69	0.9872518050541517
chr1	87380331	87602334	HS2ST1	0.9871389891696751
chr5	90664541	90679176	ARRDC3	0.9870261732851986
chr9	127279554	127533589	NR6A1	0.9869133574007221
chr1	104159999	104168402	AMY2A	0.9868005415162455
chr6	136663875	136871957	MAP7	0.986687725631769
chr22	50624344	50638027	TRABD	0.9865749097472925
chr14	103058998	103196913	RCOR1	0.9864620938628159
chr5	72112139	72212560	TNPO1	0.9863492779783394
chr16	66600294	66613040	CMTM1	0.9862364620938628
chr9	131266979	131304567	GLE1	0.9861236462093863
chr11	111788756	111797596	C11orf52	0.9860108303249098
chr10	92979908	93044088	PCGF5	0.9858980144404332
chr12	104510855	104532067	NFYB	0.9857851985559567
chr6	105404923	105531207	LIN28B	0.9856723826714802
chrY	15360259	15592553	UTY	0.9855595667870036
chr6	108188960	108279393	SEC63	0.9854467509025271
chr5	64064757	64314590	CWC27	0.9853339350180506
chr6	128289924	128841870	PTPRK	0.985221119133574
chr10	97733786	97792441	CC2D2B	0.9851083032490975
chr3	50643921	50649262	CISH	0.984995487364621
chr22	32149944	32303012	DEPDC5	0.9848826714801444
chr3	15247659	15294425	CAPN7	0.9847698555956679
chr4	3465033	3503200	DOK7	0.9846570397111913
chr10	103867317	103880210	LDB1	0.9845442238267148
chr5	94982458	95020477	RFESD	0.9844314079422383
chr22	41625517	41636938	CHADL	0.9843185920577617
chr22	18216906	18257536	BID	0.9842057761732852
chr5	61683081	61699766	DIMT1	0.9840929602888087
chr18	55711599	56068772	NEDD4L	0.9839801444043321
chr3	49052921	49059726	DALRD3	0.9838673285198556
chr10	60094735	60130513	UBE2D1	0.983754512635379
chr17	42219274	42239844	C17orf53	0.9836416967509025
chr11	63137261	63177766	SLC22A9	0.983528880866426
chr19	4174106	4182601	SIRT6	0.9834160649819494
chr2	85822848	85824736	RNF181	0.9833032490974729
chr4	37892708	38140796	TBC1D1	0.9831904332129964
chr4	106473777	106629250	ARHGEF38	0.9830776173285198
chr5	83236373	83680611	EDIL3	0.9829648014440433
chr4	83343717	83351294	HNRNPDL	0.9828519855595668
chr22	35653445	35691800	HMGXB4	0.9827391696750902
chr2	172778958	172848599	HAT1	0.9826263537906137
chr12	62102040	62672931	FAM19A2	0.9825135379061372
chr9	104182860	104198105	ALDOB	0.9824007220216606
chr2	36778570	36873230	FEZ2	0.9822879061371841
chr12	98909290	98944157	TMPO	0.9821750902527075
chr10	90639491	90734910	STAMBPL1	0.982062274368231
chr16	24549014	24584184	RBBP6	0.9819494584837545
chr4	100044808	100078949	ADH4	0.9818366425992779
chrX	40944888	41095832	USP9X	0.9817238267148014
chr2	148602086	148688393	ACVR2A	0.9816110108303249
chr9	131581930	131592100	C9orf114	0.9814981949458486
chr4	88571459	88585513	DMP1	0.981385379061372
chr8	22298332	22398652	PPP3CC	0.9812725631768955
chr2	108863651	108881807	SULT1C3	0.981159747292419
chr15	45248900	45271427	C15orf43	0.9810469314079424
chr1	115397424	115537991	SYCP1	0.9809341155234659
chr1	26145131	26159432	MTFR1L	0.9808212996389893
chr17	43209967	43221548	ACBD4	0.9807084837545128
chr2	208394461	208468155	CREB1	0.9805956678700363
chrY	2803112	2850547	ZFY	0.9804828519855597
chr16	57481337	57495187	COQ9	0.9803700361010832
chr11	17095936	17099334	RPS13	0.9802572202166067
chr6	111279763	111289093	GTF3C6	0.9801444043321301
chr1	27276053	27286897	C1orf172	0.9800315884476536
chr12	49950327	49961936	MCRS1	0.979918772563177
chr5	52776239	52782964	FST	0.9798059566787005
chr17	41196312	41277500	BRCA1	0.979693140794224
chr11	118620034	118661858	DDX6	0.9795803249097474
chr4	83273651	83295656	HNRNPD	0.9794675090252709
chr5	72251808	72386349	FCHO2	0.9793546931407944
chr2	109065017	109125871	GCC2	0.9792418772563178
chr11	47185848	47198676	ARFGAP2	0.9791290613718413
chr6	114178541	114184648	MARCKS	0.9790162454873648
chr12	122242086	122270562	SETD1B	0.9789034296028882
chr5	74969949	75013313	POC5	0.9787906137184117
chr6	157802165	158099178	ZDHHC14	0.9786777978339352
chr11	9302201	9336327	TMEM41B	0.9785649819494586
chr12	49372398	49375459	WNT1	0.9784521660649821
chr4	113558120	113578748	LARP7	0.9783393501805056
chr10	124608594	124639157	FAM24B	0.978226534296029
chr6	154708638	154831793	CNKSR3	0.9781137184115525
chrX	109917084	110039286	CHRDL1	0.9780009025270759
chr6	132129156	132216295	ENPP1	0.9778880866425994
chr3	48701364	48723797	NCKIPSD	0.9777752707581229
chr6	88384790	88411927	AKIRIN2	0.9776624548736463
chr18	52889562	53332018	TCF4	0.9775496389891698
chr11	1848709	1858751	SYT8	0.9774368231046933
chr16	68279207	68294961	PLA2G15	0.9773240072202167
chr5	107194736	107717799	FBXL17	0.9772111913357402
chr1	111982512	111991998	WDR77	0.9770983754512637
chr11	1874200	1913497	LSP1	0.9769855595667871
chr2	230222345	230579274	DNER	0.9768727436823106
chr1	75171170	75199092	CRYZ	0.976759927797834
chr12	104458235	104498639	HCFC2	0.9766471119133575
chr2	134877554	135212192	MGAT5	0.976534296028881
chr10	96162261	96295687	TBC1D12	0.9764214801444044
chr16	69354043	69373570	COG8	0.9763086642599279
chr11	8932686	8941631	AKIP1	0.9761958483754514
chr15	41700606	41775761	RTF1	0.9760830324909748
chr1	6241329	6269449	RPL22	0.9759702166064983
chr3	52728505	52740048	GLT8D1	0.9758574007220218
chr2	85829979	85876403	USP39	0.9757445848375452
chr5	79852574	79866307	ANKRD34B	0.9756317689530687
chr6	99990256	100016849	CCNC	0.9755189530685922
chr19	1189406	1228428	STK11	0.9754061371841156
chr4	30722037	31148422	PCDH7	0.9752933212996391
chr5	55230923	55290821	IL6ST	0.9751805054151625
chr3	46899362	46923659	MYL3	0.975067689530686
chr16	74485856	74641012	GLG1	0.9749548736462095
chr19	49118585	49122793	RPL18	0.9748420577617329
chr15	49913177	49937333	DTWD1	0.9747292418772564
chr5	134094469	134190823	DDX46	0.9746164259927799
chr10	90346510	90366733	LIPJ	0.9745036101083033
chr10	54525140	54531460	MBL2	0.9743907942238268
chr1	16679070	16724640	SZRD1	0.9742779783393503
chr4	110736666	110745893	GAR1	0.9741651624548737
chr10	120065401	120101840	FAM204A	0.9740523465703972
chr22	50925213	50929077	MIOX	0.9739395306859207
chr5	56215429	56267502	MIER3	0.9738267148014441
chr4	121606074	121844025	PRDM5	0.9737138989169676
chrX	69748790	70128581	TEX11	0.973601083032491
chr6	99880190	99969604	USP45	0.9734882671480145
chr4	84457067	84527028	AGPAT9	0.973375451263538
chr1	28696114	28826881	PHACTR4	0.9732626353790614
chr11	8959119	8964580	ASCL3	0.9731498194945849
chr16	3115298	3131908	IL32	0.9730370036101084
chr5	89811428	89825401	LYSMD3	0.9729241877256318
chr11	125461607	125495110	STT3A	0.9728113718411553
chr10	129894923	129924649	MKI67	0.9726985559566788
chr15	64364758	64386217	FAM96A	0.9725857400722022
chr3	37034823	37107380	MLH1	0.9724729241877257
chr15	48431625	48470714	MYEF2	0.9723601083032491
chr17	20739760	20799453	CCDC144NL	0.9722472924187726
chr8	17086737	17104387	CNOT7	0.9721344765342961
chr19	44529494	44537265	ZNF222	0.9720216606498195
chr8	27727399	27850244	SCARA5	0.971908844765343
chr16	67700719	67702661	C16orf86	0.9717960288808665
chr1	15853308	15918874	DNAJC16	0.9716832129963899
chr4	44684217	44728612	GNPDA2	0.9715703971119134
chr15	40380091	40401093	BMF	0.9714575812274369
chr10	102729215	102747272	MRPL43	0.9713447653429603
chr11	47738072	47788995	FNBP4	0.9712319494584838
chr17	33762115	33775856	SLFN13	0.9711191335740073
chr15	52043758	52108565	TMOD2	0.9710063176895307
chr15	44064798	44069741	ELL3	0.9708935018050542
chr17	7210318	7215774	EIF5A	0.9707806859205776
chr4	15937192	15940363	FGFBP1	0.9706678700361011
chr1	117057157	117113661	CD58	0.9705550541516246
chr10	60144782	60158981	TFAM	0.970442238267148
chr1	16450832	16482582	EPHA2	0.9703294223826715
chr11	30344598	30359774	ARL14EP	0.970216606498195
chr4	185548850	185570663	CASP3	0.9701037906137184
chr4	141309609	141349122	CLGN	0.9699909747292419
chr16	67961543	67966317	CTRL	0.9698781588447654
chr16	66754796	66785701	DYNC1LI2	0.9697653429602888
chr12	49412758	49453557	KMT2D	0.9696525270758123
chr10	90521163	90537999	LIPN	0.9695397111913358
chr15	54305101	54920806	UNC13C	0.9694268953068592
chr9	135937365	135947248	CEL	0.9693140794223827
chr1	84944942	84963473	RPF1	0.9692012635379061
chr10	102821598	102827888	KAZALD1	0.9690884476534296
chr3	52937588	53080766	SFMBT1	0.9689756317689531
chr3	37284668	37408242	GOLGA4	0.9688628158844765
chr1	22962999	22966101	C1QA	0.96875
chr9	79792269	80036457	VPS13A	0.9686371841155235
chr17	5402747	5522744	NLRP1	0.9685243682310469
chr10	103370423	103455052	FBXW4	0.9684115523465704
chr5	63461671	63668696	RNF180	0.9682987364620939
chr11	1490687	1522477	MOB2	0.9681859205776173
chr9	103189438	103213511	MSANTD3	0.9680731046931408
chr5	89688078	89705603	CETN3	0.9679602888086642
chr2	37311594	37326387	GPATCH11	0.9678474729241877
chr15	43891596	44010458	STRC	0.9677346570397112
chrX	107334898	107397901	ATG4A	0.9676218411552346
chr10	104153867	104162281	NFKB2	0.9675090252707581
chr22	45098113	45258586	PRR5-ARHGAP8	0.9673962093862816
chr3	69103881	69129559	UBA3	0.967283393501805
chr13	31506840	31549639	TEX26	0.9671705776173285
chr12	12867992	12875305	CDKN1B	0.967057761732852
chr1	24104895	24114722	PITHD1	0.9669449458483754
chr3	49977440	50137478	RBM6	0.9668321299638989
chr2	163123589	163175213	IFIH1	0.9667193140794224
chr1	71528974	71546980	ZRANB2	0.9666064981949458
chr2	37394963	37423741	SULT6B1	0.9664936823104693
chr11	45928085	45928833	C11orf94	0.9663808664259927
chr11	60223225	60238233	MS4A1	0.9662680505415162
chrX	101087085	101112549	NXF5	0.9661552346570397
chrX	13752832	13787480	OFD1	0.9660424187725631
chr2	128619204	128643496	AMMECR1L	0.9659296028880866
chr14	63838075	64010092	PPP2R5E	0.9658167870036103
chr4	110354928	110462052	SEC24B	0.9657039711191338
chr10	45493146	45496336	C10orf25	0.9655911552346572
chr3	40518604	40531727	ZNF619	0.9654783393501807
chr14	55833110	55878576	ATG14	0.9653655234657041
chr10	95753746	96092580	PLCE1	0.9652527075812276
chr19	49164664	49176338	NTN5	0.9651398916967511
chr9	136028340	136039332	GBGT1	0.9650270758122745
chr10	100143322	100174941	PYROXD2	0.964914259927798
chr1	27681675	27693383	MAP3K6	0.9648014440433215
chr10	103585731	103603677	KCNIP2	0.9646886281588449
chr17	43471275	43511787	ARHGAP27	0.9645758122743684
chr4	70454135	70505360	UGT2A2	0.9644629963898919
chr10	124895478	124897257	HMX3	0.9643501805054153
chr5	64961755	65018862	SGTB	0.9642373646209388
chr1	114447763	114456708	DCLRE1B	0.9641245487364623
chr1	32573639	32642169	KPNA6	0.9640117328519857
chr6	123537483	123958238	TRDN	0.9638989169675092
chr13	50018429	50069138	SETDB2	0.9637861010830326
chr13	72012098	72441330	DACH1	0.9636732851985561
chr16	53524952	53538323	AKTIP	0.9635604693140796
chr15	63900817	64126141	HERC1	0.963447653429603
chr11	65405568	65418401	SIPA1	0.9633348375451265
chr12	106695707	106740793	TCP11L2	0.96322202166065
chr22	43192508	43254112	ARFGAP3	0.9631092057761734
chr10	101948055	101989376	CHUK	0.9629963898916969
chr9	124894745	124922098	NDUFA8	0.9628835740072204
chr11	61535973	61560274	TMEM258	0.9627707581227438
chr15	40623653	40633168	C15orf52	0.9626579422382673
chr2	55199325	55339757	RTN4	0.9625451263537907
chr12	133656424	133684130	ZNF140	0.9624323104693142
chrX	112017731	112084043	AMOT	0.9623194945848377
chrX	76760356	77041702	ATRX	0.9622066787003611
chr13	46700055	46786006	LCP1	0.9620938628158846
chr2	219128850	219134980	AAMP	0.9619810469314081
chr10	105726959	105788991	SLK	0.9618682310469315
chr4	15964699	16086001	PROM1	0.961755415162455
chr3	56591189	56655846	CCDC66	0.9616425992779785
chr22	39081548	39097561	JOSD1	0.9615297833935019
chr1	13474689	13477522	PRAMEF18	0.9614169675090254
chr22	47080308	47134158	CERK	0.9613041516245489
chr12	62654119	62811211	USP15	0.9611913357400723
chr4	156680144	156728743	GUCY1B3	0.9610785198555958
chrX	8758836	8769424	FAM9A	0.9609657039711192
chr1	27022524	27108595	ARID1A	0.9608528880866427
chr2	232571605	232578251	PTMA	0.9607400722021662
chr2	28615315	28640179	FOSL2	0.9606272563176896
chr9	129089128	129269320	MVB12B	0.9605144404332131
chr6	76311225	76427997	SENP6	0.9604016245487366
chr4	106067032	106200973	TET2	0.96028880866426
chr11	66104804	66112596	BRMS1	0.9601759927797835
chr10	51549498	51562517	MSMB	0.960063176895307
chr1	12040238	12073571	MFN2	0.9599503610108304
chr19	54926393	54948080	TTYH1	0.9598375451263539
chr10	129347613	129350935	NPS	0.9597247292418774
chr9	87283466	87638505	NTRK2	0.9596119133574008
chr14	23440383	23451851	AJUBA	0.9594990974729243
chr22	37521878	37571094	IL2RB	0.9593862815884477
chr16	85709804	85723679	GINS2	0.9592734657039712
chr15	41221538	41231237	DLL4	0.9591606498194947
chr11	18091482	18127638	SAAL1	0.9590478339350181
chr4	113066553	113116412	C4orf32	0.9589350180505416
chr2	192109911	192290115	MYO1B	0.9588222021660651
chrX	105937024	106040223	RNF128	0.9587093862815885
chr15	41913422	42062141	MGA	0.958596570397112
chr12	112279782	112334343	MAPKAPK5	0.9584837545126355
chr12	124808961	125052135	NCOR2	0.9583709386281589
chr5	112043195	112181936	APC	0.9582581227436824
chr10	99374310	99393344	MORN4	0.9581453068592058
chr19	3585551	3593539	GIPC3	0.9580324909747293
chr19	639879	643703	FGF22	0.9579196750902528
chrX	106057101	106243474	MORC4	0.9578068592057762
chr4	166128770	166244308	KLHL2	0.9576940433212997
chr3	52579368	52719933	PBRM1	0.9575812274368232
chr9	132589569	132598142	C9orf78	0.9574684115523466
chr15	38780304	38857776	RASGRP1	0.9573555956678701
chr4	140222609	140341187	NAA15	0.9572427797833936
chr2	68686551	68694390	FBXO48	0.957129963898917
chr16	74655292	74700779	RFWD3	0.9570171480144405
chr15	83685174	83736106	BTBD1	0.956904332129964
chr15	83211951	83317612	CPEB1	0.9567915162454874
chr4	38869298	38947360	FAM114A1	0.9566787003610109
chrX	44382885	44402247	FUNDC1	0.9565658844765343
chr1	27226729	27273353	NUDC	0.9564530685920578
chrX	47004268	47046212	RBM10	0.9563402527075813
chr3	48198636	48229892	CDC25A	0.9562274368231047
chr11	694438	727727	EPS8L2	0.9561146209386282
chr6	99282580	99286660	POU3F2	0.9560018050541517
chr3	27414214	27525911	SLC4A7	0.9558889891696751
chr9	79000433	79009433	RFK	0.9557761732851986
chr2	37070783	37193615	STRN	0.9556633574007221
chr16	57279010	57287516	ARL2BP	0.9555505415162455
chr3	48725436	48777786	IP6K2	0.955437725631769
chr4	152591656	152682175	PET112	0.9553249097472925
chr22	50946645	50961901	NCAPH2	0.9552120938628159
chr9	97136833	97223324	HIATL1	0.9550992779783394
chr2	101008327	101034118	CHST10	0.9549864620938628
chr11	392614	404908	PKP3	0.9548736462093863
chr2	44113647	44223144	LRPPRC	0.9547608303249098
chr3	48663156	48672926	SLC26A6	0.9546480144404332
chr6	146864829	146876101	RAB32	0.9545351985559567
chr2	207308263	207485851	ADAM23	0.9544223826714802
chr19	1481427	1490751	PCSK4	0.9543095667870036
chr3	53846362	53880417	CHDH	0.9541967509025271
chr22	50293877	50312106	ALG12	0.9540839350180506
chr5	110998318	111333161	NREP	0.953971119133574
chr9	102741461	102861322	ERP44	0.9538583032490975
chr11	112046190	112095422	BCO2	0.953745487364621
chr14	69254377	69263190	ZFP36L1	0.9536326714801444
chr19	44669226	44682534	ZNF226	0.9535198555956679
chr1	85731931	85742773	BCL10	0.9534070397111913
chr19	2037470	2051243	MKNK2	0.9532942238267148
chr2	96850597	96874563	STARD7	0.9531814079422383
chr4	35949843	36246131	ARAP2	0.9530685920577617
chr15	29991571	30261068	TJP1	0.9529557761732852
chr18	61637159	61672278	SERPINB8	0.9528429602888087
chr19	47759237	47775210	CCDC9	0.9527301444043321
chr19	3490819	3500938	DOHH	0.9526173285198556
chr19	1285890	1378430	MUM1	0.952504512635379
chr18	51850728	51884334	STARD6	0.9523916967509025
chr9	84198598	84304220	TLE1	0.952278880866426
chr6	109711418	109762374	PPIL6	0.9521660649819494
chr22	42776416	42828401	NFAM1	0.9520532490974729
chr10	70480769	70552134	CCAR1	0.9519404332129964
chr10	45950035	46090354	MARCH8	0.9518276173285198
chr3	46411633	46417697	CCR5	0.9517148014440433
chr1	52042851	52254889	OSBPL9	0.9516019855595668
chr6	31321649	31324965	HLA-B	0.9514891696750902
chr15	44854894	44955876	SPG11	0.9513763537906137
chr5	61699799	61924409	IPO11	0.9512635379061372
chr10	88414314	88426605	OPN4	0.9511507220216606
chr19	48111453	48206533	GLTSCR1	0.9510379061371841
chrX	37208528	37316548	PRRG1	0.9509250902527075
chrY	21865751	21906825	KDM5D	0.950812274368231
chr22	29190543	29196585	XBP1	0.9506994584837545
chr4	4269428	4291896	LYAR	0.9505866425992779
chr19	58452201	58459043	ZNF256	0.9504738267148014
chr16	88772871	88781794	CTU2	0.9503610108303249
chr11	18343842	18388591	GTF2H1	0.9502481949458483
chr11	18749475	18814268	PTPN5	0.950135379061372
chr18	51679079	51751158	MBD2	0.9500225631768955
chr16	28996147	29002104	LAT	0.949909747292419
chr2	45878484	46415129	PRKCE	0.9497969314079424
chr2	39476407	39664453	MAP4K3	0.9496841155234659
chr15	42066632	42120053	MAPKBP1	0.9495712996389893
chr22	50683612	50689834	HDAC10	0.9494584837545128
chr4	24519064	24586173	DHX15	0.9493456678700363
chr19	1228286	1238026	C19orf26	0.9492328519855597
chr6	131894284	131905472	ARG1	0.9491200361010832
chr16	78133310	79246564	WWOX	0.9490072202166067
chr16	67143861	67182442	C16orf70	0.9488944043321301
chr4	155484108	155492238	FGB	0.9487815884476536
chr16	71315292	71323618	CMTR2	0.948668772563177
chr6	106632351	106773666	ATG5	0.9485559566787005
chr6	82201156	82462491	FAM46A	0.948443140794224
chr5	86563705	86687748	RASA1	0.9483303249097474
chr4	178351924	178363657	AGA	0.9482175090252709
chr19	3506271	3538328	FZR1	0.9481046931407944
chr1	27216979	27226957	GPATCH3	0.9479918772563178
chr3	69219141	69591734	FRMD4B	0.9478790613718413
chr19	47421933	47508334	ARHGAP35	0.9477662454873648
chr6	109814059	110012420	AK9	0.9476534296028882
chr2	128458596	128568761	WDR33	0.9475406137184117
chr2	73169165	73302747	SFXN5	0.9474277978339352
chr15	44580927	44707956	CASC4	0.9473149819494586
chr10	99332198	99343641	ANKRD2	0.9472021660649821
chr3	47057919	47205457	SETD2	0.9470893501805056
chr4	48887036	48908954	OCIAD2	0.946976534296029
chrX	41306687	41334963	NYX	0.9468637184115525
chr2	27873679	27886676	SUPT7L	0.9467509025270759
chr3	52715172	52728508	GNL3	0.9466380866425994
chr10	104209594	104211300	C10orf95	0.9465252707581229
chr2	242641450	242668893	ING5	0.9464124548736463
chr13	48877887	49056122	RB1	0.9462996389891698
chr1	1138888	1142071	TNFRSF18	0.9461868231046933
chr11	60282886	60310194	MS4A13	0.9460740072202167
chr15	44096690	44117000	MFAP1	0.9459611913357402
chr2	152104454	152118393	RBM43	0.9458483754512637
chr4	187508937	187647876	FAT1	0.9457355595667871
chr6	109416313	109485135	CEP57L1	0.9456227436823106
chr11	57520715	57587018	CTNND1	0.945509927797834
chr4	103715540	103790053	UBE2D3	0.9453971119133575
chr22	44568836	44615413	PARVG	0.945284296028881
chr15	73043710	73078187	ADPGK	0.9451714801444044
chr13	79885962	79980612	RBM26	0.9450586642599279
chr17	41132582	41145707	RUNDC1	0.9449458483754514
chr4	39460620	39479273	LIAS	0.9448330324909748
chr3	39093489	39138155	WDR48	0.9447202166064983
chr10	93388199	93392811	PPP1R3C	0.9446074007220218
chr18	55313658	55470333	ATP8B1	0.9444945848375452
chr17	7146910	7155810	CTDNEP1	0.9443817689530687
chr22	44888452	44894178	LDOC1L	0.9442689530685922
chr4	144917257	145061844	GYPB	0.9441561371841156
chr12	46123448	46301823	ARID2	0.9440433212996391
chr1	113161795	113214241	CAPZA1	0.9439305054151625
chr10	28821422	28912041	WAC	0.943817689530686
chr15	40861499	40866659	RPUSD2	0.9437048736462095
chr1	26607819	26644854	UBXN11	0.9435920577617329
chr8	17780349	17885478	PCM1	0.9434792418772564
chr9	36833272	37034103	PAX5	0.9433664259927799
chr3	8817088	9005457	RAD18	0.9432536101083033
chr1	6694228	6761984	DNAJC11	0.9431407942238268
chr2	48667737	48742525	PPP1R21	0.9430279783393503
chr6	158530536	158589312	SERAC1	0.9429151624548737
chr18	45357922	45457515	SMAD2	0.9428023465703972
chr14	50087489	50090198	MGAT2	0.9426895306859207
chr3	57611184	57678816	DENND6A	0.9425767148014441
chr15	45694529	45713617	SPATA5L1	0.9424638989169676
chr16	19714902	19729557	KNOP1	0.942351083032491
chr19	50168823	50177173	BCL2L12	0.9422382671480145
chr3	44771088	44778575	ZNF501	0.942125451263538
chr13	46528600	46626894	ZC3H13	0.9420126353790614
chr4	139085251	139163503	SLC7A11	0.9418998194945849
chr15	57210821	57591479	TCF12	0.9417870036101084
chr6	87862551	87973914	ZNF292	0.9416741877256318
chr9	133539981	133558368	PRDM12	0.9415613718411553
chr15	38544527	38649450	SPRED1	0.9414485559566788
chr10	115939029	115992063	TDRD1	0.9413357400722022
chr2	208693027	208890284	PLEKHM3	0.9412229241877257
chr1	27705666	27709870	CD164L2	0.9411101083032491
chr14	75548822	75594047	NEK9	0.9409972924187726
chr5	76986991	77164604	TBCA	0.9408844765342961
chr10	98277866	98347209	TM9SF3	0.9407716606498195
chr14	68048672	68067004	PIGH	0.940658844765343
chr6	157099063	157531913	ARID1B	0.9405460288808665
chr6	131456806	131604675	AKAP7	0.9404332129963899
chr3	52744800	52804965	NEK4	0.9403203971119134
chr3	51895645	51897440	IQCF2	0.9402075812274369
chr4	4861393	4865663	MSX1	0.9400947653429603
chr6	116571151	116575261	TSPYL4	0.9399819494584838
chr10	105889646	105992120	WDR96	0.9398691335740073
chr16	67678822	67691472	RLTPR	0.9397563176895307
chr1	6051526	6161253	KCNAB2	0.9396435018050542
chr11	12695969	12966298	TEAD1	0.9395306859205776
chr4	123073488	123283913	KIAA1109	0.9394178700361011
chr18	9913999	9960018	VAPA	0.9393050541516246
chr22	46639908	46646576	CDPF1	0.939192238267148
chr22	44275558	44287893	PNPLA5	0.9390794223826715
chr6	138724668	138743334	HEBP2	0.938966606498195
chr15	81239667	81282219	MESDC2	0.9388537906137184
chr12	46312914	46385903	SCAF11	0.9387409747292419
chr22	29999545	30094587	NF2	0.9386281588447654
chr8	7705398	7726389	SPAG11A	0.9385153429602888
chr10	134351324	134596979	INPP5A	0.9384025270758123
chr12	51674822	51718452	BIN2	0.9382897111913358
chrX	100877787	100882833	ARMCX3	0.9381768953068592
chr14	103243813	103377837	TRAF3	0.9380640794223827
chrX	44732757	44971847	KDM6A	0.9379512635379061
chr3	73045936	73118350	PPP4R2	0.9378384476534296
chr9	123940415	123985292	RAB14	0.9377256317689531
chr13	46108657	46189874	FAM194B	0.9376128158844765
chr22	32783569	32808242	RTCB	0.9375
chr10	103338639	103348027	POLL	0.9373871841155235
chr11	1618409	1619524	KRTAP5-2	0.9372743682310469
chr2	170386259	170430385	FASTKD1	0.9371615523465704
chr6	93949738	94129265	EPHA7	0.9370487364620939
chr16	85645015	85709810	GSE1	0.9369359205776173
chr10	128933694	128994422	FAM196A	0.9368231046931408
chr16	71671738	71758604	PHLPP2	0.9367102888086642
chrX	24001837	24045303	KLHL15	0.9365974729241877
chrX	53220503	53254604	KDM5C	0.9364846570397112
chr17	29421945	29709134	NF1	0.9363718411552346
chr2	75273590	75426826	TACR1	0.9362590252707581
chr9	98205262	98279339	PTCH1	0.9361462093862816
chr2	70436576	70475792	TIA1	0.936033393501805
chr6	84562985	84567234	RIPPLY2	0.9359205776173285
chr5	79950467	80172279	MSH3	0.935807761732852
chr16	50775961	50835846	CYLD	0.9356949458483754
chr16	57290004	57318599	PLLP	0.9355821299638989
chr11	3692313	3819022	NUP98	0.9354693140794224
chr13	53277399	53313947	LECT1	0.9353564981949458
chr15	40886218	40956540	CASC5	0.9352436823104693
chr10	69681665	69835105	HERC4	0.9351308664259927
chr11	116714118	116969153	SIK3	0.9350180505415162
chr6	32546546	32557625	HLA-DRB1	0.9349052346570397
chr11	61727190	61735132	FTH1	0.9347924187725631
chr2	170648443	170668574	SSB	0.9346796028880866
chr12	115108059	115121969	TBX3	0.9345667870036101
chrX	70435044	70445366	GJB1	0.9344539711191338
chrY	4868267	5610265	PCDH11Y	0.9343411552346572
chr9	36036430	36124448	RECK	0.9342283393501807
chr10	99609996	99631337	GOLGA7B	0.9341155234657041
chr14	45672393	45722743	MIS18BP1	0.9340027075812276
chr11	64570982	64578766	MEN1	0.9338898916967511
chr10	77360998	78319925	C10orf11	0.9337770758122745
chr6	110712974	110736765	DDO	0.933664259927798
chr21	31859362	31859755	KRTAP19-2	0.9335514440433215
chr6	33161365	33168630	RXRB	0.9334386281588449
chr9	115142217	115234690	HSDL2	0.9333258122743684
chr2	203070903	203103331	SUMO1	0.9332129963898919
chr1	21835858	21904905	ALPL	0.9331001805054153
chr1	95699711	95712781	RWDD3	0.9329873646209388
chr12	112464500	112546826	NAA25	0.9328745487364623
chr2	242254515	242293442	SEPT2	0.9327617328519857
chr16	68263014	68272005	ESRP2	0.9326489169675092
chr15	42783431	42837547	SNAP23	0.9325361010830326
chr2	25600067	25896503	DTNB	0.9324232851985561
chr14	94517266	94547591	DDX24	0.9323104693140796
chr22	36134783	36424473	RBFOX2	0.932197653429603
chr15	31196055	31235311	FAN1	0.9320848375451265
chr19	51525472	51531295	KLK11	0.93197202166065
chr15	30916697	31065196	ARHGAP11B	0.9318592057761734
chr16	88636789	88698374	ZC3H18	0.9317463898916969
chr15	45722727	45740959	C15orf48	0.9316335740072204
chr5	128795958	129074376	ADAMTS19	0.9315207581227438
chr16	67423712	67427438	TPPP3	0.9314079422382673
chr9	139632619	139637808	LCN10	0.9312951263537907
chr22	50311815	50321188	CRELD2	0.9311823104693142
chr3	48555117	48599448	PFKFB4	0.9310694945848377
chr7	139026106	139107345	LUC7L2	0.9309566787003611
chr22	38864067	38879452	KDELR3	0.9308438628158846
chr2	150426148	150444330	MMADHC	0.9307310469314081
chr8	22022249	22069839	BMP1	0.9306182310469315
chr15	43920701	43960316	CATSPER2	0.930505415162455
chr15	59171244	59225852	SLTM	0.9303925992779785
chr19	44616334	44637027	ZNF225	0.9302797833935019
chr5	130759614	130970929	RAPGEF6	0.9301669675090254
chr3	48413709	48442666	FBXW12	0.9300541516245489
chr2	181831975	181941312	UBE2E3	0.9299413357400723
chr1	24018269	24022915	RPL11	0.9298285198555958
chr2	110371911	110376563	SOWAHC	0.9297157039711192
chr15	49447853	49660066	GALK2	0.9296028880866427
chrX	13587724	13651694	EGFL6	0.9294900722021662
chr16	70323566	70369186	DDX19B	0.9293772563176896
chr16	87417601	87438385	MAP1LC3B	0.9292644404332131
chrX	37639264	37672714	CYBB	0.9291516245487366
chr2	207024309	207027652	EEF1B2	0.92903880866426
chr19	17160539	17186435	HAUS8	0.9289259927797835
chr9	74526426	74600970	C9orf85	0.928813176895307
chr10	64133951	64431771	ZNF365	0.9287003610108304
chr15	43622872	43646096	ADAL	0.9285875451263539
chr2	113587328	113594480	IL1B	0.9284747292418774
chr19	2425622	2427892	TIMM13	0.9283619133574008
chr11	6624961	6632102	ILK	0.9282490974729243
chr4	142944313	143768585	INPP4B	0.9281362815884477
chr14	71374122	71582099	PCNX	0.9280234657039712
chr16	81348557	81424489	GAN	0.9279106498194947
chr10	105348285	105615301	SH3PXD2A	0.9277978339350181
chr2	28112808	28561768	BRE	0.9276850180505416
chr21	32119112	32119551	KRTAP21-2	0.9275722021660651
chr3	52435029	52444366	BAP1	0.9274593862815885
chr10	96075004	96122716	NOC3L	0.927346570397112
chrX	123094062	123556514	STAG2	0.9272337545126355
chr2	85581517	85618875	ELMOD3	0.9271209386281589
chr12	99038919	99129204	APAF1	0.9270081227436824
chr13	51483814	51544592	RNASEH2B	0.9268953068592058
chr6	31674640	31685581	LY6G6F	0.9267824909747293
chr2	74785010	74875465	M1AP	0.9266696750902528
chr5	145583113	145718814	RBM27	0.9265568592057762
chr16	66586466	66600154	CKLF	0.9264440433212997
chr10	93170096	93274586	HECTD2	0.9263312274368232
chr11	125616188	125619762	PATE1	0.9262184115523466
chr4	159122756	159176563	TMEM144	0.9261055956678701
chr18	57567180	57571538	PMAIP1	0.9259927797833936
chr2	61293006	61391960	KIAA1841	0.925879963898917
chr10	27793197	27831143	RAB18	0.9257671480144405
chr10	118305443	118327367	PNLIP	0.925654332129964
chr6	137518621	137540586	IFNGR1	0.9255415162454874
chr5	78073032	78281910	ARSB	0.9254287003610109
chr2	74685456	74688018	WBP1	0.9253158844765343
chr4	40751914	40812002	NSUN7	0.9252030685920578
chr2	202098166	202152434	CASP8	0.9250902527075813
chr2	220363589	220371710	GMPPA	0.9249774368231047
chr12	57914493	57923931	MBD6	0.9248646209386282
chr4	83821837	83841122	THAP9	0.9247518050541517
chr10	103989943	104001231	PITX3	0.9246389891696751
chr9	116037623	116055185	PRPF4	0.9245261732851986
chr22	45739944	45809500	SMC1B	0.9244133574007221
chr4	109571740	109588976	OSTC	0.9243005415162455
chr2	102313312	102511149	MAP4K4	0.924187725631769
chr10	14861249	14880574	CDNF	0.9240749097472925
chr19	6413359	6424805	KHSRP	0.9239620938628159
chr12	121416346	121440315	HNF1A	0.9238492779783394
chr10	70587298	70655188	STOX1	0.9237364620938628
chr12	53894705	53900215	TARBP2	0.9236236462093863
chr10	114710009	114927437	TCF7L2	0.9235108303249098
chr11	6496910	6502666	ARFIP2	0.9233980144404332
chr22	37966255	37978623	LGALS2	0.9232851985559567
chr3	119187785	119213555	POGLUT1	0.9231723826714802
chr4	7432022	7436700	PSAPL1	0.9230595667870036
chr19	49999622	50002946	RPS11	0.9229467509025271
chr11	124966398	124981659	TMEM218	0.9228339350180506
chr2	74153953	74186088	DGUOK	0.922721119133574
chr10	91152303	91163745	IFIT1	0.9226083032490975
chr17	43002077	43025082	KIF18B	0.922495487364621
chr6	84833960	84937353	KIAA1009	0.9223826714801444
chr4	128544426	128647892	INTU	0.9222698555956679
chr9	88879461	88897676	ISCA1	0.9221570397111913
chrX	67262186	67653755	OPHN1	0.9220442238267148
chr2	205410516	206484886	PARD3B	0.9219314079422383
chr14	58862634	58875419	TOMM20L	0.9218185920577617
chr15	75661720	75748183	SIN3A	0.9217057761732852
chr15	45409569	45422136	DUOXA1	0.9215929602888087
chr3	30647994	30735634	TGFBR2	0.9214801444043321
chr9	114448453	114557288	C9orf84	0.9213673285198556
chr1	40974413	40982228	EXO5	0.921254512635379
chr1	109512836	109584850	WDR47	0.9211416967509025
chr3	43020759	43101703	FAM198A	0.921028880866426
chr4	70454135	70518965	UGT2A1	0.9209160649819494
chr1	51426417	51440305	CDKN2C	0.9208032490974729
chr11	19138646	19197969	ZDHHC13	0.9206904332129964
chr4	76439156	76475683	THAP6	0.9205776173285198
chr2	201675317	201688569	BZW1	0.9204648014440433
chr11	9685624	9774538	SWAP70	0.9203519855595668
chr10	102047903	102090243	PKD2L1	0.9202391696750902
chr14	23842018	23845612	IL25	0.9201263537906137
chr18	29339525	29340843	SLC25A52	0.9200135379061372
chr10	124030821	124097677	BTBD16	0.9199007220216606
chr14	24834879	24848810	NFATC4	0.9197879061371841
chr11	110447766	110583912	ARHGAP20	0.9196750902527075
chr3	50712672	51421629	DOCK3	0.919562274368231
chr17	44107282	44302733	KANSL1	0.9194494584837545
chr5	65222303	65378377	ERBB2IP	0.9193366425992779
chr1	26126667	26144713	SEPN1	0.9192238267148014
chr2	86066267	86116137	ST3GAL5	0.9191110108303249
chr10	95066186	95242074	MYOF	0.9189981949458483
chr11	125646008	125648714	PATE2	0.9188853790613718
chr15	32907345	32932150	ARHGAP11A	0.9187725631768955
chr3	9404526	9428475	THUMPD3	0.918659747292419
chr17	15932471	16121499	NCOR1	0.9185469314079424
chr19	48248779	48260315	GLTSCR2	0.9184341155234659
chr3	47455203	47518616	SCAP	0.9183212996389893
chr3	57741177	57914895	SLMAP	0.9182084837545128
chr14	71047974	71067384	MED6	0.9180956678700363
chr4	15606162	15683302	FBXL5	0.9179828519855597
chr2	233414762	233448354	EIF4E2	0.9178700361010832
chr9	86274878	86323118	UBQLN1	0.9177572202166067
chr6	74171301	74218959	MTO1	0.9176444043321301
chr5	123972608	124084500	ZNF608	0.9175315884476536
chr6	107018903	107077373	RTN4IP1	0.917418772563177
chr2	39963200	40006407	THUMPD2	0.9173059566787005
chr6	127840600	127912962	C6orf58	0.917193140794224
chr11	809647	812880	RPLP2	0.9170803249097474
chr5	78907943	78982471	PAPD4	0.9169675090252709
chr9	125560668	125590910	PDCL	0.9168546931407944
chr3	15296360	15382875	SH3BP5	0.9167418772563178
chr19	2071037	2096672	MOB3A	0.9166290613718413
chr8	30435835	30515768	GTF2E2	0.9165162454873648
chr2	95691422	95719737	MAL	0.9164034296028882
chr19	58856544	58864865	A1BG	0.9162906137184117
chr6	49976851	49989694	DEFB110	0.9161777978339352
chr10	22045466	22292698	DNAJC1	0.9160649819494586
chr2	86333305	86369280	PTCD3	0.9159521660649821
chr4	23756664	23905712	PPARGC1A	0.9158393501805056
chr6	83777385	83881069	DOPEY1	0.915726534296029
chr9	99794940	99801925	CTSV	0.9156137184115525
chr6	131895106	131949369	MED23	0.9155009025270759
chr4	165995574	166129701	TMEM192	0.9153880866425994
chr4	184239220	184241927	CLDN22	0.9152752707581229
chr12	133264192	133297276	PXMP2	0.9151624548736463
chr8	22477931	22526661	BIN3	0.9150496389891698
chr4	154701744	154710272	SFRP2	0.9149368231046933
chr16	84402133	84497793	ATP2C2	0.9148240072202167
chr16	29817427	29823649	MAZ	0.9147111913357402
chr1	11126675	11159938	EXOSC10	0.9145983754512637
chr6	76458909	76629254	MYO6	0.9144855595667871
chr11	62599814	62609281	WDR74	0.9143727436823106
chrX	119658464	119709649	CUL4B	0.914259927797834
chr6	90277863	90348472	LYRM2	0.9141471119133575
chr17	11144580	11467380	SHISA6	0.914034296028881
chr10	50887697	50918307	C10orf53	0.9139214801444044
chr16	67596310	67673086	CTCF	0.9138086642599279
chr22	35695268	35743985	TOM1	0.9136958483754514
chr11	47440320	47447993	PSMC3	0.9135830324909748
chr7	97843936	97881563	TECPR1	0.9134702166064983
chr22	29950797	29977326	NIPSNAP1	0.9133574007220218
chr13	37393361	37403241	RFXAP	0.9132445848375452
chr19	1505017	1513603	ADAMTSL5	0.9131317689530687
chr9	111629797	111696396	IKBKAP	0.9130189530685922
chr14	54976530	55005567	CGRRF1	0.9129061371841156
chr6	88757507	88776550	SPACA1	0.9127933212996391
chr11	134118173	134123264	THYN1	0.9126805054151625
chr11	64373646	64490660	NRXN2	0.912567689530686
chr12	85408094	85430055	TSPAN19	0.9124548736462095
chr17	45771447	45789416	TBKBP1	0.9123420577617329
chr17	7494548	7518189	FXR2	0.9122292418772564
chr12	48577366	48579709	C12orf68	0.9121164259927799
chr6	129204342	129837714	LAMA2	0.9120036101083033
chrX	23801290	23804343	SAT1	0.9118907942238268
chr16	85007787	85045141	ZDHHC7	0.9117779783393503
chr2	230628554	230787955	TRIP12	0.9116651624548737
chr5	95860971	96115299	CAST	0.9115523465703972
chr10	93806449	94050844	CPEB3	0.9114395306859207
chr4	128838960	128887150	MFSD8	0.9113267148014441
chr18	61616535	61649008	HMSD	0.9112138989169676
chr3	48956254	49023815	ARIH2	0.911101083032491
chr19	10397643	10399198	ICAM4	0.9109882671480145
chr5	147405246	147516852	SPINK5	0.910875451263538
chr6	90036344	90062567	UBE2J1	0.9107626353790614
chr1	16174359	16266955	SPEN	0.9106498194945849
chr15	72406599	72433311	SENP8	0.9105370036101084
chr17	19118928	19240028	EPN2	0.9104241877256318
chrX	52841228	52847325	XAGE5	0.9103113718411553
chr4	185676749	185747972	ACSL1	0.9101985559566788
chr19	1026298	1039068	CNN2	0.9100857400722022
chr10	91190051	91316398	SLC16A12	0.9099729241877257
chr4	76503215	76555900	CDKL2	0.9098601083032491
chr2	74229840	74335303	TET3	0.9097472924187726
chr13	50069746	50103123	PHF11	0.9096344765342961
chr16	86563782	86588841	MTHFSD	0.9095216606498195
chr10	8095567	8117161	GATA3	0.909408844765343
chr22	45704849	45737836	FAM118A	0.9092960288808665
chr2	74362525	74375121	BOLA3	0.9091832129963899
chr12	103631369	103889749	C12orf42	0.9090703971119134
chr5	56111401	56191979	MAP3K1	0.9089575812274369
chr2	232063260	232239548	ARMC9	0.9088447653429603
chr14	74111578	74170435	DNAL1	0.9087319494584838
chr4	186320694	186347139	UFSP2	0.9086191335740073
chr18	56995055	57027194	LMAN1	0.9085063176895307
chr2	71409869	71454213	PAIP2B	0.9083935018050542
chr11	64002010	64006259	VEGFB	0.9082806859205776
chr6	29909037	29913661	HLA-A	0.9081678700361011
chr2	128603840	128615731	POLR2D	0.9080550541516246
chr2	231280657	231408805	SP100	0.907942238267148
chr6	84569362	84677143	CYB5R4	0.9078294223826715
chr19	18683030	18718551	CRLF1	0.907716606498195
chr11	62559595	62573774	NXF1	0.9076037906137184
chr10	89511269	89601100	ATAD1	0.9074909747292419
chr2	202565277	202645912	ALS2	0.9073781588447654
chr4	166248775	166264312	MSMO1	0.9072653429602888
chr11	134123389	134135749	ACAD8	0.9071525270758123
chr19	55964352	55973710	ISOC2	0.9070397111913358
chr2	70124820	70170077	MXD1	0.9069268953068592
chr11	64083932	64085556	TRMT112	0.9068140794223827
chr16	68771128	68869451	CDH1	0.9067012635379061
chr17	7214643	7218883	GPS2	0.9065884476534296
chr4	1723227	1746898	TACC3	0.9064756317689531
chr14	23990066	24025401	ZFHX2	0.9063628158844765
chr5	140026643	140042064	IK	0.90625
chr19	7696497	7698634	PCP2	0.9061371841155235
chr10	115880621	115933979	C10orf118	0.9060243682310469
chr22	42979727	43010968	POLDIP3	0.9059115523465704
chr2	85360533	85537511	TCF7L1	0.9057987364620939
chr3	13521224	13547916	HDAC11	0.9056859205776173
chrX	135930163	135962923	RBMX	0.9055731046931408
chrX	47420516	47431307	ARAF	0.9054602888086642
chr9	115983808	116028674	SLC31A1	0.9053474729241877
chr10	121588972	121652068	MCMBP	0.9052346570397112
chr17	18231187	18266856	SHMT1	0.9051218411552346
chr22	26825239	26840981	ASPHD2	0.9050090252707581
chr18	56806709	56826068	SEC11C	0.9048962093862816
chr19	3769087	3772233	RAX2	0.904783393501805
chr19	49557531	49562117	CGB7	0.9046705776173285
chr16	57792129	57896957	KIFC3	0.904557761732852
chr12	96260826	96336752	CCDC38	0.9044449458483754
chr19	4641386	4670382	C19orf10	0.9043321299638989
chr19	1383526	1395583	NDUFS7	0.9042193140794224
chr17	30264037	30328064	SUZ12	0.9041064981949458
chr3	23986751	24022109	NR1D2	0.9039936823104693
chr13	34392186	34540695	RFC3	0.9038808664259927
chr22	24129150	24176703	SMARCB1	0.9037680505415162
chr1	93297582	93307481	RPL5	0.9036552346570397
chr13	39584003	39612252	PROSER1	0.9035424187725631
chr1	110905470	110933704	SLC16A4	0.9034296028880866
chr9	133589333	133763062	ABL1	0.9033167870036101
chr15	64457716	64648442	CSNK1G1	0.9032039711191335
chr10	45495923	45500774	ZNF22	0.9030911552346572
chr10	94447945	94455403	HHEX	0.9029783393501807
chr4	88343734	88380606	NUDT9	0.9028655234657041
chr1	50905150	51425935	FAF1	0.9027527075812276
chr1	27561007	27635110	WDTC1	0.9026398916967511
chr7	123670973	123673523	TMEM229A	0.9025270758122745
chrX	20024831	20135035	MAP7D2	0.902414259927798
chr21	36160098	37376965	RUNX1	0.9023014440433215
chr11	10818597	10830657	EIF4G2	0.9021886281588449
chr17	34136459	34191619	TAF15	0.9020758122743684
chr19	46386866	46389376	IRF2BP1	0.9019629963898919
chr2	234526291	234681956	UGT1A8	0.9018501805054153
chr5	122847793	122952739	CSNK1G3	0.9017373646209388
chr11	47638867	47664175	MTCH2	0.9016245487364623
chr22	42949623	42970388	SERHL2	0.9015117328519857
chr10	104503727	104576021	WBP1L	0.9013989169675092
chrX	118602363	118605282	SLC25A5	0.9012861010830326
chr12	53001354	53012343	KRT73	0.9011732851985561
chrX	134945598	134953994	CT45A5	0.9010604693140796
chr9	82186688	82341658	TLE4	0.900947653429603
chr9	139981379	140003635	MAN1B1	0.9008348375451265
chrX	118967985	118986961	UPF3B	0.90072202166065
chr19	2977444	2995177	TLE6	0.9006092057761734
chr14	93260576	93306308	GOLGA5	0.9004963898916969
chr10	82167585	82192753	FAM213A	0.9003835740072204
chr10	32094365	32217742	ARHGAP12	0.9002707581227438
chr2	175260458	175294303	SCRN3	0.9001579422382673
