chrom	start	end	name	score
chr1	5758281	6359521	2	0.004707690196998124
chr1	7856438	8493750	15	0.001848693778551988
chr1	14711802	15089994	27	0.00783826566692451
chr1	26780389	26989453	5	0.0360271144693914
chr1	51217575	51336619	13	0.004166434384945523
chr1	93088471	93294034	11	0.003842761837314252
chr1	114725108	115702047	7	0.010875656612084254
chr10	47184277	47650133	244	0.002263203486696757
chr10	58218870	58714895	243	0.004577147159807223
chr10	77295386	77414429	251	0.00097439629278361
chr10	77918891	78043175	246	0.003087921865385505
chr10	89560990	89680033	241	0.00345420253791007
chr10	89965304	90084347	239	0.01829444473490081
chr11	39985638	40635879	287	0.0034074748127355566
chr11	45931344	46402442	264	0.003699391233458036
chr11	62685002	63185231	261	0.004073452757441143
chr11	64602254	65066589	273	0.005790713037750056
chr11	68133517	68341010	266	0.004768404123329406
chr11	72023274	72313020	289	0.0038033962296805364
chr11	75846730	76992775	279	0.0013781153842721088
chr11	83964212	84366423	284	7.832589563701576e-05
chr11	85972100	87096374	280	0.0009012019158035165
chr11	113905768	114104249	260	0.0026269745583026227
chr12	45348202	45969805	301	0.00694891364942938
chr12	52402269	53168356	310	0.005241621501331578
chr12	58096082	58747276	302	0.005017662480043969
chr12	67138261	67494262	313	0.0015281038586043814
chr12	74618787	75789025	305	0.0030208206310477544
chr12	99864342	100151810	308	1.8746486819804422e-05
chr13	32621411	32950651	321	0.0029572623033316645
chr13	48939729	49058772	318	0.017895383969137396
chr13	50860815	51455790	324	0.003180873271680807
chr14	27537653	29081983	344	0.002436995462686904
chr14	33699932	33818975	334	0.002258748699391278
chr14	40295008	40722782	337	0.003684587984327096
chr14	67168861	67652025	342	0.0023254172446712956
chr14	68742331	68861374	328	0.00040787838387446257
chr15	32159195	32278239	352	0.013676456871015062
chr15	41285416	42451276	355	0.022802410801993658
chr15	57326607	57557542	356	0.01490494740846233
chr16	53432883	54385775	371	0.048275877612124644
chr16	72508842	72677340	365	0.027358304178688512
chr16	78647303	78766346	357	0.009911230257807727
chr16	79003131	79122175	361	0.006899149854786854
chr16	83335710	83621823	372	0.028814505104680702
chr17	7514447	7633490	378	0.07619253962029825
chr17	11812452	11954002	380	0.049437169706365074
chr17	32188861	32931084	394	0.002776614342991496
chr17	37461077	37780421	392	0.001709925946939791
chr17	39069342	39414905	376	0.002128543247170485
chr17	42042144	42320075	379	0.0013693610322744081
chr17	44220411	44339454	387	0.003299220438356609
chr17	53330349	54068840	391	0.0006065482299226802
chr17	55765392	56193649	385	0.0009944285493878843
chr17	58928804	59481230	389	0.000679365391461912
chr17	70365942	70514571	393	0.0002174846036974456
chr18	24556761	25643499	400	0.014783294209123476
chr18	48538690	48667732	399	0.004755635359339382
chr19	18878316	19376690	415	0.013180587338206144
chr2	133733042	133852085	36	0.00017469343880391884
chr2	136044235	136519191	43	0.002256606418530069
chr2	141852754	141971797	29	0.005241525342793358
chr2	148743553	149033199	49	0.0014839498694012162
chr2	186890810	187009853	45	4.5207614154874806e-05
chr2	187311700	187430743	52	4.5207614154874806e-05
chr2	213742720	213861867	34	0.0018562896687218994
chr2	233842479	234065299	37	0.0007498357447917912
chr20	14912725	15031768	420	0.016159563741762962
chr22	25775753	25894796	443	0.002283873059667328
chr22	28478268	29020831	445	0.01463781742025134
chr22	29278052	29397095	440	0.0026998694397311392
chr22	33865202	34313677	441	0.013975010270326098
chr3	4298031	4566842	82	0.00433879101729765
chr3	50335869	50878720	67	0.024611309875450665
chr3	60412240	60531283	62	0.0215636427558518
chr3	71264717	71383760	69	0.04334619406628258
chr4	10020807	10139850	112	0.001257194144986811
chr4	20311739	20481287	119	0.0002996857348812346
chr4	21103783	21432337	116	0.00259948742641281
chr4	33780693	33991366	95	0.0046540805286127114
chr4	60108690	61998938	102	0.0025828740857201443
chr4	82008971	83123763	108	0.0023827608453702944
chr4	87477561	87703607	120	0.004043149726328869
chr4	91777414	91896457	94	0.003328872748832785
chr4	132708393	134560407	107	0.006200394790386097
chr4	182144814	182263857	93	0.014557776627731325
chr4	183140721	183429619	106	0.0016071286477957081
chr4	187440453	187801507	111	0.003105704059762639
chr5	56089524	56416824	138	7.859470463010341e-05
chr5	58500285	58619328	126	0.004307713530285429
chr5	59259354	59378397	122	0.021942200981675066
chr5	66644179	68066878	147	0.04432036226935875
chr5	100075960	100806984	136	0.0017421373208057875
chr5	130572420	131214333	134	0.02524735736702062
chr5	165556098	165722992	128	0.013481724083560357
chr6	68476072	69410191	162	0.002584148523659849
chr6	162662514	162781557	150	0.002790690422113556
chr6	168372497	168491540	167	0.0004939121894200874
chr7	69348739	69467782	184	0.0008019309841235893
chr7	69965189	70084232	175	5.128233953967644e-05
chr7	101503243	101887721	185	0.0011263555258415206
chr7	110399106	110518149	174	0.003495050236747975
chr7	126390050	127428332	176	0.003758753667904659
chr8	3742692	3861735	197	0.010783197679519562
chr8	22205917	23093349	194	0.038652295488132454
chr8	36071242	37065643	210	0.04257329295686722
chr8	37285837	38080166	199	0.020006350913077845
chr9	9423309	9542352	217	0.00018101602714373194
chr9	10991477	11494076	228	0.00011913247076009497
chr9	16665363	17111348	223	4.461403418119089e-05
chr9	21941390	22060433	213	6.37358535072454e-05
chr9	26270391	26679836	216	8.96970599700502e-05
chr9	28247759	28459511	225	0.00013256651246298828
chr9	31388255	32049495	222	0.00010183984392901024
chr9	131864217	133255541	238	0.02475955128539027
