931b24da-5d6d-4c2d-8de9-ef32d6eb8565	chr1	10001	3680494	0	3
931b24da-5d6d-4c2d-8de9-ef32d6eb8565	chr1	3680495	4031181	0	5
931b24da-5d6d-4c2d-8de9-ef32d6eb8565	chr1	4031182	6124741	0	3
931b24da-5d6d-4c2d-8de9-ef32d6eb8565	chr1	6124742	6190560	0	4
931b24da-5d6d-4c2d-8de9-ef32d6eb8565	chr1	6190561	10913648	0	3
931b24da-5d6d-4c2d-8de9-ef32d6eb8565	chr1	10913649	11004984	0	4
931b24da-5d6d-4c2d-8de9-ef32d6eb8565	chr1	11004985	15355406	0	3
931b24da-5d6d-4c2d-8de9-ef32d6eb8565	chr1	15355407	15391760	0	5
931b24da-5d6d-4c2d-8de9-ef32d6eb8565	chr1	15391761	33283186	0	2
931b24da-5d6d-4c2d-8de9-ef32d6eb8565	chr1	33283187	43375377	1	2
931b24da-5d6d-4c2d-8de9-ef32d6eb8565	chr1	43375378	43676645	2	2
931b24da-5d6d-4c2d-8de9-ef32d6eb8565	chr1	43676646	61032263	1	2
931b24da-5d6d-4c2d-8de9-ef32d6eb8565	chr1	61032264	61197241	2	3
931b24da-5d6d-4c2d-8de9-ef32d6eb8565	chr1	61197242	62586158	1	3
931b24da-5d6d-4c2d-8de9-ef32d6eb8565	chr1	62586159	64080772	1	2
931b24da-5d6d-4c2d-8de9-ef32d6eb8565	chr1	64080773	74675870	2	2
931b24da-5d6d-4c2d-8de9-ef32d6eb8565	chr1	74675871	81171545	1	2
931b24da-5d6d-4c2d-8de9-ef32d6eb8565	chr1	81171546	82565861	2	2
931b24da-5d6d-4c2d-8de9-ef32d6eb8565	chr1	82565862	98999587	1	2
931b24da-5d6d-4c2d-8de9-ef32d6eb8565	chr1	98999588	115432166	2	2
931b24da-5d6d-4c2d-8de9-ef32d6eb8565	chr1	115432167	118722876	1	2
931b24da-5d6d-4c2d-8de9-ef32d6eb8565	chr1	118722877	150480605	2	2
931b24da-5d6d-4c2d-8de9-ef32d6eb8565	chr1	150480606	150551097	3	2
931b24da-5d6d-4c2d-8de9-ef32d6eb8565	chr1	150551098	151241749	2	2
931b24da-5d6d-4c2d-8de9-ef32d6eb8565	chr1	151241750	151315506	3	2
931b24da-5d6d-4c2d-8de9-ef32d6eb8565	chr1	151315507	153602710	2	2
931b24da-5d6d-4c2d-8de9-ef32d6eb8565	chr1	153602711	153606372	2	3
931b24da-5d6d-4c2d-8de9-ef32d6eb8565	chr1	153606373	153670142	3	3
931b24da-5d6d-4c2d-8de9-ef32d6eb8565	chr1	153670143	158093072	2	2
931b24da-5d6d-4c2d-8de9-ef32d6eb8565	chr1	158093073	158093778	1	3
931b24da-5d6d-4c2d-8de9-ef32d6eb8565	chr1	158093779	158152365	1	2
931b24da-5d6d-4c2d-8de9-ef32d6eb8565	chr1	158152366	159776914	3	3
931b24da-5d6d-4c2d-8de9-ef32d6eb8565	chr1	159776915	159821424	8	2
931b24da-5d6d-4c2d-8de9-ef32d6eb8565	chr1	159821425	161613924	5	3
931b24da-5d6d-4c2d-8de9-ef32d6eb8565	chr1	161613925	162912159	3	3
931b24da-5d6d-4c2d-8de9-ef32d6eb8565	chr1	162912160	162979874	4	4
931b24da-5d6d-4c2d-8de9-ef32d6eb8565	chr1	162979875	164295140	2	2
931b24da-5d6d-4c2d-8de9-ef32d6eb8565	chr1	164295141	164890231	3	2
931b24da-5d6d-4c2d-8de9-ef32d6eb8565	chr1	164890232	166984857	2	2
931b24da-5d6d-4c2d-8de9-ef32d6eb8565	chr1	166984858	167058416	3	3
931b24da-5d6d-4c2d-8de9-ef32d6eb8565	chr1	167058417	167684672	2	2
931b24da-5d6d-4c2d-8de9-ef32d6eb8565	chr1	167684673	172509729	0	3
931b24da-5d6d-4c2d-8de9-ef32d6eb8565	chr1	172509730	175293470	0	2
931b24da-5d6d-4c2d-8de9-ef32d6eb8565	chr1	175293471	175354658	0	3
931b24da-5d6d-4c2d-8de9-ef32d6eb8565	chr1	175354659	183574777	0	2
931b24da-5d6d-4c2d-8de9-ef32d6eb8565	chr1	183574778	194968154	0	3
931b24da-5d6d-4c2d-8de9-ef32d6eb8565	chr1	194968155	194971044	1	2
931b24da-5d6d-4c2d-8de9-ef32d6eb8565	chr1	194971045	196386228	0	3
931b24da-5d6d-4c2d-8de9-ef32d6eb8565	chr1	196386229	196387000	0	2
931b24da-5d6d-4c2d-8de9-ef32d6eb8565	chr1	196387001	196615238	0	3
931b24da-5d6d-4c2d-8de9-ef32d6eb8565	chr1	196615239	196823551	0	2
931b24da-5d6d-4c2d-8de9-ef32d6eb8565	chr1	196823552	196870564	0	5
931b24da-5d6d-4c2d-8de9-ef32d6eb8565	chr1	196870565	209333010	0	3
931b24da-5d6d-4c2d-8de9-ef32d6eb8565	chr1	209333011	211143341	0	2
931b24da-5d6d-4c2d-8de9-ef32d6eb8565	chr1	211143342	215079016	0	3
931b24da-5d6d-4c2d-8de9-ef32d6eb8565	chr1	215079017	215672208	0	4
931b24da-5d6d-4c2d-8de9-ef32d6eb8565	chr1	215672209	215720841	0	5
931b24da-5d6d-4c2d-8de9-ef32d6eb8565	chr1	215720842	232198431	0	4
931b24da-5d6d-4c2d-8de9-ef32d6eb8565	chr1	232198432	232232733	0	6
931b24da-5d6d-4c2d-8de9-ef32d6eb8565	chr1	232232734	249250620	0	4
931b24da-5d6d-4c2d-8de9-ef32d6eb8565	chr2	20016	2049964	0	4
931b24da-5d6d-4c2d-8de9-ef32d6eb8565	chr2	2049965	7926527	0	3
931b24da-5d6d-4c2d-8de9-ef32d6eb8565	chr2	7926528	9429473	0	2
931b24da-5d6d-4c2d-8de9-ef32d6eb8565	chr2	9429474	18547542	0	1
931b24da-5d6d-4c2d-8de9-ef32d6eb8565	chr2	18547543	18703358	1	1
931b24da-5d6d-4c2d-8de9-ef32d6eb8565	chr2	18703359	20631838	0	1
931b24da-5d6d-4c2d-8de9-ef32d6eb8565	chr2	20631839	23932460	1	1
931b24da-5d6d-4c2d-8de9-ef32d6eb8565	chr2	23932461	26368210	0	1
931b24da-5d6d-4c2d-8de9-ef32d6eb8565	chr2	26368211	28248633	0	2
931b24da-5d6d-4c2d-8de9-ef32d6eb8565	chr2	28248634	28279482	0	5
931b24da-5d6d-4c2d-8de9-ef32d6eb8565	chr2	28279483	29490699	0	2
931b24da-5d6d-4c2d-8de9-ef32d6eb8565	chr2	29490700	41311594	0	1
931b24da-5d6d-4c2d-8de9-ef32d6eb8565	chr2	41311595	49482168	1	1
931b24da-5d6d-4c2d-8de9-ef32d6eb8565	chr2	49482169	51002680	1	2
931b24da-5d6d-4c2d-8de9-ef32d6eb8565	chr2	51002681	51019122	2	2
931b24da-5d6d-4c2d-8de9-ef32d6eb8565	chr2	51019123	68091883	1	2
931b24da-5d6d-4c2d-8de9-ef32d6eb8565	chr2	68091884	68144558	0	3
931b24da-5d6d-4c2d-8de9-ef32d6eb8565	chr2	68144559	90499999	1	2
931b24da-5d6d-4c2d-8de9-ef32d6eb8565	chr2	96800000	106269269	0	2
931b24da-5d6d-4c2d-8de9-ef32d6eb8565	chr2	106269270	115036476	1	2
931b24da-5d6d-4c2d-8de9-ef32d6eb8565	chr2	115036477	123439511	0	2
931b24da-5d6d-4c2d-8de9-ef32d6eb8565	chr2	123439512	123483188	0	3
931b24da-5d6d-4c2d-8de9-ef32d6eb8565	chr2	123483189	126821068	0	2
931b24da-5d6d-4c2d-8de9-ef32d6eb8565	chr2	126821069	127477855	0	3
931b24da-5d6d-4c2d-8de9-ef32d6eb8565	chr2	127477856	127804325	0	5
931b24da-5d6d-4c2d-8de9-ef32d6eb8565	chr2	127804326	132361472	0	4
931b24da-5d6d-4c2d-8de9-ef32d6eb8565	chr2	132361473	150984028	0	3
931b24da-5d6d-4c2d-8de9-ef32d6eb8565	chr2	150984029	150985401	0	0
931b24da-5d6d-4c2d-8de9-ef32d6eb8565	chr2	150985402	162047042	0	3
931b24da-5d6d-4c2d-8de9-ef32d6eb8565	chr2	162047043	166531734	0	2
931b24da-5d6d-4c2d-8de9-ef32d6eb8565	chr2	166531735	172735450	0	3
931b24da-5d6d-4c2d-8de9-ef32d6eb8565	chr2	172735451	172791830	0	4
931b24da-5d6d-4c2d-8de9-ef32d6eb8565	chr2	172791831	179225210	0	3
931b24da-5d6d-4c2d-8de9-ef32d6eb8565	chr2	179225211	179318332	0	4
931b24da-5d6d-4c2d-8de9-ef32d6eb8565	chr2	179318333	202887730	0	3
931b24da-5d6d-4c2d-8de9-ef32d6eb8565	chr2	202887731	202920737	0	4
931b24da-5d6d-4c2d-8de9-ef32d6eb8565	chr2	202920738	207780997	0	3
931b24da-5d6d-4c2d-8de9-ef32d6eb8565	chr2	207780998	207782745	0	2
931b24da-5d6d-4c2d-8de9-ef32d6eb8565	chr2	207782746	222504144	0	3
931b24da-5d6d-4c2d-8de9-ef32d6eb8565	chr2	222504145	222937187	0	2
931b24da-5d6d-4c2d-8de9-ef32d6eb8565	chr2	222937188	223923281	0	3
931b24da-5d6d-4c2d-8de9-ef32d6eb8565	chr2	223923282	223925478	0	2
931b24da-5d6d-4c2d-8de9-ef32d6eb8565	chr2	223925479	227433224	0	3
931b24da-5d6d-4c2d-8de9-ef32d6eb8565	chr2	227433225	231449523	1	0
931b24da-5d6d-4c2d-8de9-ef32d6eb8565	chr2	231449524	233022234	0	3
931b24da-5d6d-4c2d-8de9-ef32d6eb8565	chr2	233022235	236704123	0	1
931b24da-5d6d-4c2d-8de9-ef32d6eb8565	chr2	236704124	237669545	0	3
931b24da-5d6d-4c2d-8de9-ef32d6eb8565	chr2	237669546	237671241	1	2
931b24da-5d6d-4c2d-8de9-ef32d6eb8565	chr2	237671242	239304413	0	3
931b24da-5d6d-4c2d-8de9-ef32d6eb8565	chr2	239304414	240891046	1	0
931b24da-5d6d-4c2d-8de9-ef32d6eb8565	chr2	240891047	240967711	0	3
931b24da-5d6d-4c2d-8de9-ef32d6eb8565	chr2	240967712	240989232	0	5
931b24da-5d6d-4c2d-8de9-ef32d6eb8565	chr2	240989233	242961919	0	3
931b24da-5d6d-4c2d-8de9-ef32d6eb8565	chr3	44276	2257867	1	2
931b24da-5d6d-4c2d-8de9-ef32d6eb8565	chr3	2257868	13539723	2	2
931b24da-5d6d-4c2d-8de9-ef32d6eb8565	chr3	13539724	13580001	3	3
931b24da-5d6d-4c2d-8de9-ef32d6eb8565	chr3	13580002	22870393	2	2
931b24da-5d6d-4c2d-8de9-ef32d6eb8565	chr3	22870394	22923414	3	3
931b24da-5d6d-4c2d-8de9-ef32d6eb8565	chr3	22923415	22994974	2	2
931b24da-5d6d-4c2d-8de9-ef32d6eb8565	chr3	22994975	27804286	1	2
931b24da-5d6d-4c2d-8de9-ef32d6eb8565	chr3	27804287	37189424	1	1
931b24da-5d6d-4c2d-8de9-ef32d6eb8565	chr3	37189425	69421199	1	2
931b24da-5d6d-4c2d-8de9-ef32d6eb8565	chr3	69421200	69870659	2	2
931b24da-5d6d-4c2d-8de9-ef32d6eb8565	chr3	69870660	70318251	1	2
931b24da-5d6d-4c2d-8de9-ef32d6eb8565	chr3	70318252	99398550	2	2
931b24da-5d6d-4c2d-8de9-ef32d6eb8565	chr3	99398551	99414217	3	3
931b24da-5d6d-4c2d-8de9-ef32d6eb8565	chr3	99414218	106266348	2	2
931b24da-5d6d-4c2d-8de9-ef32d6eb8565	chr3	106266349	106280447	3	2
931b24da-5d6d-4c2d-8de9-ef32d6eb8565	chr3	106280448	107625098	2	2
931b24da-5d6d-4c2d-8de9-ef32d6eb8565	chr3	107625099	107797987	3	3
931b24da-5d6d-4c2d-8de9-ef32d6eb8565	chr3	107797988	108550086	2	2
931b24da-5d6d-4c2d-8de9-ef32d6eb8565	chr3	108550087	108550115	2	3
931b24da-5d6d-4c2d-8de9-ef32d6eb8565	chr3	108550116	108738461	2	4
931b24da-5d6d-4c2d-8de9-ef32d6eb8565	chr3	108738462	109402346	2	3
931b24da-5d6d-4c2d-8de9-ef32d6eb8565	chr3	109402347	111702199	2	2
931b24da-5d6d-4c2d-8de9-ef32d6eb8565	chr3	111702200	111737119	5	2
931b24da-5d6d-4c2d-8de9-ef32d6eb8565	chr3	111737120	112048370	3	3
931b24da-5d6d-4c2d-8de9-ef32d6eb8565	chr3	112048371	114358038	3	2
931b24da-5d6d-4c2d-8de9-ef32d6eb8565	chr3	114358039	115624746	3	3
931b24da-5d6d-4c2d-8de9-ef32d6eb8565	chr3	115624747	115718268	1	2
931b24da-5d6d-4c2d-8de9-ef32d6eb8565	chr3	115718269	118565240	3	3
931b24da-5d6d-4c2d-8de9-ef32d6eb8565	chr3	118565241	118584079	2	6
931b24da-5d6d-4c2d-8de9-ef32d6eb8565	chr3	118584080	121777029	2	2
931b24da-5d6d-4c2d-8de9-ef32d6eb8565	chr3	121777030	141447106	1	2
931b24da-5d6d-4c2d-8de9-ef32d6eb8565	chr3	141447107	146466767	1	1
931b24da-5d6d-4c2d-8de9-ef32d6eb8565	chr3	146466768	146489747	1	2
931b24da-5d6d-4c2d-8de9-ef32d6eb8565	chr3	146489748	160012378	1	1
931b24da-5d6d-4c2d-8de9-ef32d6eb8565	chr3	160012379	163467922	1	3
931b24da-5d6d-4c2d-8de9-ef32d6eb8565	chr3	163467923	164480704	2	2
931b24da-5d6d-4c2d-8de9-ef32d6eb8565	chr3	164480705	165520148	3	2
931b24da-5d6d-4c2d-8de9-ef32d6eb8565	chr3	165520149	171641947	2	2
931b24da-5d6d-4c2d-8de9-ef32d6eb8565	chr3	171641948	171643201	1	2
931b24da-5d6d-4c2d-8de9-ef32d6eb8565	chr3	171643202	172155951	2	2
931b24da-5d6d-4c2d-8de9-ef32d6eb8565	chr3	172155952	172173476	2	0
931b24da-5d6d-4c2d-8de9-ef32d6eb8565	chr3	172173477	172722924	2	2
931b24da-5d6d-4c2d-8de9-ef32d6eb8565	chr3	172722925	173050680	3	3
931b24da-5d6d-4c2d-8de9-ef32d6eb8565	chr3	173050681	175492826	4	2
931b24da-5d6d-4c2d-8de9-ef32d6eb8565	chr3	175492827	175527381	5	0
931b24da-5d6d-4c2d-8de9-ef32d6eb8565	chr3	175527382	185660946	4	2
931b24da-5d6d-4c2d-8de9-ef32d6eb8565	chr3	185660947	191101460	3	2
931b24da-5d6d-4c2d-8de9-ef32d6eb8565	chr3	191101461	191101633	4	5
931b24da-5d6d-4c2d-8de9-ef32d6eb8565	chr3	191101634	191102317	3	2
931b24da-5d6d-4c2d-8de9-ef32d6eb8565	chr3	191102318	197870865	4	2
931b24da-5d6d-4c2d-8de9-ef32d6eb8565	chr4	40828	944843	1	3
931b24da-5d6d-4c2d-8de9-ef32d6eb8565	chr4	944844	968475	1	4
931b24da-5d6d-4c2d-8de9-ef32d6eb8565	chr4	968476	4656029	1	3
931b24da-5d6d-4c2d-8de9-ef32d6eb8565	chr4	4656030	8868785	1	2
931b24da-5d6d-4c2d-8de9-ef32d6eb8565	chr4	8868786	27060785	1	1
931b24da-5d6d-4c2d-8de9-ef32d6eb8565	chr4	27060786	27078269	0	1
931b24da-5d6d-4c2d-8de9-ef32d6eb8565	chr4	27078270	42039798	1	1
931b24da-5d6d-4c2d-8de9-ef32d6eb8565	chr4	42039799	44350766	1	3
931b24da-5d6d-4c2d-8de9-ef32d6eb8565	chr4	44350767	48199999	1	1
931b24da-5d6d-4c2d-8de9-ef32d6eb8565	chr4	52700000	65815438	1	2
931b24da-5d6d-4c2d-8de9-ef32d6eb8565	chr4	65815439	65827054	1	4
931b24da-5d6d-4c2d-8de9-ef32d6eb8565	chr4	65827055	66170042	1	2
931b24da-5d6d-4c2d-8de9-ef32d6eb8565	chr4	66170043	66199963	1	3
931b24da-5d6d-4c2d-8de9-ef32d6eb8565	chr4	66199964	68492430	1	2
931b24da-5d6d-4c2d-8de9-ef32d6eb8565	chr4	68492431	68624534	1	3
931b24da-5d6d-4c2d-8de9-ef32d6eb8565	chr4	68624535	71004104	1	2
931b24da-5d6d-4c2d-8de9-ef32d6eb8565	chr4	71004105	75002659	0	3
931b24da-5d6d-4c2d-8de9-ef32d6eb8565	chr4	75002660	82826048	0	2
931b24da-5d6d-4c2d-8de9-ef32d6eb8565	chr4	82826049	82861969	0	3
931b24da-5d6d-4c2d-8de9-ef32d6eb8565	chr4	82861970	87741208	0	2
931b24da-5d6d-4c2d-8de9-ef32d6eb8565	chr4	87741209	88115565	2	2
931b24da-5d6d-4c2d-8de9-ef32d6eb8565	chr4	88115566	91993467	1	2
931b24da-5d6d-4c2d-8de9-ef32d6eb8565	chr4	91993468	94592522	0	2
931b24da-5d6d-4c2d-8de9-ef32d6eb8565	chr4	94592523	94715820	0	4
931b24da-5d6d-4c2d-8de9-ef32d6eb8565	chr4	94715821	99377752	0	2
931b24da-5d6d-4c2d-8de9-ef32d6eb8565	chr4	99377753	122231560	1	2
931b24da-5d6d-4c2d-8de9-ef32d6eb8565	chr4	122231561	122253497	2	2
931b24da-5d6d-4c2d-8de9-ef32d6eb8565	chr4	122253498	131181008	1	2
931b24da-5d6d-4c2d-8de9-ef32d6eb8565	chr4	131181009	131182641	1	0
931b24da-5d6d-4c2d-8de9-ef32d6eb8565	chr4	131182642	131187194	1	2
931b24da-5d6d-4c2d-8de9-ef32d6eb8565	chr4	131187195	136447164	1	3
931b24da-5d6d-4c2d-8de9-ef32d6eb8565	chr4	136447165	147037910	1	2
931b24da-5d6d-4c2d-8de9-ef32d6eb8565	chr4	147037911	147057160	1	3
931b24da-5d6d-4c2d-8de9-ef32d6eb8565	chr4	147057161	151554174	1	2
931b24da-5d6d-4c2d-8de9-ef32d6eb8565	chr4	151554175	151614195	1	1
931b24da-5d6d-4c2d-8de9-ef32d6eb8565	chr4	151614196	160615274	1	2
931b24da-5d6d-4c2d-8de9-ef32d6eb8565	chr4	160615275	160662146	3	2
931b24da-5d6d-4c2d-8de9-ef32d6eb8565	chr4	160662147	163870819	1	2
931b24da-5d6d-4c2d-8de9-ef32d6eb8565	chr4	163870820	163950082	2	2
931b24da-5d6d-4c2d-8de9-ef32d6eb8565	chr4	163950083	170321253	1	2
931b24da-5d6d-4c2d-8de9-ef32d6eb8565	chr4	170321254	170362982	2	2
931b24da-5d6d-4c2d-8de9-ef32d6eb8565	chr4	170362983	171594466	1	2
931b24da-5d6d-4c2d-8de9-ef32d6eb8565	chr4	171594467	172938461	1	1
931b24da-5d6d-4c2d-8de9-ef32d6eb8565	chr4	172938462	179119668	1	2
931b24da-5d6d-4c2d-8de9-ef32d6eb8565	chr4	179119669	179119693	0	2
931b24da-5d6d-4c2d-8de9-ef32d6eb8565	chr4	179119694	179120610	1	2
931b24da-5d6d-4c2d-8de9-ef32d6eb8565	chr4	179120611	183320168	1	1
931b24da-5d6d-4c2d-8de9-ef32d6eb8565	chr4	183320169	183341395	1	3
931b24da-5d6d-4c2d-8de9-ef32d6eb8565	chr4	183341396	183852058	1	1
931b24da-5d6d-4c2d-8de9-ef32d6eb8565	chr4	183852059	183874992	2	2
931b24da-5d6d-4c2d-8de9-ef32d6eb8565	chr4	183874993	189265500	1	1
931b24da-5d6d-4c2d-8de9-ef32d6eb8565	chr4	189265501	191154275	0	1
931b24da-5d6d-4c2d-8de9-ef32d6eb8565	chr5	22500	142015	6	3
931b24da-5d6d-4c2d-8de9-ef32d6eb8565	chr5	142016	3585539	5	2
931b24da-5d6d-4c2d-8de9-ef32d6eb8565	chr5	3585540	6230425	5	1
931b24da-5d6d-4c2d-8de9-ef32d6eb8565	chr5	6230426	6231150	7	2
931b24da-5d6d-4c2d-8de9-ef32d6eb8565	chr5	6231151	6799224	1	2
931b24da-5d6d-4c2d-8de9-ef32d6eb8565	chr5	6799225	8147536	1	5
931b24da-5d6d-4c2d-8de9-ef32d6eb8565	chr5	8147537	8148709	1	7
931b24da-5d6d-4c2d-8de9-ef32d6eb8565	chr5	8148710	8680743	1	2
931b24da-5d6d-4c2d-8de9-ef32d6eb8565	chr5	8680744	9309994	1	5
931b24da-5d6d-4c2d-8de9-ef32d6eb8565	chr5	9309995	9378801	0	4
931b24da-5d6d-4c2d-8de9-ef32d6eb8565	chr5	9378802	15265406	1	5
931b24da-5d6d-4c2d-8de9-ef32d6eb8565	chr5	15265407	16500938	1	3
931b24da-5d6d-4c2d-8de9-ef32d6eb8565	chr5	16500939	16515701	1	4
931b24da-5d6d-4c2d-8de9-ef32d6eb8565	chr5	16515702	19149054	1	3
931b24da-5d6d-4c2d-8de9-ef32d6eb8565	chr5	19149055	27526350	1	2
931b24da-5d6d-4c2d-8de9-ef32d6eb8565	chr5	27526351	27553564	3	2
931b24da-5d6d-4c2d-8de9-ef32d6eb8565	chr5	27553565	39634266	1	2
931b24da-5d6d-4c2d-8de9-ef32d6eb8565	chr5	39634267	45376347	2	2
931b24da-5d6d-4c2d-8de9-ef32d6eb8565	chr5	50700000	53410285	1	2
931b24da-5d6d-4c2d-8de9-ef32d6eb8565	chr5	53410286	56748762	0	2
931b24da-5d6d-4c2d-8de9-ef32d6eb8565	chr5	56748763	57076120	0	0
931b24da-5d6d-4c2d-8de9-ef32d6eb8565	chr5	57076121	58185586	0	2
931b24da-5d6d-4c2d-8de9-ef32d6eb8565	chr5	58185587	58211447	0	0
931b24da-5d6d-4c2d-8de9-ef32d6eb8565	chr5	58211448	67593025	0	2
931b24da-5d6d-4c2d-8de9-ef32d6eb8565	chr5	67593026	67615631	0	0
931b24da-5d6d-4c2d-8de9-ef32d6eb8565	chr5	67615632	84686170	0	2
931b24da-5d6d-4c2d-8de9-ef32d6eb8565	chr5	84686171	84716410	0	8
931b24da-5d6d-4c2d-8de9-ef32d6eb8565	chr5	84716411	86464631	0	2
931b24da-5d6d-4c2d-8de9-ef32d6eb8565	chr5	86464632	95872183	1	3
931b24da-5d6d-4c2d-8de9-ef32d6eb8565	chr5	95872184	104623375	1	1
931b24da-5d6d-4c2d-8de9-ef32d6eb8565	chr5	104623376	104641057	1	2
931b24da-5d6d-4c2d-8de9-ef32d6eb8565	chr5	104641058	107684656	1	1
931b24da-5d6d-4c2d-8de9-ef32d6eb8565	chr5	107684657	108060944	1	3
931b24da-5d6d-4c2d-8de9-ef32d6eb8565	chr5	108060945	116460057	1	1
931b24da-5d6d-4c2d-8de9-ef32d6eb8565	chr5	116460058	117585856	1	3
931b24da-5d6d-4c2d-8de9-ef32d6eb8565	chr5	117585857	119432967	0	3
931b24da-5d6d-4c2d-8de9-ef32d6eb8565	chr5	119432968	127036367	0	4
931b24da-5d6d-4c2d-8de9-ef32d6eb8565	chr5	127036368	127402546	0	6
931b24da-5d6d-4c2d-8de9-ef32d6eb8565	chr5	127402547	128145186	0	4
931b24da-5d6d-4c2d-8de9-ef32d6eb8565	chr5	128145187	129634672	0	2
931b24da-5d6d-4c2d-8de9-ef32d6eb8565	chr5	129634673	129707222	0	3
931b24da-5d6d-4c2d-8de9-ef32d6eb8565	chr5	129707223	139738097	1	2
931b24da-5d6d-4c2d-8de9-ef32d6eb8565	chr5	139738098	139792870	3	3
931b24da-5d6d-4c2d-8de9-ef32d6eb8565	chr5	139792871	142241040	2	2
931b24da-5d6d-4c2d-8de9-ef32d6eb8565	chr5	142241041	142271444	2	4
931b24da-5d6d-4c2d-8de9-ef32d6eb8565	chr5	142271445	148772623	2	2
931b24da-5d6d-4c2d-8de9-ef32d6eb8565	chr5	148772624	148804792	1	4
931b24da-5d6d-4c2d-8de9-ef32d6eb8565	chr5	148804793	150650623	2	2
931b24da-5d6d-4c2d-8de9-ef32d6eb8565	chr5	150650624	172713769	1	2
931b24da-5d6d-4c2d-8de9-ef32d6eb8565	chr5	172713770	180696860	1	1
931b24da-5d6d-4c2d-8de9-ef32d6eb8565	chr6	39681	203877	1	2
931b24da-5d6d-4c2d-8de9-ef32d6eb8565	chr6	203878	1499640	0	4
931b24da-5d6d-4c2d-8de9-ef32d6eb8565	chr6	1499641	1627610	0	6
931b24da-5d6d-4c2d-8de9-ef32d6eb8565	chr6	1627611	2919091	0	4
931b24da-5d6d-4c2d-8de9-ef32d6eb8565	chr6	2919092	2956621	0	5
931b24da-5d6d-4c2d-8de9-ef32d6eb8565	chr6	2956622	3204295	0	4
931b24da-5d6d-4c2d-8de9-ef32d6eb8565	chr6	3204296	3289208	0	5
931b24da-5d6d-4c2d-8de9-ef32d6eb8565	chr6	3289209	7731684	0	4
931b24da-5d6d-4c2d-8de9-ef32d6eb8565	chr6	7731685	15444733	1	3
931b24da-5d6d-4c2d-8de9-ef32d6eb8565	chr6	15444734	15464297	1	5
931b24da-5d6d-4c2d-8de9-ef32d6eb8565	chr6	15464298	17046897	1	3
931b24da-5d6d-4c2d-8de9-ef32d6eb8565	chr6	17046898	17057619	1	2
931b24da-5d6d-4c2d-8de9-ef32d6eb8565	chr6	17057620	21175732	1	3
931b24da-5d6d-4c2d-8de9-ef32d6eb8565	chr6	21175733	21196968	1	5
931b24da-5d6d-4c2d-8de9-ef32d6eb8565	chr6	21196969	21927663	0	3
931b24da-5d6d-4c2d-8de9-ef32d6eb8565	chr6	21927664	25243349	1	3
931b24da-5d6d-4c2d-8de9-ef32d6eb8565	chr6	25243350	38639074	1	2
931b24da-5d6d-4c2d-8de9-ef32d6eb8565	chr6	38639075	38641711	1	0
931b24da-5d6d-4c2d-8de9-ef32d6eb8565	chr6	38641712	38950382	1	2
931b24da-5d6d-4c2d-8de9-ef32d6eb8565	chr6	38950383	38952264	1	3
931b24da-5d6d-4c2d-8de9-ef32d6eb8565	chr6	38952265	41620216	1	2
931b24da-5d6d-4c2d-8de9-ef32d6eb8565	chr6	41620217	46975343	1	3
931b24da-5d6d-4c2d-8de9-ef32d6eb8565	chr6	46975344	48144737	1	2
931b24da-5d6d-4c2d-8de9-ef32d6eb8565	chr6	48144738	48201286	2	2
931b24da-5d6d-4c2d-8de9-ef32d6eb8565	chr6	48201287	51822330	1	2
931b24da-5d6d-4c2d-8de9-ef32d6eb8565	chr6	51822331	52128405	2	2
931b24da-5d6d-4c2d-8de9-ef32d6eb8565	chr6	52128406	55074113	1	2
931b24da-5d6d-4c2d-8de9-ef32d6eb8565	chr6	55074114	55082184	2	2
931b24da-5d6d-4c2d-8de9-ef32d6eb8565	chr6	55082185	77511614	1	2
931b24da-5d6d-4c2d-8de9-ef32d6eb8565	chr6	77511615	77532373	2	2
931b24da-5d6d-4c2d-8de9-ef32d6eb8565	chr6	77532374	79696374	1	2
931b24da-5d6d-4c2d-8de9-ef32d6eb8565	chr6	79696375	92155570	1	1
931b24da-5d6d-4c2d-8de9-ef32d6eb8565	chr6	92155571	113810483	1	0
931b24da-5d6d-4c2d-8de9-ef32d6eb8565	chr6	113810484	113811385	0	0
931b24da-5d6d-4c2d-8de9-ef32d6eb8565	chr6	113811386	119553749	0	2
931b24da-5d6d-4c2d-8de9-ef32d6eb8565	chr6	119553750	119617059	0	0
931b24da-5d6d-4c2d-8de9-ef32d6eb8565	chr6	119617060	123362904	0	2
931b24da-5d6d-4c2d-8de9-ef32d6eb8565	chr6	123362905	140604329	0	3
931b24da-5d6d-4c2d-8de9-ef32d6eb8565	chr6	140604330	151557775	0	4
931b24da-5d6d-4c2d-8de9-ef32d6eb8565	chr6	151557776	151599168	0	6
931b24da-5d6d-4c2d-8de9-ef32d6eb8565	chr6	151599169	152831764	0	4
931b24da-5d6d-4c2d-8de9-ef32d6eb8565	chr6	152831765	153497754	0	3
931b24da-5d6d-4c2d-8de9-ef32d6eb8565	chr6	153497755	157092696	0	2
931b24da-5d6d-4c2d-8de9-ef32d6eb8565	chr6	157092697	157343293	0	1
931b24da-5d6d-4c2d-8de9-ef32d6eb8565	chr6	157343294	158445127	0	2
931b24da-5d6d-4c2d-8de9-ef32d6eb8565	chr6	158445128	158934216	1	1
931b24da-5d6d-4c2d-8de9-ef32d6eb8565	chr6	158934217	158936242	0	0
931b24da-5d6d-4c2d-8de9-ef32d6eb8565	chr6	158936243	160605022	0	2
931b24da-5d6d-4c2d-8de9-ef32d6eb8565	chr6	160605023	164731221	1	0
931b24da-5d6d-4c2d-8de9-ef32d6eb8565	chr6	164731222	170922468	1	2
931b24da-5d6d-4c2d-8de9-ef32d6eb8565	chr7	59784	1178285	2	3
931b24da-5d6d-4c2d-8de9-ef32d6eb8565	chr7	1178286	1219291	2	2
931b24da-5d6d-4c2d-8de9-ef32d6eb8565	chr7	1219292	8379950	2	3
931b24da-5d6d-4c2d-8de9-ef32d6eb8565	chr7	8379951	11249914	2	2
931b24da-5d6d-4c2d-8de9-ef32d6eb8565	chr7	11249915	20884386	1	3
931b24da-5d6d-4c2d-8de9-ef32d6eb8565	chr7	20884387	30116151	1	2
931b24da-5d6d-4c2d-8de9-ef32d6eb8565	chr7	30116152	40381826	2	2
931b24da-5d6d-4c2d-8de9-ef32d6eb8565	chr7	40381827	41368475	1	2
931b24da-5d6d-4c2d-8de9-ef32d6eb8565	chr7	41368476	41387796	1	3
931b24da-5d6d-4c2d-8de9-ef32d6eb8565	chr7	41387797	69569259	1	2
931b24da-5d6d-4c2d-8de9-ef32d6eb8565	chr7	69569260	69569574	1	1
931b24da-5d6d-4c2d-8de9-ef32d6eb8565	chr7	69569575	71594202	1	2
931b24da-5d6d-4c2d-8de9-ef32d6eb8565	chr7	71594203	76632143	2	2
931b24da-5d6d-4c2d-8de9-ef32d6eb8565	chr7	76632144	79212115	1	2
931b24da-5d6d-4c2d-8de9-ef32d6eb8565	chr7	79212116	83117685	2	2
931b24da-5d6d-4c2d-8de9-ef32d6eb8565	chr7	83117686	83120240	1	2
931b24da-5d6d-4c2d-8de9-ef32d6eb8565	chr7	83120241	86650027	2	2
931b24da-5d6d-4c2d-8de9-ef32d6eb8565	chr7	86650028	88061726	2	3
931b24da-5d6d-4c2d-8de9-ef32d6eb8565	chr7	88061727	88602055	1	3
931b24da-5d6d-4c2d-8de9-ef32d6eb8565	chr7	88602056	91421002	2	2
931b24da-5d6d-4c2d-8de9-ef32d6eb8565	chr7	91421003	91487907	4	4
931b24da-5d6d-4c2d-8de9-ef32d6eb8565	chr7	91487908	98976039	3	2
931b24da-5d6d-4c2d-8de9-ef32d6eb8565	chr7	98976040	100447489	2	2
931b24da-5d6d-4c2d-8de9-ef32d6eb8565	chr7	100447490	103304020	3	2
931b24da-5d6d-4c2d-8de9-ef32d6eb8565	chr7	103304021	103620796	3	3
931b24da-5d6d-4c2d-8de9-ef32d6eb8565	chr7	103620797	103620831	3	4
931b24da-5d6d-4c2d-8de9-ef32d6eb8565	chr7	103620832	122223194	3	1
931b24da-5d6d-4c2d-8de9-ef32d6eb8565	chr7	122223195	125605141	3	2
931b24da-5d6d-4c2d-8de9-ef32d6eb8565	chr7	125605142	125676544	4	4
931b24da-5d6d-4c2d-8de9-ef32d6eb8565	chr7	125676545	125708090	3	4
931b24da-5d6d-4c2d-8de9-ef32d6eb8565	chr7	125708091	130682407	3	0
931b24da-5d6d-4c2d-8de9-ef32d6eb8565	chr7	130682408	157334301	2	0
931b24da-5d6d-4c2d-8de9-ef32d6eb8565	chr7	157334302	157371290	1	0
931b24da-5d6d-4c2d-8de9-ef32d6eb8565	chr7	157371291	158821400	2	0
931b24da-5d6d-4c2d-8de9-ef32d6eb8565	chr8	10001	17124800	1	2
931b24da-5d6d-4c2d-8de9-ef32d6eb8565	chr8	17124801	17161788	6	2
931b24da-5d6d-4c2d-8de9-ef32d6eb8565	chr8	17161789	17460723	1	2
931b24da-5d6d-4c2d-8de9-ef32d6eb8565	chr8	17460724	17501504	2	2
931b24da-5d6d-4c2d-8de9-ef32d6eb8565	chr8	17501505	18911579	1	2
931b24da-5d6d-4c2d-8de9-ef32d6eb8565	chr8	18911580	18934979	2	4
931b24da-5d6d-4c2d-8de9-ef32d6eb8565	chr8	18934980	21266053	1	2
931b24da-5d6d-4c2d-8de9-ef32d6eb8565	chr8	21266054	22877734	1	1
931b24da-5d6d-4c2d-8de9-ef32d6eb8565	chr8	22877735	22947521	0	0
931b24da-5d6d-4c2d-8de9-ef32d6eb8565	chr8	22947522	28207092	1	1
931b24da-5d6d-4c2d-8de9-ef32d6eb8565	chr8	28207093	28397589	2	2
931b24da-5d6d-4c2d-8de9-ef32d6eb8565	chr8	28397590	30893697	1	1
931b24da-5d6d-4c2d-8de9-ef32d6eb8565	chr8	30893698	33636921	1	2
931b24da-5d6d-4c2d-8de9-ef32d6eb8565	chr8	33636922	36695384	1	3
931b24da-5d6d-4c2d-8de9-ef32d6eb8565	chr8	36695385	36938351	2	2
931b24da-5d6d-4c2d-8de9-ef32d6eb8565	chr8	36938352	41431288	1	3
931b24da-5d6d-4c2d-8de9-ef32d6eb8565	chr8	41431289	50010631	1	2
931b24da-5d6d-4c2d-8de9-ef32d6eb8565	chr8	50010632	57456302	1	3
931b24da-5d6d-4c2d-8de9-ef32d6eb8565	chr8	57456303	63929305	1	2
931b24da-5d6d-4c2d-8de9-ef32d6eb8565	chr8	63929306	69906228	1	3
931b24da-5d6d-4c2d-8de9-ef32d6eb8565	chr8	69906229	69995581	1	5
931b24da-5d6d-4c2d-8de9-ef32d6eb8565	chr8	69995582	70975813	1	3
931b24da-5d6d-4c2d-8de9-ef32d6eb8565	chr8	70975814	70977635	1	2
931b24da-5d6d-4c2d-8de9-ef32d6eb8565	chr8	70977636	74917949	1	3
931b24da-5d6d-4c2d-8de9-ef32d6eb8565	chr8	74917950	75967697	1	2
931b24da-5d6d-4c2d-8de9-ef32d6eb8565	chr8	75967698	75967905	1	1
931b24da-5d6d-4c2d-8de9-ef32d6eb8565	chr8	75967906	77417035	1	2
931b24da-5d6d-4c2d-8de9-ef32d6eb8565	chr8	77417036	77637937	1	1
931b24da-5d6d-4c2d-8de9-ef32d6eb8565	chr8	77637938	80031209	1	2
931b24da-5d6d-4c2d-8de9-ef32d6eb8565	chr8	80031210	80052105	1	1
931b24da-5d6d-4c2d-8de9-ef32d6eb8565	chr8	80052106	82753110	1	2
931b24da-5d6d-4c2d-8de9-ef32d6eb8565	chr8	82753111	82754344	1	1
931b24da-5d6d-4c2d-8de9-ef32d6eb8565	chr8	82754345	84496303	1	2
931b24da-5d6d-4c2d-8de9-ef32d6eb8565	chr8	84496304	85533327	2	3
931b24da-5d6d-4c2d-8de9-ef32d6eb8565	chr8	85533328	89371770	2	2
931b24da-5d6d-4c2d-8de9-ef32d6eb8565	chr8	89371771	89393262	2	3
931b24da-5d6d-4c2d-8de9-ef32d6eb8565	chr8	89393263	96509900	2	2
931b24da-5d6d-4c2d-8de9-ef32d6eb8565	chr8	96509901	96518055	3	2
931b24da-5d6d-4c2d-8de9-ef32d6eb8565	chr8	96518056	96518675	2	2
931b24da-5d6d-4c2d-8de9-ef32d6eb8565	chr8	96518676	99036856	3	2
931b24da-5d6d-4c2d-8de9-ef32d6eb8565	chr8	99036857	103900101	2	2
931b24da-5d6d-4c2d-8de9-ef32d6eb8565	chr8	103900102	103974234	3	2
931b24da-5d6d-4c2d-8de9-ef32d6eb8565	chr8	103974235	105531264	2	2
931b24da-5d6d-4c2d-8de9-ef32d6eb8565	chr8	105531265	105739469	3	2
931b24da-5d6d-4c2d-8de9-ef32d6eb8565	chr8	105739470	113782466	2	2
931b24da-5d6d-4c2d-8de9-ef32d6eb8565	chr8	113782467	113804958	3	2
931b24da-5d6d-4c2d-8de9-ef32d6eb8565	chr8	113804959	116864196	2	2
931b24da-5d6d-4c2d-8de9-ef32d6eb8565	chr8	116864197	127828677	1	2
931b24da-5d6d-4c2d-8de9-ef32d6eb8565	chr8	127828678	127869397	2	2
931b24da-5d6d-4c2d-8de9-ef32d6eb8565	chr8	127869398	133158372	1	2
931b24da-5d6d-4c2d-8de9-ef32d6eb8565	chr8	133158373	138986492	1	1
931b24da-5d6d-4c2d-8de9-ef32d6eb8565	chr8	138986493	144127188	1	2
931b24da-5d6d-4c2d-8de9-ef32d6eb8565	chr8	144127189	144466385	0	2
931b24da-5d6d-4c2d-8de9-ef32d6eb8565	chr8	144466386	144525641	0	3
931b24da-5d6d-4c2d-8de9-ef32d6eb8565	chr8	144525642	144828168	0	2
931b24da-5d6d-4c2d-8de9-ef32d6eb8565	chr8	144828169	146154841	1	1
931b24da-5d6d-4c2d-8de9-ef32d6eb8565	chr8	146154842	146155480	0	5
931b24da-5d6d-4c2d-8de9-ef32d6eb8565	chr8	146155481	146155742	1	1
931b24da-5d6d-4c2d-8de9-ef32d6eb8565	chr9	47500	6312817	1	3
931b24da-5d6d-4c2d-8de9-ef32d6eb8565	chr9	6312818	11590774	1	2
931b24da-5d6d-4c2d-8de9-ef32d6eb8565	chr9	11590775	16526159	1	3
931b24da-5d6d-4c2d-8de9-ef32d6eb8565	chr9	16526160	20856116	1	2
931b24da-5d6d-4c2d-8de9-ef32d6eb8565	chr9	20856117	20902989	2	2
931b24da-5d6d-4c2d-8de9-ef32d6eb8565	chr9	20902990	27949990	1	2
931b24da-5d6d-4c2d-8de9-ef32d6eb8565	chr9	27949991	32951495	2	2
931b24da-5d6d-4c2d-8de9-ef32d6eb8565	chr9	32951496	32987091	2	3
931b24da-5d6d-4c2d-8de9-ef32d6eb8565	chr9	32987092	47299999	2	2
931b24da-5d6d-4c2d-8de9-ef32d6eb8565	chr9	50700000	76627530	1	2
931b24da-5d6d-4c2d-8de9-ef32d6eb8565	chr9	76627531	76653681	0	3
931b24da-5d6d-4c2d-8de9-ef32d6eb8565	chr9	76653682	93278896	1	2
931b24da-5d6d-4c2d-8de9-ef32d6eb8565	chr9	93278897	93402829	2	2
931b24da-5d6d-4c2d-8de9-ef32d6eb8565	chr9	93402830	97480902	1	2
931b24da-5d6d-4c2d-8de9-ef32d6eb8565	chr9	97480903	98414525	2	2
931b24da-5d6d-4c2d-8de9-ef32d6eb8565	chr9	98414526	98472737	1	2
931b24da-5d6d-4c2d-8de9-ef32d6eb8565	chr9	98472738	103131231	0	2
931b24da-5d6d-4c2d-8de9-ef32d6eb8565	chr9	103131232	108008190	3	2
931b24da-5d6d-4c2d-8de9-ef32d6eb8565	chr9	108008191	108008216	3	3
931b24da-5d6d-4c2d-8de9-ef32d6eb8565	chr9	108008217	116878468	2	2
931b24da-5d6d-4c2d-8de9-ef32d6eb8565	chr9	116878469	116913128	3	3
931b24da-5d6d-4c2d-8de9-ef32d6eb8565	chr9	116913129	124731627	2	2
931b24da-5d6d-4c2d-8de9-ef32d6eb8565	chr9	124731628	128265986	1	2
931b24da-5d6d-4c2d-8de9-ef32d6eb8565	chr9	128265987	128297439	1	4
931b24da-5d6d-4c2d-8de9-ef32d6eb8565	chr9	128297440	130684873	1	1
931b24da-5d6d-4c2d-8de9-ef32d6eb8565	chr9	130684874	139648657	1	2
931b24da-5d6d-4c2d-8de9-ef32d6eb8565	chr9	139648658	140273200	1	1
931b24da-5d6d-4c2d-8de9-ef32d6eb8565	chr10	95032	3330256	1	0
931b24da-5d6d-4c2d-8de9-ef32d6eb8565	chr10	3330257	14128109	2	0
931b24da-5d6d-4c2d-8de9-ef32d6eb8565	chr10	14128110	14129663	2	3
931b24da-5d6d-4c2d-8de9-ef32d6eb8565	chr10	14129664	30743947	2	0
931b24da-5d6d-4c2d-8de9-ef32d6eb8565	chr10	30743948	30766216	3	0
931b24da-5d6d-4c2d-8de9-ef32d6eb8565	chr10	30766217	33226286	2	0
931b24da-5d6d-4c2d-8de9-ef32d6eb8565	chr10	33226287	36021837	2	2
931b24da-5d6d-4c2d-8de9-ef32d6eb8565	chr10	36021838	36080254	1	2
931b24da-5d6d-4c2d-8de9-ef32d6eb8565	chr10	36080255	37999999	2	2
931b24da-5d6d-4c2d-8de9-ef32d6eb8565	chr10	42397500	52966364	1	2
931b24da-5d6d-4c2d-8de9-ef32d6eb8565	chr10	52966365	53012015	2	2
931b24da-5d6d-4c2d-8de9-ef32d6eb8565	chr10	53012016	53191557	1	2
931b24da-5d6d-4c2d-8de9-ef32d6eb8565	chr10	53191558	53227863	1	4
931b24da-5d6d-4c2d-8de9-ef32d6eb8565	chr10	53227864	70101320	1	2
931b24da-5d6d-4c2d-8de9-ef32d6eb8565	chr10	70101321	70102115	1	1
931b24da-5d6d-4c2d-8de9-ef32d6eb8565	chr10	70102116	74876016	1	2
931b24da-5d6d-4c2d-8de9-ef32d6eb8565	chr10	74876017	74877670	1	1
931b24da-5d6d-4c2d-8de9-ef32d6eb8565	chr10	74877671	74879834	2	5
931b24da-5d6d-4c2d-8de9-ef32d6eb8565	chr10	74879835	77983433	1	3
931b24da-5d6d-4c2d-8de9-ef32d6eb8565	chr10	77983434	82170724	1	2
931b24da-5d6d-4c2d-8de9-ef32d6eb8565	chr10	82170725	93638513	1	1
931b24da-5d6d-4c2d-8de9-ef32d6eb8565	chr10	93638514	93700222	0	0
931b24da-5d6d-4c2d-8de9-ef32d6eb8565	chr10	93700223	109358924	1	1
931b24da-5d6d-4c2d-8de9-ef32d6eb8565	chr10	109358925	113744220	1	3
931b24da-5d6d-4c2d-8de9-ef32d6eb8565	chr10	113744221	113761216	2	3
931b24da-5d6d-4c2d-8de9-ef32d6eb8565	chr10	113761217	116239985	1	3
931b24da-5d6d-4c2d-8de9-ef32d6eb8565	chr10	116239986	116268061	1	8
931b24da-5d6d-4c2d-8de9-ef32d6eb8565	chr10	116268062	120954202	1	3
931b24da-5d6d-4c2d-8de9-ef32d6eb8565	chr10	120954203	120987293	3	3
931b24da-5d6d-4c2d-8de9-ef32d6eb8565	chr10	120987294	121462663	1	3
931b24da-5d6d-4c2d-8de9-ef32d6eb8565	chr10	121462664	130331437	1	2
931b24da-5d6d-4c2d-8de9-ef32d6eb8565	chr10	130331438	130349361	0	4
931b24da-5d6d-4c2d-8de9-ef32d6eb8565	chr10	130349362	134983385	1	2
931b24da-5d6d-4c2d-8de9-ef32d6eb8565	chr10	134983386	135061717	2	2
931b24da-5d6d-4c2d-8de9-ef32d6eb8565	chr10	135061718	135389924	1	1
931b24da-5d6d-4c2d-8de9-ef32d6eb8565	chr11	20721	1288522	0	3
931b24da-5d6d-4c2d-8de9-ef32d6eb8565	chr11	1288523	5575106	0	2
931b24da-5d6d-4c2d-8de9-ef32d6eb8565	chr11	5575107	14363945	0	3
931b24da-5d6d-4c2d-8de9-ef32d6eb8565	chr11	14363946	14447779	0	4
931b24da-5d6d-4c2d-8de9-ef32d6eb8565	chr11	14447780	24745837	0	3
931b24da-5d6d-4c2d-8de9-ef32d6eb8565	chr11	24745838	29083745	0	2
931b24da-5d6d-4c2d-8de9-ef32d6eb8565	chr11	29083746	51599999	1	2
931b24da-5d6d-4c2d-8de9-ef32d6eb8565	chr11	55947036	55969156	1	3
931b24da-5d6d-4c2d-8de9-ef32d6eb8565	chr11	55969157	62885599	1	2
931b24da-5d6d-4c2d-8de9-ef32d6eb8565	chr11	62885600	65008838	1	1
931b24da-5d6d-4c2d-8de9-ef32d6eb8565	chr11	65008839	72472149	1	2
931b24da-5d6d-4c2d-8de9-ef32d6eb8565	chr11	72472150	89458458	2	2
931b24da-5d6d-4c2d-8de9-ef32d6eb8565	chr11	89458459	96118545	1	2
931b24da-5d6d-4c2d-8de9-ef32d6eb8565	chr11	96118546	96170278	1	3
931b24da-5d6d-4c2d-8de9-ef32d6eb8565	chr11	96170279	103071635	1	2
931b24da-5d6d-4c2d-8de9-ef32d6eb8565	chr11	103071636	114415385	1	0
931b24da-5d6d-4c2d-8de9-ef32d6eb8565	chr11	114415386	122290086	1	2
931b24da-5d6d-4c2d-8de9-ef32d6eb8565	chr11	122290087	122325229	0	0
931b24da-5d6d-4c2d-8de9-ef32d6eb8565	chr11	122325230	134452200	1	2
931b24da-5d6d-4c2d-8de9-ef32d6eb8565	chr12	110107	573305	1	3
931b24da-5d6d-4c2d-8de9-ef32d6eb8565	chr12	573306	1311045	1	2
931b24da-5d6d-4c2d-8de9-ef32d6eb8565	chr12	1311046	1351740	1	4
931b24da-5d6d-4c2d-8de9-ef32d6eb8565	chr12	1351741	3844215	1	3
931b24da-5d6d-4c2d-8de9-ef32d6eb8565	chr12	3844216	5420656	1	4
931b24da-5d6d-4c2d-8de9-ef32d6eb8565	chr12	5420657	5707004	1	3
931b24da-5d6d-4c2d-8de9-ef32d6eb8565	chr12	5707005	7382080	1	4
931b24da-5d6d-4c2d-8de9-ef32d6eb8565	chr12	7382081	7835532	2	2
931b24da-5d6d-4c2d-8de9-ef32d6eb8565	chr12	7835533	7839893	0	2
931b24da-5d6d-4c2d-8de9-ef32d6eb8565	chr12	7839894	8223238	1	2
931b24da-5d6d-4c2d-8de9-ef32d6eb8565	chr12	8223239	8224275	1	3
931b24da-5d6d-4c2d-8de9-ef32d6eb8565	chr12	8224276	29909021	1	2
931b24da-5d6d-4c2d-8de9-ef32d6eb8565	chr12	29909022	29948963	2	2
931b24da-5d6d-4c2d-8de9-ef32d6eb8565	chr12	29948964	30771893	1	2
931b24da-5d6d-4c2d-8de9-ef32d6eb8565	chr12	30771894	30834043	2	2
931b24da-5d6d-4c2d-8de9-ef32d6eb8565	chr12	30834044	74394834	1	2
931b24da-5d6d-4c2d-8de9-ef32d6eb8565	chr12	74394835	85431728	0	2
931b24da-5d6d-4c2d-8de9-ef32d6eb8565	chr12	85431729	85773789	1	2
931b24da-5d6d-4c2d-8de9-ef32d6eb8565	chr12	85773790	87077137	0	2
931b24da-5d6d-4c2d-8de9-ef32d6eb8565	chr12	87077138	87078744	1	2
931b24da-5d6d-4c2d-8de9-ef32d6eb8565	chr12	87078745	87692480	0	2
931b24da-5d6d-4c2d-8de9-ef32d6eb8565	chr12	87692481	101911292	1	2
931b24da-5d6d-4c2d-8de9-ef32d6eb8565	chr12	101911293	101912686	0	3
931b24da-5d6d-4c2d-8de9-ef32d6eb8565	chr12	101912687	120639248	1	2
931b24da-5d6d-4c2d-8de9-ef32d6eb8565	chr12	120639249	120718269	2	2
931b24da-5d6d-4c2d-8de9-ef32d6eb8565	chr12	120718270	122925307	1	2
931b24da-5d6d-4c2d-8de9-ef32d6eb8565	chr12	122925308	123381159	1	0
931b24da-5d6d-4c2d-8de9-ef32d6eb8565	chr12	123381160	128983251	2	0
931b24da-5d6d-4c2d-8de9-ef32d6eb8565	chr12	128983252	129263031	3	0
931b24da-5d6d-4c2d-8de9-ef32d6eb8565	chr12	129263032	129285734	1	1
931b24da-5d6d-4c2d-8de9-ef32d6eb8565	chr12	129285735	133851894	0	3
931b24da-5d6d-4c2d-8de9-ef32d6eb8565	chr13	1	16299999	1	2
931b24da-5d6d-4c2d-8de9-ef32d6eb8565	chr13	19500000	28374991	3	2
931b24da-5d6d-4c2d-8de9-ef32d6eb8565	chr13	28374992	31122273	4	2
931b24da-5d6d-4c2d-8de9-ef32d6eb8565	chr13	31122274	33040226	0	2
931b24da-5d6d-4c2d-8de9-ef32d6eb8565	chr13	33040227	33137890	3	3
931b24da-5d6d-4c2d-8de9-ef32d6eb8565	chr13	33137891	33167098	1	6
931b24da-5d6d-4c2d-8de9-ef32d6eb8565	chr13	33167099	38828382	2	3
931b24da-5d6d-4c2d-8de9-ef32d6eb8565	chr13	38828383	39560886	1	4
931b24da-5d6d-4c2d-8de9-ef32d6eb8565	chr13	39560887	40416454	2	4
931b24da-5d6d-4c2d-8de9-ef32d6eb8565	chr13	40416455	41411709	2	2
931b24da-5d6d-4c2d-8de9-ef32d6eb8565	chr13	41411710	43455626	1	2
931b24da-5d6d-4c2d-8de9-ef32d6eb8565	chr13	43455627	46614765	0	2
931b24da-5d6d-4c2d-8de9-ef32d6eb8565	chr13	46614766	60506368	1	1
931b24da-5d6d-4c2d-8de9-ef32d6eb8565	chr13	60506369	60529010	0	3
931b24da-5d6d-4c2d-8de9-ef32d6eb8565	chr13	60529011	73064561	1	1
931b24da-5d6d-4c2d-8de9-ef32d6eb8565	chr13	73064562	73239805	1	2
931b24da-5d6d-4c2d-8de9-ef32d6eb8565	chr13	73239806	80146310	1	3
931b24da-5d6d-4c2d-8de9-ef32d6eb8565	chr13	80146311	80163266	1	5
931b24da-5d6d-4c2d-8de9-ef32d6eb8565	chr13	80163267	80196724	2	5
931b24da-5d6d-4c2d-8de9-ef32d6eb8565	chr13	80196725	81099925	1	3
931b24da-5d6d-4c2d-8de9-ef32d6eb8565	chr13	81099926	83415221	1	1
931b24da-5d6d-4c2d-8de9-ef32d6eb8565	chr13	83415222	87028095	0	1
931b24da-5d6d-4c2d-8de9-ef32d6eb8565	chr13	87028096	87418912	0	4
931b24da-5d6d-4c2d-8de9-ef32d6eb8565	chr13	87418913	88171898	0	5
931b24da-5d6d-4c2d-8de9-ef32d6eb8565	chr13	88171899	88192541	0	6
931b24da-5d6d-4c2d-8de9-ef32d6eb8565	chr13	88192542	91216845	0	5
931b24da-5d6d-4c2d-8de9-ef32d6eb8565	chr13	91216846	92060501	0	7
931b24da-5d6d-4c2d-8de9-ef32d6eb8565	chr13	92060502	100222112	0	5
931b24da-5d6d-4c2d-8de9-ef32d6eb8565	chr13	100222113	102771900	0	6
931b24da-5d6d-4c2d-8de9-ef32d6eb8565	chr13	102771901	102799486	0	8
931b24da-5d6d-4c2d-8de9-ef32d6eb8565	chr13	102799487	103237569	0	6
931b24da-5d6d-4c2d-8de9-ef32d6eb8565	chr13	103237570	105204720	0	5
931b24da-5d6d-4c2d-8de9-ef32d6eb8565	chr13	105204721	107873655	0	8
931b24da-5d6d-4c2d-8de9-ef32d6eb8565	chr13	107873656	109645990	0	6
931b24da-5d6d-4c2d-8de9-ef32d6eb8565	chr13	109645991	109647108	1	8
931b24da-5d6d-4c2d-8de9-ef32d6eb8565	chr13	109647109	112981894	0	8
931b24da-5d6d-4c2d-8de9-ef32d6eb8565	chr13	112981895	114142800	1	3
931b24da-5d6d-4c2d-8de9-ef32d6eb8565	chr13	114142801	115169877	1	7
931b24da-5d6d-4c2d-8de9-ef32d6eb8565	chr14	1	16099999	1	2
931b24da-5d6d-4c2d-8de9-ef32d6eb8565	chr14	19100000	20487500	0	4
931b24da-5d6d-4c2d-8de9-ef32d6eb8565	chr14	20487501	24858092	1	2
931b24da-5d6d-4c2d-8de9-ef32d6eb8565	chr14	24858093	25136751	2	2
931b24da-5d6d-4c2d-8de9-ef32d6eb8565	chr14	25136752	34754730	1	2
931b24da-5d6d-4c2d-8de9-ef32d6eb8565	chr14	34754731	34781619	2	2
931b24da-5d6d-4c2d-8de9-ef32d6eb8565	chr14	34781620	48585113	1	2
931b24da-5d6d-4c2d-8de9-ef32d6eb8565	chr14	48585114	48612482	2	2
931b24da-5d6d-4c2d-8de9-ef32d6eb8565	chr14	48612483	53026905	1	2
931b24da-5d6d-4c2d-8de9-ef32d6eb8565	chr14	53026906	53054499	2	2
931b24da-5d6d-4c2d-8de9-ef32d6eb8565	chr14	53054500	66937746	1	2
931b24da-5d6d-4c2d-8de9-ef32d6eb8565	chr14	66937747	66968700	1	1
931b24da-5d6d-4c2d-8de9-ef32d6eb8565	chr14	66968701	68928851	1	2
931b24da-5d6d-4c2d-8de9-ef32d6eb8565	chr14	68928852	69165605	1	3
931b24da-5d6d-4c2d-8de9-ef32d6eb8565	chr14	69165606	96594494	1	2
931b24da-5d6d-4c2d-8de9-ef32d6eb8565	chr14	96594495	96615075	2	2
931b24da-5d6d-4c2d-8de9-ef32d6eb8565	chr14	96615076	101889751	1	2
931b24da-5d6d-4c2d-8de9-ef32d6eb8565	chr14	101889752	101953769	1	3
931b24da-5d6d-4c2d-8de9-ef32d6eb8565	chr14	101953770	103571825	1	2
931b24da-5d6d-4c2d-8de9-ef32d6eb8565	chr14	103571826	103944580	1	3
931b24da-5d6d-4c2d-8de9-ef32d6eb8565	chr14	103944581	103947112	1	0
931b24da-5d6d-4c2d-8de9-ef32d6eb8565	chr14	103947113	104053688	1	3
931b24da-5d6d-4c2d-8de9-ef32d6eb8565	chr14	104053689	106571277	1	2
931b24da-5d6d-4c2d-8de9-ef32d6eb8565	chr15	1	15799999	1	2
931b24da-5d6d-4c2d-8de9-ef32d6eb8565	chr15	20700000	23636924	2	2
931b24da-5d6d-4c2d-8de9-ef32d6eb8565	chr15	23636925	29417191	1	2
931b24da-5d6d-4c2d-8de9-ef32d6eb8565	chr15	29417192	35555868	1	1
931b24da-5d6d-4c2d-8de9-ef32d6eb8565	chr15	35555869	35982178	0	1
931b24da-5d6d-4c2d-8de9-ef32d6eb8565	chr15	35982179	42431835	0	2
931b24da-5d6d-4c2d-8de9-ef32d6eb8565	chr15	42431836	47464567	0	1
931b24da-5d6d-4c2d-8de9-ef32d6eb8565	chr15	47464568	57397499	1	1
931b24da-5d6d-4c2d-8de9-ef32d6eb8565	chr15	57397500	61280651	1	2
931b24da-5d6d-4c2d-8de9-ef32d6eb8565	chr15	61280652	61473834	1	1
931b24da-5d6d-4c2d-8de9-ef32d6eb8565	chr15	61473835	65816652	1	2
931b24da-5d6d-4c2d-8de9-ef32d6eb8565	chr15	65816653	66011324	2	2
931b24da-5d6d-4c2d-8de9-ef32d6eb8565	chr15	66011325	77121124	1	2
931b24da-5d6d-4c2d-8de9-ef32d6eb8565	chr15	77121125	81839244	0	2
931b24da-5d6d-4c2d-8de9-ef32d6eb8565	chr15	81839245	89446385	1	2
931b24da-5d6d-4c2d-8de9-ef32d6eb8565	chr15	89446386	90210021	1	3
931b24da-5d6d-4c2d-8de9-ef32d6eb8565	chr15	90210022	90585583	1	2
931b24da-5d6d-4c2d-8de9-ef32d6eb8565	chr15	90585584	91604907	1	5
931b24da-5d6d-4c2d-8de9-ef32d6eb8565	chr15	91604908	92704005	1	3
931b24da-5d6d-4c2d-8de9-ef32d6eb8565	chr15	92704006	92754600	1	5
931b24da-5d6d-4c2d-8de9-ef32d6eb8565	chr15	92754601	92760674	2	5
931b24da-5d6d-4c2d-8de9-ef32d6eb8565	chr15	92760675	101343912	2	3
931b24da-5d6d-4c2d-8de9-ef32d6eb8565	chr15	101343913	101670489	1	5
931b24da-5d6d-4c2d-8de9-ef32d6eb8565	chr15	101670490	102399919	1	6
931b24da-5d6d-4c2d-8de9-ef32d6eb8565	chr16	84170	239301	2	2
931b24da-5d6d-4c2d-8de9-ef32d6eb8565	chr16	239302	1454815	1	2
931b24da-5d6d-4c2d-8de9-ef32d6eb8565	chr16	1454816	1455016	2	2
931b24da-5d6d-4c2d-8de9-ef32d6eb8565	chr16	1455017	2485694	1	2
931b24da-5d6d-4c2d-8de9-ef32d6eb8565	chr16	2485695	7377382	2	2
931b24da-5d6d-4c2d-8de9-ef32d6eb8565	chr16	7377383	7432501	5	2
931b24da-5d6d-4c2d-8de9-ef32d6eb8565	chr16	7432502	8601959	2	2
931b24da-5d6d-4c2d-8de9-ef32d6eb8565	chr16	8601960	13066648	3	2
931b24da-5d6d-4c2d-8de9-ef32d6eb8565	chr16	13066649	13998417	2	2
931b24da-5d6d-4c2d-8de9-ef32d6eb8565	chr16	13998418	15644328	0	2
931b24da-5d6d-4c2d-8de9-ef32d6eb8565	chr16	15644329	15890208	8	2
931b24da-5d6d-4c2d-8de9-ef32d6eb8565	chr16	15890209	17916963	1	2
931b24da-5d6d-4c2d-8de9-ef32d6eb8565	chr16	17916964	19883800	2	2
931b24da-5d6d-4c2d-8de9-ef32d6eb8565	chr16	19883801	19958395	3	3
931b24da-5d6d-4c2d-8de9-ef32d6eb8565	chr16	19958396	22983566	1	2
931b24da-5d6d-4c2d-8de9-ef32d6eb8565	chr16	22983567	23027275	2	2
931b24da-5d6d-4c2d-8de9-ef32d6eb8565	chr16	23027276	26791567	1	2
931b24da-5d6d-4c2d-8de9-ef32d6eb8565	chr16	26791568	26971455	2	2
931b24da-5d6d-4c2d-8de9-ef32d6eb8565	chr16	26971456	49919879	1	2
931b24da-5d6d-4c2d-8de9-ef32d6eb8565	chr16	49919880	50559561	0	3
931b24da-5d6d-4c2d-8de9-ef32d6eb8565	chr16	50559562	53523446	1	3
931b24da-5d6d-4c2d-8de9-ef32d6eb8565	chr16	53523447	53696517	3	3
931b24da-5d6d-4c2d-8de9-ef32d6eb8565	chr16	53696518	58518866	1	3
931b24da-5d6d-4c2d-8de9-ef32d6eb8565	chr16	58518867	58560839	1	5
931b24da-5d6d-4c2d-8de9-ef32d6eb8565	chr16	58560840	62122803	1	3
931b24da-5d6d-4c2d-8de9-ef32d6eb8565	chr16	62122804	69417172	1	4
931b24da-5d6d-4c2d-8de9-ef32d6eb8565	chr16	69417173	71762619	2	4
931b24da-5d6d-4c2d-8de9-ef32d6eb8565	chr16	71762620	71835077	2	5
931b24da-5d6d-4c2d-8de9-ef32d6eb8565	chr16	71835078	72072765	1	3
931b24da-5d6d-4c2d-8de9-ef32d6eb8565	chr16	72072766	72323391	2	3
931b24da-5d6d-4c2d-8de9-ef32d6eb8565	chr16	72323392	74991847	2	4
931b24da-5d6d-4c2d-8de9-ef32d6eb8565	chr16	74991848	75057312	1	4
931b24da-5d6d-4c2d-8de9-ef32d6eb8565	chr16	75057313	75429669	3	3
931b24da-5d6d-4c2d-8de9-ef32d6eb8565	chr16	75429670	77161288	1	2
931b24da-5d6d-4c2d-8de9-ef32d6eb8565	chr16	77161289	77220940	1	3
931b24da-5d6d-4c2d-8de9-ef32d6eb8565	chr16	77220941	79143013	1	2
931b24da-5d6d-4c2d-8de9-ef32d6eb8565	chr16	79143014	79172867	0	2
931b24da-5d6d-4c2d-8de9-ef32d6eb8565	chr16	79172868	81268754	1	2
931b24da-5d6d-4c2d-8de9-ef32d6eb8565	chr16	81268755	86537543	1	1
931b24da-5d6d-4c2d-8de9-ef32d6eb8565	chr16	86537544	86547121	1	0
931b24da-5d6d-4c2d-8de9-ef32d6eb8565	chr16	86547122	89609369	1	1
931b24da-5d6d-4c2d-8de9-ef32d6eb8565	chr16	89609370	89826982	1	2
931b24da-5d6d-4c2d-8de9-ef32d6eb8565	chr17	29929	9703697	1	1
931b24da-5d6d-4c2d-8de9-ef32d6eb8565	chr17	9703698	15218215	1	0
931b24da-5d6d-4c2d-8de9-ef32d6eb8565	chr17	15218216	22199411	1	1
931b24da-5d6d-4c2d-8de9-ef32d6eb8565	chr17	25800000	26128380	1	2
931b24da-5d6d-4c2d-8de9-ef32d6eb8565	chr17	26128381	27417404	2	2
931b24da-5d6d-4c2d-8de9-ef32d6eb8565	chr17	27417405	28134952	3	3
931b24da-5d6d-4c2d-8de9-ef32d6eb8565	chr17	28134953	28135881	2	2
931b24da-5d6d-4c2d-8de9-ef32d6eb8565	chr17	28135882	30302921	2	3
931b24da-5d6d-4c2d-8de9-ef32d6eb8565	chr17	30302922	30318898	1	2
931b24da-5d6d-4c2d-8de9-ef32d6eb8565	chr17	30318899	46107624	3	2
931b24da-5d6d-4c2d-8de9-ef32d6eb8565	chr17	46107625	46150802	2	2
931b24da-5d6d-4c2d-8de9-ef32d6eb8565	chr17	46150803	48100489	3	2
931b24da-5d6d-4c2d-8de9-ef32d6eb8565	chr17	48100490	49041998	1	2
931b24da-5d6d-4c2d-8de9-ef32d6eb8565	chr17	49041999	57807631	2	2
931b24da-5d6d-4c2d-8de9-ef32d6eb8565	chr17	57807632	57810379	1	2
931b24da-5d6d-4c2d-8de9-ef32d6eb8565	chr17	57810380	59410072	2	2
931b24da-5d6d-4c2d-8de9-ef32d6eb8565	chr17	59410073	62592281	1	2
931b24da-5d6d-4c2d-8de9-ef32d6eb8565	chr17	62592282	66551807	2	2
931b24da-5d6d-4c2d-8de9-ef32d6eb8565	chr17	66551808	70332549	1	2
931b24da-5d6d-4c2d-8de9-ef32d6eb8565	chr17	70332550	70455094	1	3
931b24da-5d6d-4c2d-8de9-ef32d6eb8565	chr17	70455095	72514900	1	1
931b24da-5d6d-4c2d-8de9-ef32d6eb8565	chr17	72514901	72635096	2	2
931b24da-5d6d-4c2d-8de9-ef32d6eb8565	chr17	72635097	77003858	1	2
931b24da-5d6d-4c2d-8de9-ef32d6eb8565	chr17	77003859	78231872	1	1
931b24da-5d6d-4c2d-8de9-ef32d6eb8565	chr17	78231873	78268994	2	2
931b24da-5d6d-4c2d-8de9-ef32d6eb8565	chr17	78268995	79112023	1	2
931b24da-5d6d-4c2d-8de9-ef32d6eb8565	chr17	79112024	79150093	2	2
931b24da-5d6d-4c2d-8de9-ef32d6eb8565	chr17	79150094	79784078	1	2
931b24da-5d6d-4c2d-8de9-ef32d6eb8565	chr17	79784079	81195209	1	1
931b24da-5d6d-4c2d-8de9-ef32d6eb8565	chr18	27500	518538	1	3
931b24da-5d6d-4c2d-8de9-ef32d6eb8565	chr18	518539	2845513	0	3
931b24da-5d6d-4c2d-8de9-ef32d6eb8565	chr18	2845514	6854772	0	4
931b24da-5d6d-4c2d-8de9-ef32d6eb8565	chr18	6854773	7804699	0	3
931b24da-5d6d-4c2d-8de9-ef32d6eb8565	chr18	7804700	8048695	2	2
931b24da-5d6d-4c2d-8de9-ef32d6eb8565	chr18	8048696	9613865	1	3
931b24da-5d6d-4c2d-8de9-ef32d6eb8565	chr18	9613866	9676608	0	7
931b24da-5d6d-4c2d-8de9-ef32d6eb8565	chr18	9676609	11986031	1	3
931b24da-5d6d-4c2d-8de9-ef32d6eb8565	chr18	11986032	11998542	1	5
931b24da-5d6d-4c2d-8de9-ef32d6eb8565	chr18	11998543	13893633	3	3
931b24da-5d6d-4c2d-8de9-ef32d6eb8565	chr18	13893634	13918225	2	4
931b24da-5d6d-4c2d-8de9-ef32d6eb8565	chr18	13918226	20693367	2	3
931b24da-5d6d-4c2d-8de9-ef32d6eb8565	chr18	20693368	20752825	3	3
931b24da-5d6d-4c2d-8de9-ef32d6eb8565	chr18	20752826	21334197	3	2
931b24da-5d6d-4c2d-8de9-ef32d6eb8565	chr18	21334198	27601424	2	2
931b24da-5d6d-4c2d-8de9-ef32d6eb8565	chr18	27601425	33253151	2	0
931b24da-5d6d-4c2d-8de9-ef32d6eb8565	chr18	33253152	37199488	1	1
931b24da-5d6d-4c2d-8de9-ef32d6eb8565	chr18	37199489	37217331	1	2
931b24da-5d6d-4c2d-8de9-ef32d6eb8565	chr18	37217332	41424569	1	1
931b24da-5d6d-4c2d-8de9-ef32d6eb8565	chr18	41424570	43373034	1	2
931b24da-5d6d-4c2d-8de9-ef32d6eb8565	chr18	43373035	48521247	1	1
931b24da-5d6d-4c2d-8de9-ef32d6eb8565	chr18	48521248	55614874	1	0
931b24da-5d6d-4c2d-8de9-ef32d6eb8565	chr18	55614875	55657283	1	4
931b24da-5d6d-4c2d-8de9-ef32d6eb8565	chr18	55657284	63951267	1	0
931b24da-5d6d-4c2d-8de9-ef32d6eb8565	chr18	63951268	70320164	0	2
931b24da-5d6d-4c2d-8de9-ef32d6eb8565	chr18	70320165	74723955	1	2
931b24da-5d6d-4c2d-8de9-ef32d6eb8565	chr18	74723956	76056688	1	1
931b24da-5d6d-4c2d-8de9-ef32d6eb8565	chr18	76056689	76114682	1	2
931b24da-5d6d-4c2d-8de9-ef32d6eb8565	chr18	76114683	76193329	2	2
931b24da-5d6d-4c2d-8de9-ef32d6eb8565	chr18	76193330	78077247	1	3
931b24da-5d6d-4c2d-8de9-ef32d6eb8565	chr19	102500	3015374	1	1
931b24da-5d6d-4c2d-8de9-ef32d6eb8565	chr19	3015375	3084354	1	0
931b24da-5d6d-4c2d-8de9-ef32d6eb8565	chr19	3084355	3535588	1	1
931b24da-5d6d-4c2d-8de9-ef32d6eb8565	chr19	3535589	3566588	1	0
931b24da-5d6d-4c2d-8de9-ef32d6eb8565	chr19	3566589	10940505	1	1
931b24da-5d6d-4c2d-8de9-ef32d6eb8565	chr19	10940506	10967977	1	0
931b24da-5d6d-4c2d-8de9-ef32d6eb8565	chr19	10967978	11936488	1	1
931b24da-5d6d-4c2d-8de9-ef32d6eb8565	chr19	11936489	21135729	1	2
931b24da-5d6d-4c2d-8de9-ef32d6eb8565	chr19	21135730	21416041	0	3
931b24da-5d6d-4c2d-8de9-ef32d6eb8565	chr19	21416042	22124426	1	2
931b24da-5d6d-4c2d-8de9-ef32d6eb8565	chr19	22124427	22355029	2	2
931b24da-5d6d-4c2d-8de9-ef32d6eb8565	chr19	22355030	30169632	1	2
931b24da-5d6d-4c2d-8de9-ef32d6eb8565	chr19	30169633	32180100	2	2
931b24da-5d6d-4c2d-8de9-ef32d6eb8565	chr19	32180101	33311557	1	2
931b24da-5d6d-4c2d-8de9-ef32d6eb8565	chr19	33311558	38776613	1	0
931b24da-5d6d-4c2d-8de9-ef32d6eb8565	chr19	38776614	39960950	1	1
931b24da-5d6d-4c2d-8de9-ef32d6eb8565	chr19	39960951	58908315	1	2
931b24da-5d6d-4c2d-8de9-ef32d6eb8565	chr20	17500	171230	2	2
931b24da-5d6d-4c2d-8de9-ef32d6eb8565	chr20	171231	187389	2	3
931b24da-5d6d-4c2d-8de9-ef32d6eb8565	chr20	187390	1675608	2	2
931b24da-5d6d-4c2d-8de9-ef32d6eb8565	chr20	1675609	4852834	1	2
931b24da-5d6d-4c2d-8de9-ef32d6eb8565	chr20	4852835	11732672	2	2
931b24da-5d6d-4c2d-8de9-ef32d6eb8565	chr20	11732673	14207027	1	2
931b24da-5d6d-4c2d-8de9-ef32d6eb8565	chr20	14207028	14915922	1	1
931b24da-5d6d-4c2d-8de9-ef32d6eb8565	chr20	14915923	15428134	1	2
931b24da-5d6d-4c2d-8de9-ef32d6eb8565	chr20	15428135	15431905	0	3
931b24da-5d6d-4c2d-8de9-ef32d6eb8565	chr20	15431906	15467734	0	2
931b24da-5d6d-4c2d-8de9-ef32d6eb8565	chr20	15467735	15593697	0	1
931b24da-5d6d-4c2d-8de9-ef32d6eb8565	chr20	15593698	15661851	1	2
931b24da-5d6d-4c2d-8de9-ef32d6eb8565	chr20	15661852	15760941	0	2
931b24da-5d6d-4c2d-8de9-ef32d6eb8565	chr20	15760942	15864278	1	1
931b24da-5d6d-4c2d-8de9-ef32d6eb8565	chr20	15864279	20998782	2	2
931b24da-5d6d-4c2d-8de9-ef32d6eb8565	chr20	20998783	25599999	1	2
931b24da-5d6d-4c2d-8de9-ef32d6eb8565	chr20	29512500	31012809	1	1
931b24da-5d6d-4c2d-8de9-ef32d6eb8565	chr20	31012810	31186640	1	2
931b24da-5d6d-4c2d-8de9-ef32d6eb8565	chr20	31186641	31206505	3	2
931b24da-5d6d-4c2d-8de9-ef32d6eb8565	chr20	31206506	32670917	2	2
931b24da-5d6d-4c2d-8de9-ef32d6eb8565	chr20	32670918	34420549	3	2
931b24da-5d6d-4c2d-8de9-ef32d6eb8565	chr20	34420550	34437677	2	2
931b24da-5d6d-4c2d-8de9-ef32d6eb8565	chr20	34437678	34445844	1	2
931b24da-5d6d-4c2d-8de9-ef32d6eb8565	chr20	34445845	35093729	3	2
931b24da-5d6d-4c2d-8de9-ef32d6eb8565	chr20	35093730	35094863	2	2
931b24da-5d6d-4c2d-8de9-ef32d6eb8565	chr20	35094864	36010663	3	2
931b24da-5d6d-4c2d-8de9-ef32d6eb8565	chr20	36010664	36170509	2	2
931b24da-5d6d-4c2d-8de9-ef32d6eb8565	chr20	36170510	36311619	3	2
931b24da-5d6d-4c2d-8de9-ef32d6eb8565	chr20	36311620	44780193	2	2
931b24da-5d6d-4c2d-8de9-ef32d6eb8565	chr20	44780194	46083923	2	3
931b24da-5d6d-4c2d-8de9-ef32d6eb8565	chr20	46083924	46086595	2	2
931b24da-5d6d-4c2d-8de9-ef32d6eb8565	chr20	46086596	46429700	2	3
931b24da-5d6d-4c2d-8de9-ef32d6eb8565	chr20	46429701	47515991	2	2
931b24da-5d6d-4c2d-8de9-ef32d6eb8565	chr20	47515992	48224243	1	2
931b24da-5d6d-4c2d-8de9-ef32d6eb8565	chr20	48224244	49081414	1	8
931b24da-5d6d-4c2d-8de9-ef32d6eb8565	chr20	49081415	49265998	2	8
931b24da-5d6d-4c2d-8de9-ef32d6eb8565	chr20	49265999	49266389	1	6
931b24da-5d6d-4c2d-8de9-ef32d6eb8565	chr20	49266390	49496075	1	2
931b24da-5d6d-4c2d-8de9-ef32d6eb8565	chr20	49496076	50855098	1	6
931b24da-5d6d-4c2d-8de9-ef32d6eb8565	chr20	50855099	52749157	2	6
931b24da-5d6d-4c2d-8de9-ef32d6eb8565	chr20	52749158	52749186	2	7
931b24da-5d6d-4c2d-8de9-ef32d6eb8565	chr20	52749187	57105674	2	6
931b24da-5d6d-4c2d-8de9-ef32d6eb8565	chr20	57105675	62432500	1	6
931b24da-5d6d-4c2d-8de9-ef32d6eb8565	chr21	10900000	15908073	1	2
931b24da-5d6d-4c2d-8de9-ef32d6eb8565	chr21	15908074	15931842	2	2
931b24da-5d6d-4c2d-8de9-ef32d6eb8565	chr21	15931843	16327779	1	2
931b24da-5d6d-4c2d-8de9-ef32d6eb8565	chr21	16327780	16383729	2	2
931b24da-5d6d-4c2d-8de9-ef32d6eb8565	chr21	16383730	28766132	1	2
931b24da-5d6d-4c2d-8de9-ef32d6eb8565	chr21	28766133	28825282	2	2
931b24da-5d6d-4c2d-8de9-ef32d6eb8565	chr21	28825283	33784997	1	2
931b24da-5d6d-4c2d-8de9-ef32d6eb8565	chr21	33784998	33846391	1	3
931b24da-5d6d-4c2d-8de9-ef32d6eb8565	chr21	33846392	48129894	1	2
931b24da-5d6d-4c2d-8de9-ef32d6eb8565	chr22	1	12199999	1	2
931b24da-5d6d-4c2d-8de9-ef32d6eb8565	chr22	17900000	18889632	2	2
931b24da-5d6d-4c2d-8de9-ef32d6eb8565	chr22	18889633	19499569	1	2
931b24da-5d6d-4c2d-8de9-ef32d6eb8565	chr22	19499570	29184243	2	2
931b24da-5d6d-4c2d-8de9-ef32d6eb8565	chr22	29184244	29219708	1	2
931b24da-5d6d-4c2d-8de9-ef32d6eb8565	chr22	29219709	29934890	2	2
931b24da-5d6d-4c2d-8de9-ef32d6eb8565	chr22	29934891	29986420	1	2
931b24da-5d6d-4c2d-8de9-ef32d6eb8565	chr22	29986421	40036467	2	2
931b24da-5d6d-4c2d-8de9-ef32d6eb8565	chr22	40036468	40621850	1	2
931b24da-5d6d-4c2d-8de9-ef32d6eb8565	chr22	40621851	40623921	1	1
931b24da-5d6d-4c2d-8de9-ef32d6eb8565	chr22	40623922	40692399	2	2
931b24da-5d6d-4c2d-8de9-ef32d6eb8565	chr22	40692400	40702276	1	2
931b24da-5d6d-4c2d-8de9-ef32d6eb8565	chr22	40702277	42475610	1	0
931b24da-5d6d-4c2d-8de9-ef32d6eb8565	chr22	42475611	44362556	2	2
931b24da-5d6d-4c2d-8de9-ef32d6eb8565	chr22	44362557	50064419	1	2
931b24da-5d6d-4c2d-8de9-ef32d6eb8565	chr22	50064420	50828552	1	1
931b24da-5d6d-4c2d-8de9-ef32d6eb8565	chr22	50828553	50829586	1	2
931b24da-5d6d-4c2d-8de9-ef32d6eb8565	chrX	1	154513876	1	0
