chr17	7565097	7590856	TP53	0.999335209	Ensembl	ENSG00000141510	oncogene, TSG, fusion
chr10	89622870	89731687	PTEN	0.999835779	Ensembl	ENSG00000171862	TSG
chr9	21967751	21995300	CDKN2A	0.988741942	Ensembl	ENSG00000147889	TSG
chr1	27022524	27108595	ARID1A	0.999665006	Ensembl	ENSG00000117713	TSG, fusion
chr3	52579368	52719933	PBRM1	0.999195273	Ensembl	ENSG00000163939	TSG
chr13	48877887	49056122	RB1	0.999302125	Ensembl	ENSG00000139687	TSG
chr3	10182692	10193904	VHL	0.999155256	Ensembl	ENSG00000134086	TSG
chr17	29421945	29709134	NF1	0.993015241	Ensembl	ENSG00000196712	TSG, fusion
chr5	56111401	56191979	MAP3K1	0.997789344	Ensembl	ENSG00000095015	oncogene, TSG
chr18	48494410	48611415	SMAD4	0.997653552	Ensembl	ENSG00000141646	TSG
chrX	44732757	44971847	KDM6A	0.99767053	Ensembl	ENSG00000147050	oncogene, TSG
chr10	8095567	8117161	GATA3	0.998092072	Ensembl	ENSG00000107485	oncogene, TSG
chr12	46123448	46301823	ARID2	0.990262553	Ensembl	ENSG00000189079	TSG
chr3	47057919	47205457	SETD2	0.996542719	Ensembl	ENSG00000181555	TSG
chr12	49412758	49453557	KMT2D	0.993478222	Ensembl	ENSG00000167548	oncogene, TSG
chrX	76760356	77041702	ATRX	0.991244751	Ensembl	ENSG00000085224	TSG
chr4	153242410	153457253	FBXW7	0.987725935	Ensembl	ENSG00000109670	TSG
chr7	151832010	152133090	KMT2C	0.969505436	Ensembl	ENSG00000055609	TSG
chr5	67511548	67597649	PIK3R1	0.996535198	Ensembl	ENSG00000145675	TSG
chr2	202098166	202152434	CASP8	0.996614	Ensembl	ENSG00000064012	TSG
chr16	68771128	68869451	CDH1	0.994076871	Ensembl	ENSG00000039068	TSG
chr16	67596310	67673086	CTCF	0.994066405	Ensembl	ENSG00000102974	TSG
chr11	108093211	108239829	ATM	0.965068542	Ensembl	ENSG00000149311	TSG
chr19	42772689	42799949	CIC	0.975286939	Ensembl	ENSG00000079432	oncogene, TSG, fusion
chr21	36160098	37376965	RUNX1	0.991319539	Ensembl	ENSG00000159216	oncogene, TSG, fusion
chr1	6241329	6269449	RPL22	0.998961337	Ensembl	ENSG00000116251	TSG, fusion
chrX	123094062	123556514	STAG2	0.975587255	Ensembl	ENSG00000101972	TSG
chr4	187508937	187647876	FAT1	0.976997175	Ensembl	ENSG00000083857	TSG
chr9	139388896	139440314	NOTCH1	0.978529545	Ensembl	ENSG00000148400	oncogene, TSG, fusion
chr17	11924141	12047147	MAP2K4	0.992692139	Ensembl	ENSG00000065559	oncogene, TSG
chr3	52435029	52444366	BAP1	0.989877252	Ensembl	ENSG00000163930	TSG
chr17	56429861	56494956	RNF43	0.925278914	Ensembl	ENSG00000108375	TSG
chr19	47421933	47508334	ARHGAP35	0.976616904	Ensembl	ENSG00000160007	TSG
chr19	1189406	1228428	STK11	0.995866931	Ensembl	ENSG00000118046	TSG
chr6	36644305	36655116	CDKN1A	0.62948613	Ensembl	ENSG00000124762	oncogene, TSG
chr22	41487790	41576081	EP300	0.908485666	Ensembl	ENSG00000100393	TSG, fusion
chr12	12867992	12875305	CDKN1B	0.992173455	Ensembl	ENSG00000111276	TSG
chr6	157099063	157531913	ARID1B	0.943650098	Ensembl	ENSG00000049618	TSG
chr15	45003675	45011075	B2M	0.986882184	Ensembl	ENSG00000166710	TSG
chrX	53220503	53254604	KDM5C	0.970761472	Ensembl	ENSG00000126012	TSG
chr3	30647994	30735634	TGFBR2	0.983672588	Ensembl	ENSG00000163513	TSG
chrX	39909068	40036582	BCOR	0.898030504	Ensembl	ENSG00000183337	TSG, fusion
chr19	11071598	11176071	SMARCA4	0.82896604	Ensembl	ENSG00000127616	TSG
chr10	855484	977564	LARP4B	0.937429868	Ensembl	ENSG00000107929	TSG
chr16	3775055	3930727	CREBBP	0.936810641	Ensembl	ENSG00000005339	oncogene, TSG, fusion
chr12	52345451	52390862	ACVR1B	0.952246767	Ensembl	ENSG00000135503	TSG
chr2	25455845	25565459	DNMT3A	0.643231195	Ensembl	ENSG00000119772	TSG
chr2	148602086	148688393	ACVR2A	0.993333101	Ensembl	ENSG00000121989	TSG
chr20	30946155	31027122	ASXL1	0.861275786	Ensembl	ENSG00000171456	TSG
chr17	15932471	16121499	NCOR1	0.933401605	Ensembl	ENSG00000141027	TSG
chr11	64570982	64578766	MEN1	0.982550123	Ensembl	ENSG00000133895	TSG
chr12	115108059	115121969	TBX3	0.920461354	Ensembl	ENSG00000135111	oncogene, TSG
chr1	23884409	23886285	ID3	0.951831704	Ensembl	ENSG00000117318	TSG
chr18	45357922	45457515	SMAD2	0.981921991	Ensembl	ENSG00000175387	TSG
chr1	120454176	120612240	NOTCH2	0.827342455	Ensembl	ENSG00000134250	oncogene, TSG
chr3	176737143	176915261	TBL1XR1	0.677113515	Ensembl	ENSG00000177565	oncogene, TSG, fusion
chr22	24129150	24176703	SMARCB1	0.972244112	Ensembl	ENSG00000099956	TSG
chr4	106067032	106200973	TET2	0.908375334	Ensembl	ENSG00000168769	TSG
chr17	37617764	37721160	CDK12	0.626764919	Ensembl	ENSG00000167258	TSG
chr1	201977073	201986316	ELF3	0.852910078	Ensembl	ENSG00000163435	TSG
chr11	32409321	32457176	WT1	0.60435675	Ensembl	ENSG00000184937	oncogene, TSG, fusion
chr19	10596796	10614417	KEAP1	0.682518473	Ensembl	ENSG00000079999	TSG
chr22	29999545	30094587	NF2	0.986388834	Ensembl	ENSG00000186575	TSG
chrX	47004268	47046212	RBM10	0.970375013	Ensembl	ENSG00000182872	TSG
chr19	33790840	33793470	CEBPA	0.803650795	Ensembl	ENSG00000245848	TSG
chrX	41192651	41223725	DDX3X	0.784335969	Ensembl	ENSG00000215301	TSG
chrX	133507283	133562820	PHF6	0.687107478	Ensembl	ENSG00000156531	TSG
chr16	50775961	50835846	CYLD	0.914887658	Ensembl	ENSG00000083799	TSG
chr16	67063019	67134961	CBFB	0.867773915	Ensembl	ENSG00000067955	TSG, fusion
chr22	29279580	29453475	ZNRF3	0.905468824	Ensembl	ENSG00000183579	TSG
chr17	41196312	41277500	BRCA1	0.790358464	Ensembl	ENSG00000012048	TSG
chr15	93426526	93571237	CHD2	0.850802658	Ensembl	ENSG00000173575	TSG
chrX	63404997	63425624	AMER1	0.77024094	Ensembl	ENSG00000184675	TSG
chr13	95361886	95364389	SOX21	0.562882916	Ensembl	ENSG00000125285	TSG
chr1	93297582	93307481	RPL5	0.943353196	Ensembl	ENSG00000122406	TSG
chr16	337440	402673	AXIN1	0.620988622	Ensembl	ENSG00000103126	TSG
chr10	90750414	90775542	FAS	0.868311268	Ensembl	ENSG00000026103	TSG
chr9	98205262	98279339	PTCH1	0.844911324	Ensembl	ENSG00000185920	TSG
chr19	54641444	54659419	CNOT3	0.606182886	Ensembl	ENSG00000088038	TSG
chrX	70459474	70474996	ZMYM3	0.49071102	Ensembl	ENSG00000147130	TSG
chr2	25956622	26101385	ASXL2	0.776761806	Ensembl	ENSG00000143970	TSG
chr8	117858174	117887105	RAD21	0.287650284	Ensembl	ENSG00000164754	oncogene, TSG
chr12	121416346	121440315	HNF1A	0.96022838	Ensembl	ENSG00000135100	TSG
chr13	32889611	32973805	BRCA2	0.774253001	Ensembl	ENSG00000139618	TSG
chr19	49458072	49465055	BAX	0.86196214	Ensembl	ENSG00000087088	TSG
chr2	225334867	225450110	CUL3	0.856454189	Ensembl	ENSG00000036257	TSG
chr1	35641979	35658749	SFPQ	0.630463843	Ensembl	ENSG00000116560	TSG, fusion
chr6	128289924	128841870	PTPRK	0.8938272	Ensembl	ENSG00000152894	TSG, fusion
chr1	85731931	85742773	BCL10	0.914968325	Ensembl	ENSG00000142867	TSG, fusion
chr12	124808961	125052135	NCOR2	0.728257853	Ensembl	ENSG00000196498	TSG
chr3	142168077	142297668	ATR	0.494199786	Ensembl	ENSG00000175054	TSG
chr17	30264037	30328064	SUZ12	0.774350593	Ensembl	ENSG00000178691	oncogene, TSG, fusion
chr1	16174359	16266955	SPEN	0.686299258	Ensembl	ENSG00000065526	TSG
chrX	129115083	129192058	BCORL1	0.631329288	Ensembl	ENSG00000085185	oncogene, TSG
chr3	158288952	158325041	MLF1	0.814662412	Ensembl	ENSG00000178053	TSG, fusion
chr1	65298912	65432187	JAK1	0.525340548	Ensembl	ENSG00000162434	oncogene, TSG
chr8	113235157	114449328	CSMD3	0.227134008	Ensembl	ENSG00000164796	TSG
chr16	72816784	73093597	ZFHX3	0.764432223	Ensembl	ENSG00000140836	TSG
chr2	47630108	47789450	MSH2	0.744426627	Ensembl	ENSG00000095002	TSG
chr7	101458959	101927249	CUX1	0.47999169	Ensembl	ENSG00000257923	oncogene, TSG
chr12	59265931	59314303	LRIG3	0.575494672	Ensembl	ENSG00000139263	TSG, fusion
chr3	37034823	37107380	MLH1	0.876929988	Ensembl	ENSG00000076242	TSG
chr1	51426417	51440305	CDKN2C	0.815159099	Ensembl	ENSG00000123080	TSG
chr17	66507921	66547460	PRKAR1A	0.856123037	Ensembl	ENSG00000108946	oncogene, TSG, fusion
chr10	104263744	104393292	SUFU	0.895247107	Ensembl	ENSG00000107882	TSG
chr16	2097466	2138716	TSC2	0.426092379	Ensembl	ENSG00000103197	TSG
chr17	1247566	1303672	YWHAE	0.200747631	Ensembl	ENSG00000108953	TSG, fusion
chr3	185000729	185206885	MAP3K13	0.256289372	Ensembl	ENSG00000073803	oncogene, TSG
chr10	76585340	76792380	KAT6B	0.398875153	Ensembl	ENSG00000156650	TSG, fusion
chr5	137946656	138270723	CTNNA1	0.595802242	Ensembl	ENSG00000044115	TSG, fusion
chr10	104153867	104162281	NFKB2	0.626016725	Ensembl	ENSG00000077150	oncogene, TSG, fusion
chr1	193091147	193223031	CDC73	0.369648008	Ensembl	ENSG00000134371	TSG
chr5	142149949	142608576	ARHGAP26	0.434414863	Ensembl	ENSG00000145819	TSG, fusion
chr6	163835032	163999628	QKI	0.722876902	Ensembl	ENSG00000112531	oncogene, TSG
chr11	108535752	108811657	DDX10	0.472073285	Ensembl	ENSG00000178105	TSG, fusion
chr11	119076752	119178859	CBL	0.358866766	Ensembl	ENSG00000110395	oncogene, TSG, fusion
chr11	85955586	85989855	EED	0.071184475	Ensembl	ENSG00000074266	TSG
chr17	63524681	63557765	AXIN2	0.214094932	Ensembl	ENSG00000168646	TSG
chr9	135766735	135820020	TSC1	0.591169832	Ensembl	ENSG00000165699	TSG
chr10	27035522	27150016	ABI1	0.069561847	Ensembl	ENSG00000136754	TSG, fusion
chr22	39378352	39388809	APOBEC3B	0.036220202	Ensembl	ENSG00000179750	oncogene, TSG
chr8	1772142	1906807	ARHGEF10	0.091651262	Ensembl	ENSG00000104728	TSG
chr1	17866330	18024369	ARHGEF10L	0.269473964	Ensembl	ENSG00000074964	TSG
chr11	120207787	120360645	ARHGEF12	0.067561108	Ensembl	ENSG00000196914	TSG, fusion
chr1	150782181	150849244	ARNT	0.194649462	Ensembl	ENSG00000143437	oncogene, TSG, fusion
chr1	116915290	116952883	ATP1A1	0.154204633	Ensembl	ENSG00000163399	oncogene, TSG
chrX	152783134	152848397	ATP2B3	0.012202626	Ensembl	ENSG00000067842	TSG
chr2	215590370	215674428	BARD1	0.370537592	Ensembl	ENSG00000138376	TSG
chr14	35221937	35344853	BAZ1A	0.118568686	Ensembl	ENSG00000198604	TSG
chr14	99635624	99737861	BCL11B	0.135576361	Ensembl	ENSG00000127152	oncogene, TSG, fusion
chr11	118764584	118796317	BCL9L	0.466390014	Ensembl	ENSG00000186174	oncogene, TSG
chr11	102188215	102210134	BIRC3	0.218760015	Ensembl	ENSG00000023445	oncogene, TSG, fusion
chr15	91260558	91358859	BLM	0.036962499	Ensembl	ENSG00000197299	TSG
chr10	88516407	88692595	BMPR1A	0.431126938	Ensembl	ENSG00000107779	oncogene, TSG
chr17	59758627	59940882	BRIP1	0.050748632	Ensembl	ENSG00000136492	TSG
chr12	92536286	92539673	BTG1	0.082995853	Ensembl	ENSG00000133639	TSG, fusion
chr1	203274619	203278730	BTG2	0.073209313	Ensembl	ENSG00000159388	TSG
chrX	100604435	100641183	BTK	0.080397378	Ensembl	ENSG00000010671	oncogene, TSG
chr15	40453224	40513337	BUB1B	0.242380782	Ensembl	ENSG00000156970	TSG
chr1	6845384	7829766	CAMTA1	0.057766751	Ensembl	ENSG00000171735	TSG, fusion
chr11	3022152	3078843	CARS	0.181445541	Ensembl	ENSG00000110619	TSG, fusion
chr4	185548850	185570663	CASP3	0.583236223	Ensembl	ENSG00000164305	TSG
chr1	15817327	15853029	CASP9	0.024225556	Ensembl	ENSG00000132906	TSG
chr16	88941266	89043612	CBFA2T3	0.362053225	Ensembl	ENSG00000129993	TSG, fusion
chr3	105374305	105588396	CBLB	0.039133757	Ensembl	ENSG00000114423	TSG
chr19	45281126	45303891	CBLC	0.151021807	Ensembl	ENSG00000142273	oncogene, TSG
chr10	61548521	61666414	CCDC6	0.478600924	Ensembl	ENSG00000108091	TSG, fusion
chr14	20779527	20801471	CCNB1IP1	0.093629422	Ensembl	ENSG00000100814	TSG, fusion
chr6	99990256	100016849	CCNC	0.624484624	Ensembl	ENSG00000112237	TSG
chr9	5450503	5470566	CD274	0.065805357	Ensembl	ENSG00000120217	TSG, fusion
chr5	24487209	24645087	CDH10	0.120060093	Ensembl	ENSG00000040731	TSG
chr16	64977656	65160015	CDH11	0.080957789	Ensembl	ENSG00000140937	TSG, fusion
chr13	28536274	28545276	CDX2	0.266752002	Ensembl	ENSG00000165556	TSG, fusion
chr22	29083731	29138410	CHEK2	0.492432736	Ensembl	ENSG00000183765	TSG
chr16	10971055	11026079	CIITA	0.090545827	Ensembl	ENSG00000179583	TSG, fusion
chr17	57697219	57773671	CLTC	0.049952565	Ensembl	ENSG00000141367	TSG, fusion
chr22	19166986	19279239	CLTCL1	0.029962183	Ensembl	ENSG00000070371	TSG, fusion
chr3	128888327	128902765	CNBP	0.387465438	Ensembl	ENSG00000169714	TSG, fusion
chr7	145813453	148118090	CNTNAP2	0.027799919	Ensembl	ENSG00000174469	TSG
chr10	93806449	94050844	CPEB3	0.474207119	Ensembl	ENSG00000107864	TSG
chr11	46299212	46342972	CREB3L1	0.033179987	Ensembl	ENSG00000157613	TSG, fusion
chr6	33286335	33297046	DAXX	0.168526181	Ensembl	ENSG00000204209	oncogene, TSG
chr11	47236493	47260767	DDB2	0.049096424	Ensembl	ENSG00000134574	oncogene, TSG
chr14	95552565	95624347	DICER1	0.178071885	Ensembl	ENSG00000100697	TSG
chr19	10828755	10944164	DNM2	0.236029783	Ensembl	ENSG00000079805	TSG
chr5	31400604	31532303	DROSHA	0.111279253	Ensembl	ENSG00000113360	TSG
chr5	158122928	158526769	EBF1	0.030332966	Ensembl	ENSG00000164330	TSG, fusion
chr8	109213445	109447562	EIF3E	0.002802153	Ensembl	ENSG00000104408	TSG, fusion
chrX	129198849	129244691	ELF4	0.202234216	Ensembl	ENSG00000102034	oncogene, TSG, fusion
chr19	18553473	18632937	ELL	0.17591904	Ensembl	ENSG00000105656	TSG, fusion
chr2	46520806	46613836	EPAS1	0.296464853	Ensembl	ENSG00000116016	oncogene, TSG
chr1	51819935	51985000	EPS15	0.103585972	Ensembl	ENSG00000085832	TSG, fusion
chr2	212240446	213403565	ERBB4	0.131842317	Ensembl	ENSG00000178568	oncogene, TSG
chr19	45853095	45874176	ERCC2	0.045397091	Ensembl	ENSG00000104884	TSG
chr2	128014866	128051752	ERCC3	0.423156138	Ensembl	ENSG00000163161	TSG
chr16	14014014	14046202	ERCC4	0.016201897	Ensembl	ENSG00000175595	TSG
chr13	103497194	103528345	ERCC5	0.018685928	Ensembl	ENSG00000134899	TSG
chr6	151977826	152450754	ESR1	0.353298572	Ensembl	ENSG00000091831	oncogene, TSG, fusion
chr12	22778009	22843599	ETNK1	0.038591938	Ensembl	ENSG00000139163	TSG
chr12	11802788	12048336	ETV6	0.073234132	Ensembl	ENSG00000139083	TSG, fusion
chr8	118806729	119124092	EXT1	0.022301618	Ensembl	ENSG00000182197	TSG, fusion
chr11	44117099	44266979	EXT2	0.015735418	Ensembl	ENSG00000151348	TSG
chr7	148504475	148581413	EZH2	0.069041124	Ensembl	ENSG00000106462	oncogene, TSG
chr16	89803957	89883065	FANCA	0.126556965	Ensembl	ENSG00000187741	TSG
chr9	97861336	98079991	FANCC	0.400018047	Ensembl	ENSG00000158169	TSG
chr3	10068098	10143614	FANCD2	0.314873706	Ensembl	ENSG00000144554	TSG
chr6	35420138	35434880	FANCE	0.039711851	Ensembl	ENSG00000112039	TSG
chr11	22644079	22647387	FANCF	0.170417494	Ensembl	ENSG00000183161	TSG
chr9	35073832	35080013	FANCG	0.208900985	Ensembl	ENSG00000221829	TSG
chr4	126237554	126414087	FAT4	0.122187191	Ensembl	ENSG00000196159	TSG
chr3	13573824	13679922	FBLN2	0.314112059	Ensembl	ENSG00000163520	TSG
chr2	48016455	48132932	FBXO11	0.259312309	Ensembl	ENSG00000138081	TSG
chr11	61560109	61564716	FEN1	0.348025558	Ensembl	ENSG00000168496	TSG
chr15	91426925	91439006	FES	0.075814973	Ensembl	ENSG00000182511	oncogene, TSG
chr1	241660903	241683061	FH	0.054371753	Ensembl	ENSG00000091483	TSG
chr3	59735036	61237133	FHIT	0.10652662	Ensembl	ENSG00000189283	TSG, fusion
chr17	17115526	17140502	FLCN	0.466612842	Ensembl	ENSG00000154803	TSG
chr3	138663066	138665982	FOXL2	0.182883815	Ensembl	ENSG00000183770	oncogene, TSG
chr13	41129804	41240734	FOXO1	0.169006661	Ensembl	ENSG00000150907	oncogene, TSG, fusion
chr6	108881038	109005977	FOXO3	0.37453329	Ensembl	ENSG00000118689	oncogene, TSG, fusion
chrX	70316047	70323385	FOXO4	0.055484348	Ensembl	ENSG00000184481	oncogene, TSG, fusion
chrX	48644962	48652716	GATA1	0.026972899	Ensembl	ENSG00000102145	oncogene, TSG
chrX	132669773	133119922	GPC3	0.04829182	Ensembl	ENSG00000147257	oncogene, TSG
chr13	92050929	93519490	GPC5	0.02613516	Ensembl	ENSG00000179399	TSG
chr16	9852376	10276611	GRIN2A	0.027879761	Ensembl	ENSG00000183454	TSG
chr7	27221129	27224842	HOXA11	0.093265315	Ensembl	ENSG00000005073	oncogene, TSG, fusion
chr7	27202054	27210117	HOXA9	0.04124854	Ensembl	ENSG00000078399	oncogene, TSG, fusion
chr3	185361527	185542844	IGF2BP2	0.055172793	Ensembl	ENSG00000073792	TSG
chr7	50343720	50472799	IKZF1	0.029157148	Ensembl	ENSG00000185811	TSG, fusion
chr17	37921198	38020441	IKZF3	0.012470588	Ensembl	ENSG00000161405	oncogene, TSG, fusion
chr6	391739	411447	IRF4	0.016954592	Ensembl	ENSG00000137265	oncogene, TSG, fusion
chrX	107975712	107979651	IRS4	0.124609717	Ensembl	ENSG00000133124	oncogene, TSG
chr9	110247133	110252763	KLF4	0.384892657	Ensembl	ENSG00000136826	oncogene, TSG
chr10	3818188	3827473	KLF6	0.068000737	Ensembl	ENSG00000067082	TSG
chr6	149979289	150039392	LATS1	0.267190983	Ensembl	ENSG00000131023	TSG
chr13	21547171	21635686	LATS2	0.087839996	Ensembl	ENSG00000150457	TSG
chr4	108968701	109090112	LEF1	0.307504186	Ensembl	ENSG00000138795	oncogene, TSG
chr8	29952914	30034724	LEPROTL1	0.506013763	Ensembl	ENSG00000104660	TSG
chr2	140988992	142889270	LRP1B	0.192060097	Ensembl	ENSG00000168702	TSG
chr22	21333751	21353327	LZTR1	0.215525058	Ensembl	ENSG00000099949	TSG
chr14	65472892	65569413	MAX	0.01295059	Ensembl	ENSG00000125952	TSG
chrX	70338406	70362303	MED12	0.133094043	Ensembl	ENSG00000184634	TSG
chr10	131265448	131566271	MGMT	0.416619785	Ensembl	ENSG00000170430	TSG
chr2	47922669	48037240	MSH6	0.529699636	Ensembl	ENSG00000116062	TSG
chr1	45794835	45806142	MUTYH	0.049641576	Ensembl	ENSG00000132781	TSG
chr22	36677327	36784063	MYH9	0.312804983	Ensembl	ENSG00000100345	TSG, fusion
chr4	40058446	40159872	N4BP2	0.110915433	Ensembl	ENSG00000078177	TSG
chr12	57482677	57489259	NAB2	0.163957841	Ensembl	ENSG00000166886	TSG, fusion
chr8	90945564	91015456	NBN	0.021997263	Ensembl	ENSG00000104320	TSG
chr10	51565108	51590734	NCOA4	0.036238943	Ensembl	ENSG00000138293	TSG, fusion
chr8	134249414	134314265	NDRG1	0.003475145	Ensembl	ENSG00000104419	TSG, fusion
chr2	178092323	178257425	NFE2L2	0.232471835	Ensembl	ENSG00000116044	oncogene, TSG
chr6	44225903	44233500	NFKBIE	0.086782263	Ensembl	ENSG00000146232	TSG
chr14	36985602	36990354	NKX2-1	0.02438479	Ensembl	ENSG00000136352	oncogene, TSG
chr8	31496902	32622548	NRG1	0.632283291	Ensembl	ENSG00000157168	TSG, fusion
chr16	2089816	2097867	NTHL1	0.057729606	Ensembl	ENSG00000065057	TSG
chr1	156785432	156851642	NTRK1	0.028718149	Ensembl	ENSG00000198400	oncogene, TSG, fusion
chr8	101698044	101735037	PABPC1	0.023674061	Ensembl	ENSG00000070756	oncogene, TSG
chr16	23614488	23652631	PALB2	0.075054498	Ensembl	ENSG00000083093	TSG
chr22	31721790	31742218	PATZ1	0.054915716	Ensembl	ENSG00000100105	TSG, fusion
chr9	36833272	37034103	PAX5	0.603149319	Ensembl	ENSG00000196092	oncogene, TSG, fusion
chr17	8043790	8059824	PER1	0.018386464	Ensembl	ENSG00000179094	TSG, fusion
chr4	41746099	41750987	PHOX2B	0.140086137	Ensembl	ENSG00000109132	TSG
chr15	74287014	74340153	PML	0.054705581	Ensembl	ENSG00000140464	TSG, fusion
chr7	6012870	6048756	PMS2	0.06196471	Ensembl	ENSG00000122512	TSG
chr19	50887461	50921273	POLD1	0.047054013	Ensembl	ENSG00000062822	TSG
chr12	133200348	133263951	POLE	0.020745455	Ensembl	ENSG00000177084	TSG
chr15	89859534	89878092	POLG	0.138086114	Ensembl	ENSG00000140521	TSG
chr3	121150278	121264853	POLQ	0.077225418	Ensembl	ENSG00000051341	oncogene, TSG
chr7	124462440	124570037	POT1	0.084169348	Ensembl	ENSG00000128513	TSG
chr3	12328867	12475855	PPARG	0.037356703	Ensembl	ENSG00000132170	TSG, fusion
chr19	52693292	52730687	PPP2R1A	0.023704851	Ensembl	ENSG00000105568	TSG
chr9	127908852	127952218	PPP6C	0.014500958	Ensembl	ENSG00000119414	TSG
chr6	106534195	106557814	PRDM1	0.306773119	Ensembl	ENSG00000057657	TSG
chr1	14026693	14151574	PRDM2	0.142633446	Ensembl	ENSG00000116731	TSG
chr10	72357104	72362531	PRF1	0.017418536	Ensembl	ENSG00000180644	TSG
chr20	62159778	62168723	PTK6	0.023976844	Ensembl	ENSG00000101213	oncogene, TSG
chr4	87515468	87736324	PTPN13	0.437076977	Ensembl	ENSG00000163629	TSG
chr12	7055631	7070479	PTPN6	0.00607561	Ensembl	ENSG00000111679	TSG
chr12	70910630	71031220	PTPRB	0.193580823	Ensembl	ENSG00000127329	TSG
chr1	198607801	198726545	PTPRC	0.170104229	Ensembl	ENSG00000081237	TSG
chr9	8314246	10612723	PTPRD	0.061257174	Ensembl	ENSG00000153707	TSG
chr20	40701392	41818610	PTPRT	0.198293914	Ensembl	ENSG00000196090	TSG
chr5	68665120	68710628	RAD17	0.157847847	Ensembl	ENSG00000152942	TSG
chr14	68286496	69196935	RAD51B	0.095000294	Ensembl	ENSG00000182185	TSG, fusion
chr2	109335937	109402267	RANBP2	0.174870515	Ensembl	ENSG00000153201	TSG, fusion
chr8	145736667	145743229	RECQL4	0.036335434	Ensembl	ENSG00000160957	oncogene, TSG
chr16	74655292	74700779	RFWD3	0.550776854	Ensembl	ENSG00000168411	TSG
chr3	49396578	49450431	RHOA	0.013847596	Ensembl	ENSG00000067560	oncogene, TSG
chr4	40192673	40248587	RHOH	0.107660752	Ensembl	ENSG00000168421	TSG, fusion
chr16	11343476	11445619	RMI2	0.067482108	Ensembl	ENSG00000175643	TSG, fusion
chr3	75955846	77699115	ROBO2	0.434803386	Ensembl	ENSG00000185008	TSG
chrX	153618315	153637504	RPL10	0.006856818	Ensembl	ENSG00000147403	TSG
chr8	108911544	109095913	RSPO2	0.008731173	Ensembl	ENSG00000147655	TSG, fusion
chr8	92967203	93115514	RUNX1T1	0.029466407	Ensembl	ENSG00000079102	oncogene, TSG, fusion
chr7	66452664	66460588	SBDS	0.052302652	Ensembl	ENSG00000126524	TSG
chr5	218356	256815	SDHA	0.02979469	Ensembl	ENSG00000073578	TSG
chr11	61197514	61215001	SDHAF2	0.108969038	Ensembl	ENSG00000167985	TSG
chr1	17345217	17380665	SDHB	0.129969809	Ensembl	ENSG00000117118	TSG
chr1	161284047	161332984	SDHC	0.27805086	Ensembl	ENSG00000143252	TSG
chr11	111957497	111990353	SDHD	0.127091123	Ensembl	ENSG00000204370	TSG
chr12	122242086	122270562	SETD1B	0.626221841	Ensembl	ENSG00000139718	TSG
chr7	37945543	38065297	SFRP4	0.003534382	Ensembl	ENSG00000106483	TSG
chr12	111843752	111889427	SH2B3	0.096365966	Ensembl	ENSG00000111252	TSG
chr20	1875154	1920543	SIRPA	0.032035656	Ensembl	ENSG00000198053	TSG
chr4	25656923	25680370	SLC34A2	0.174939756	Ensembl	ENSG00000157765	TSG, fusion
chr15	67356101	67487533	SMAD3	0.026128599	Ensembl	ENSG00000166949	TSG
chr12	50478755	50494495	SMARCD1	0.465472407	Ensembl	ENSG00000066117	TSG
chr17	38781214	38804760	SMARCE1	0.354455627	Ensembl	ENSG00000073584	TSG
chrX	53401070	53449677	SMC1A	0.080906771	Ensembl	ENSG00000072501	TSG
chr16	11348262	11350036	SOCS1	0.033133146	Ensembl	ENSG00000185338	TSG
chr17	47676246	47755596	SPOP	0.13977569	Ensembl	ENSG00000121067	TSG
chr3	136055077	136471220	STAG1	0.088829929	Ensembl	ENSG00000118007	TSG
chr17	40351186	40428725	STAT5B	0.081637333	Ensembl	ENSG00000173757	oncogene, TSG, fusion
chr19	1609291	1652604	TCF3	0.117237389	Ensembl	ENSG00000071564	oncogene, TSG, fusion
chr5	1253262	1295184	TERT	0.014918514	Ensembl	ENSG00000164362	oncogene, TSG
chr10	70320413	70454239	TET1	0.228061767	Ensembl	ENSG00000138336	oncogene, TSG, fusion
chr2	96914254	96931732	TMEM127	0.210880921	Ensembl	ENSG00000135956	TSG
chr6	138188351	138204449	TNFAIP3	0.021762999	Ensembl	ENSG00000118503	TSG
chr1	2487078	2496821	TNFRSF14	0.197869698	Ensembl	ENSG00000157873	TSG
chr3	189349205	189615068	TP63	0.146678389	Ensembl	ENSG00000073282	oncogene, TSG
chr1	154127784	154167124	TPM3	0.292741186	Ensembl	ENSG00000143549	TSG, fusion
chr16	2205699	2228130	TRAF7	0.100933247	Ensembl	ENSG00000131653	TSG
chr7	138145079	138274738	TRIM24	0.07003207	Ensembl	ENSG00000122779	oncogene, TSG, fusion
chr1	114935399	115053781	TRIM33	0.041089763	Ensembl	ENSG00000197323	TSG, fusion
chr12	95910336	95945266	USP44	0.393896918	Ensembl	ENSG00000136014	TSG
chr12	65444406	65515346	WIF1	0.19323469	Ensembl	ENSG00000156076	TSG, fusion
chr9	95947198	96082854	WNK2	0.175420513	Ensembl	ENSG00000165238	TSG
chr8	30891317	31031285	WRN	0.087177543	Ensembl	ENSG00000165392	TSG
chr9	100437191	100459639	XPA	0.35930541	Ensembl	ENSG00000136936	TSG
chr3	14186647	14220283	XPC	0.134976821	Ensembl	ENSG00000154767	TSG
chr11	113930315	114121398	ZBTB16	0.017863812	Ensembl	ENSG00000109906	TSG, fusion
chr19	54024235	54083523	ZNF331	0.10090584	Ensembl	ENSG00000130844	TSG, fusion
chrX	15808595	15841383	ZRSR2	0.29192013	Ensembl	ENSG00000169249	TSG
