chr1	944203	959309	NOC2L	0.9777176059118858
chr1	1311585	1324687	INTS11	0.9689174705251876
chr1	1401909	1407293	MRPL20	0.9530095334800023
chr1	1541673	1574863	SSU72	0.9851638743160152
chr1	6185020	6209389	RPL22	0.9477068877982738
chr1	6521347	6554513	NOL9	0.9726406047272522
chr1	8861000	8879190	ENO1	0.9668866700513341
chr1	10398592	10420511	PGD	0.9850510520674677
chr1	11106535	11262556	MTOR	0.9646866362046596
chr1	17018664	17054032	SDHB	0.9773791391662436
chr1	19338775	19485539	CAPZB	0.9493428104022114
chr1	20651767	20661544	DDOST	0.979804817510013
chr1	23691742	23696835	RPL11	0.992892198341513
chr1	24631716	24673281	SRRM1	0.9564506120606984
chr1	26432282	26471306	DHDDS	0.9907485756191121
chr1	26876132	26890283	GPN2	0.9988153663902521
chr1	26900238	26946871	NUDC	0.962486602357985
chr1	27891524	27914746	RPA2	0.9471991876798105
chr1	28505943	28539300	RCC1	0.9916511536074915
chr1	32221077	32245397	EIF3I	0.9739380605855474
chr1	32600172	32650903	ZBTB8OS	0.9842612963276358
chr1	32775237	32818031	YARS1	0.9892818863879957
chr1	35176378	35193446	SFPQ	0.9749534608224742
chr1	35599541	35641526	PSMB2	0.9700456930106617
chr1	35720218	35769978	CLSPN	0.9482145879167372
chr1	37534449	37554293	SNIP1	0.9548711005810346
chr1	37681570	37692249	C1orf109	0.9816099734867716
chr1	37692481	37709719	CDCA8	0.949399221526485
chr1	37802945	37808208	YRDC	0.9771534946691488
chr1	37956975	37990075	SF3A3	0.9746149940768319
chr1	39692182	39763914	PPIE	0.9470299543069893
chr1	40979300	41012565	CTPS1	0.9837535962091725
chr1	42456117	42473385	PPCS	0.9482709990410109
chr1	43358981	43363203	CDC20	0.9926101427201445
chr1	43383917	43389808	MED8	0.9475940655497265
chr1	43946950	43968022	IPO13	0.9900716421278276
chr1	43974487	43978295	ATP6V0B	0.9931178428386078
chr1	44775251	44778779	RPS8	0.9972922660348621
chr1	44850522	44986722	EIF2B3	0.9930050205900603
chr1	45010950	45015575	UROD	0.9543634004625713
chr1	52372829	52404423	ORC1	0.9657020364415863
chr1	53226900	53238518	MAGOH	0.9547582783324872
chr1	75786197	75795086	RABGGTB	0.9818920291081401
chr1	88852633	88891944	GTF2B	0.9887741862695324
chr1	91500851	91525764	CDC7	0.9659276809386811
chr1	92832013	92841924	RPL5	0.9952614655610087
chr1	103525691	103555239	RNPC3	0.9641225249619225
chr1	108692310	108702928	PRPF38B	0.9874203192869634
chr1	109213918	109238182	SARS1	0.9871382636655949
chr1	109399042	109426448	PSMA5	0.9606814463812264
chr1	109984765	110023742	AHCYL1	0.9487786991594742
chr1	111439890	111449256	WDR77	0.9723585491058837
chr1	111754832	111775602	DDX20	0.9830202515936143
chr1	112911847	112957593	SLC16A1	0.958255768037457
chr1	116372668	116410261	ATP1A1	0.9587634681559204
chr1	117929720	117966543	WDR3	0.9867997969199527
chr1	145824053	145844402	POLR3C	0.9665482033056919
chr1	145921556	145927678	RBM8A	0.9926665538444182
chr1	146064711	146229000	NBPF10	0.9777740170361595
chr1	149782689	149812373	H2BC18	0.9505838551362329
chr1	149813225	149813693	H3C13	0.9847125853218255
chr1	149923317	149927803	SF3B4	0.9857843966830259
chr1	150487414	150507602	TARS2	0.9616968466181531
chr1	151254709	151267479	PSMD4	0.9541377559654765
chr1	151399560	151401937	PSMB4	0.991538331358944
chr1	151759647	151763496	MRPL9	0.9602301573870368
chr1	153661788	153671028	ILF2	0.9481581767924635
chr1	153728050	153774808	INTS3	0.9945281209454505
chr1	155308748	155320666	FDPS	0.980763806622666
chr1	155687960	155739010	DAP3	0.950753088509054
chr1	156054782	156058506	LAMTOR2	0.9454504428273256
chr1	156212993	156240042	PMF1	0.9712867377446832
chr1	156249224	156282825	SMG5	0.9785073616517177
chr1	156308968	156367873	CCT3	0.9965025102950302
chr1	156721891	156728766	ISG20L2	0.9751791053195691
chr1	160288594	160343566	COPA	0.9471427765555368
chr1	161314381	161363206	SDHC	0.9446606870874936
chr1	163266576	163355764	NUF2	0.9550403339538557
chr1	173824653	173858808	DARS2	0.9449427427088622
chr1	175010789	175023425	MRPS14	0.9571275455519829
chr1	182839347	182887982	DHX9	0.9515428442488859
chr1	193121983	193254815	CDC73	0.9854459299373837
chr1	203861599	203871152	SNRPE	0.9881536639025216
chr1	205086142	205122015	RBBP5	0.9504146217634117
chr1	209827972	209857565	UTP25	0.9669430811756078
chr1	212035553	212107400	DTL	0.9877023749083319
chr1	212726153	212791782	NSL1	0.9607942686297738
chr1	219968600	220046530	EPRS1	0.9797484063857392
chr1	220094132	220148041	IARS2	0.9899588198792802
chr1	224227334	224330189	NVL	0.985953630055847
chr1	225777813	225790468	SRP9	0.949794099396401
chr1	225982702	225999343	SDE2	0.9683533592824505
chr1	228139962	228148984	GUK1	0.987307497038416
chr1	229440259	229508341	NUP133	0.9745021718282846
chr1	229626247	229660200	URB2	0.9743329384554634
chr1	235327350	235344532	GGPS1	0.9462966096914311
chr1	236549005	236604516	HEATR1	0.9853331076888363
chr1	244408494	244451909	ADSS2	0.9822869069780561
chr1	244840638	244864560	HNRNPU	0.9816663846110453
chr1	246839098	246931948	AHCTF1	0.9437016979748406
chr10	988434	1019932	GTPBP4	0.9742201162069161
chr10	6089034	6117457	RBM17	0.9646302250803859
chr10	7750962	7787993	KIN	0.9656456253173126
chr10	7818497	8016631	TAF3	0.9576352456704462
chr10	11920022	12043170	UPF2	0.9716252044903255
chr10	12195965	12250589	CDC123	0.9820048513566876
chr10	27154824	27187953	MASTL	0.979015061770181
chr10	30309801	30374448	MTPAP	0.9591583460258363
chr10	45972489	46003742	TIMM23	0.9658712698144074
chr10	60778331	60794852	CDK1	0.9817227957353191
chr10	68956135	68985068	DDX21	0.9901280532521013
chr10	69180234	69209099	SUPV3L1	0.984035651830541
chr10	70202835	70233911	PPA1	0.9468043098098945
chr10	73130155	73169055	ECD	0.9950922321881875
chr10	73248843	73252693	MRPS16	0.9759124499351273
chr10	77953148	78029522	POLR3A	0.9815535623624979
chr10	79512533	79516440	EIF5AL1	0.9558865008179613
chr10	86435256	86521792	WAPL	0.9577480679189936
chr10	90871952	90908553	RPP30	0.9554916229480453
chr10	92574105	92655395	KIF11	0.995769165679472
chr10	97356358	97426076	RRP12	0.956337789812151
chr10	97426191	97433444	PGAM1	0.9795227618886444
chr10	99710868	99732127	COX15	0.9707226265019462
chr10	100347233	100364826	SCD	0.9836407739606251
chr10	100969458	100987515	MRPL43	0.9642353472104699
chr10	100987367	100994403	TWNK	0.9464094319399786
chr10	103367966	103389065	TAF5	0.9573531900490777
chr10	110567684	110606048	SMC3	0.9956563434309246
chr10	119033670	119080817	EIF3A	0.9827946070965194
chr10	119829404	119892556	MCMBP	0.9479325322953687
chr10	123154402	123170467	BUB3	0.9946973543182716
chr10	133278635	133318823	TUBGCP2	0.9891690641394483
chr11	809965	812880	RPLP2	0.9539685225926553
chr11	837356	842529	POLR2L	0.9980256106504203
chr11	3000922	3057613	CARS1	0.9821740847295086
chr11	3671083	3797792	NUP98	0.9455068539515993
chr11	4094707	4138932	RRM1	0.9998871777514526
chr11	6680385	6683340	MRPL17	0.9559993230665087
chr11	8682788	8714759	RPL27A	0.9908613978676595
chr11	9573670	9593457	WEE1	0.9901844643763751
chr11	10751246	10801625	CTR9	0.9452247983302308
chr11	14443440	14500027	COPB1	0.9764201500535906
chr11	14504874	14643635	PSMA1	0.9799740508828341
chr11	17074388	17077715	RPS13	0.9944717098211767
chr11	33077188	33162371	CSTF3	0.9486658769109269
chr11	34105617	34147670	NAT10	0.9714559711175044
chr11	43680680	43856617	HSD17B12	0.9491735770293902
chr11	46743048	46846308	CKAP5	0.9922716759745022
chr11	47418769	47426473	PSMC3	0.9885485417724376
chr11	47565430	47573461	PTPMT1	0.9911998646133018
chr11	47778087	47848555	NUP160	0.9866305635471315
chr11	57528464	57530803	TIMM10	0.9654763919444914
chr11	57648188	57661865	CLP1	0.9975179105319569
chr11	57712593	57740973	TMX2	0.9757432165623061
chr11	59574398	59615774	OSBP	0.9679584814125346
chr11	59806140	59810778	MRPL16	0.9561685564393299
chr11	60890547	60906585	PRPF19	0.9996615332543578
chr11	61299451	61342596	DDB1	0.970553393129125
chr11	61792911	61797238	FEN1	0.9448299204603148
chr11	62123998	62153169	INCENP	0.979409939640097
chr11	62575045	62591637	TUT1	0.9868562080442264
chr11	62646848	62653302	INTS5	0.9692559372708298
chr11	62761565	62766710	POLR2G	0.9890562418909009
chr11	62792123	62806302	NXF1	0.9567326676820669
chr11	62832342	62841809	WDR74	0.9903536977491961
chr11	64316460	64317559	TRMT112	0.9987589552659785
chr11	64764606	64778786	SF1	0.9937383652056185
chr11	64803510	64811294	MEN1	0.9510915552546962
chr11	65014160	65022184	ARL2	0.9760252721836746
chr11	65116403	65117701	ZNHIT2	0.9877587860326057
chr11	65120630	65122177	FAU	0.9866869746714052
chr11	65121780	65134532	SYVN1	0.955942911942235
chr11	65261913	65305959	POLA2	0.9902972866249224
chr11	65711996	65719604	KAT5	0.970948270999041
chr11	65823022	65862026	CFL1	0.9769842612963276
chr11	65961728	65980137	SART1	0.9702713375077565
chr11	65996545	66002176	EIF1AD	0.9745585829525583
chr11	66002228	66004149	BANF1	0.9708918598747673
chr11	66050729	66069308	SF3B2	0.9833023072149828
chr11	66616626	66629934	RBM14	0.9779996615332543
chr11	67317871	67398410	RAD9A	0.9834151294635303
chr11	68052859	68121444	CHKA	0.9476504766740002
chr11	68891276	68903835	MRPL21	0.9614147909967846
chr11	69653076	69675416	LTO1	0.9748406385739268
chr11	74493851	74669117	POLD3	0.9464658430642523
chr11	75399515	75422280	RPS3	0.9884921306481639
chr11	77514936	77637794	CLNS1A	0.9600609240142156
chr11	77874418	77994715	INTS4	0.9533480002256445
chr11	83156988	83187451	PCF11	0.9637840582162802
chr11	93784227	93814963	MED17	0.9545326338353923
chr11	108665058	108940999	DDX10	0.9666610255542393
chr11	114439435	114450279	REXO2	0.9438709313476618
chr11	116773799	116788039	ZPR1	0.9752355164438428
chr11	118572390	118603033	ARCN1	0.9613019687482371
chr11	118998138	119015793	CENATAC	0.9592711682743837
chr11	119015712	119018691	RPS25	0.9796919952614656
chr11	119018763	119025454	TRAPPC4	0.9522197777401704
chr11	119044188	119057227	HYOU1	0.9679020702882608
chr11	119096025	119108331	DPAGT1	0.9895075308850906
chr11	119121580	119136059	HINFP	0.9781688949060755
chr11	125625163	125676255	CHEK1	0.9492863992779377
chr12	6493356	6531955	NCAPD2	0.9672251367969764
chr12	6534512	6538374	GAPDH	0.9805945732498449
chr12	6556863	6568691	NOP2	0.9704969820048513
chr12	6570082	6614524	CHD4	0.9512607886275174
chr12	6852148	6866632	USP5	0.9822304958537824
chr12	6965327	6970780	PHB2	0.9927793760929655
chr12	12813316	12829981	DDX47	0.9727534269757997
chr12	27022546	27066343	MED21	0.9563942009364247
chr12	27710822	27756295	MRPS35	0.9439273424719354
chr12	32679200	32745650	DNM1L	0.9961640435493879
chr12	32727490	32755897	YARS2	0.9805381621255712
chr12	48829756	48852842	DDX23	0.9932870762114289
chr12	49127782	49131397	TUBA1B	0.9443786314661251
chr12	49976923	50033136	RACGAP1	0.9635584137191855
chr12	53268299	53293638	ESPL1	0.9961076324251142
chr12	54301202	54351846	COPZ1	0.9596096350200259
chr12	56416363	56449426	TIMELESS	0.9748970496982005
chr12	56730438	56752374	PRIM1	0.9681841259096294
chr12	57475445	57517569	MARS1	0.9959948101765669
chr12	69585426	69601570	CCT2	0.9959383990522931
chr12	75490863	75511636	KRR1	0.9580301235403622
chr12	93405673	93441947	UBE2N	0.9517120776217071
chr12	95858952	95903828	SNRPF	0.9982512551475151
chr12	101280105	101386618	UTP20	0.9754611609409376
chr12	108522214	108561400	SART3	0.9603993907598578
chr12	108562582	108569368	ISCU	0.9803689287527501
chr12	109573255	109598125	MVK	0.9517684887459807
chr12	110280756	110351093	ATP2A2	0.9933998984599763
chr12	110452486	110469268	GPN3	0.994415298696903
chr12	110491083	110502111	VPS29	0.9675636035426186
chr12	112026689	112108796	NAA25	0.9804253398770237
chr12	112405189	112418838	RPL6	0.9939640097027134
chr12	113157173	113185479	DDX54	0.9922152648502285
chr12	113816738	113966325	RBM19	0.9670559034241553
chr12	118013588	118033130	RFC5	0.9892254752637221
chr12	120196699	120201235	RPLP0	0.9858408078072997
chr12	120443964	120446384	TRIAP1	0.9442658092175777
chr12	120578764	120581402	POP5	0.9681277147853556
chr12	121308245	121399896	ANAPC5	0.948835110283748
chr12	123384132	123409353	KMT5A	0.9610199131268686
chr12	123458088	123473154	SNRNP35	0.9650251029503019
chr12	123602077	123620943	DDX55	0.9442093980933041
chr12	123620406	123633766	EIF2B1	0.9734867715913579
chr12	123633739	123662604	GTF2H3	0.9580865346646359
chr12	130872037	130877678	RAN	0.9941332430755345
chr12	132136594	132144319	DDX51	0.9608506797540475
chr12	132144457	132152473	NOC4L	0.9695379928921983
chr12	132623753	132687376	POLE	0.9914255091103966
chr12	132725503	132761832	ANKLE2	0.9813279178654031
chr13	21140119	21149097	SAP18	0.9538557003441078
chr13	21176658	21179084	MRPL57	0.9817792068595927
chr13	27424619	27435823	GTF3A	0.9741637050826423
chr13	30456704	30617597	HMGB1	0.9491171659051165
chr13	33818069	33966558	RFC3	0.9883228972753427
chr13	36998816	37025881	EXOSC8	0.9685225926552716
chr13	45333471	45341284	TPT1	0.9675071924183449
chr13	72752169	72782096	DIS3	0.954419811586845
chr13	113177536	113208715	PCID2	0.964799458453207
chr13	114234887	114272723	CDC16	0.9983076662717888
chr14	20446401	20455089	OSGEP	0.9651943363231229
chr14	21209136	21269494	HNRNPC	0.9638968804648277
chr14	21351476	21384019	SUPT16H	0.9720764934845152
chr14	22564907	22589224	DAD1	0.9729790714728944
chr14	22920525	22929408	PRMT5	0.9874767304112371
chr14	23016543	23035230	PSMB5	0.9489479325322954
chr14	23321457	23326163	PABPN1	0.9621481356123428
chr14	23469679	23509862	NGDN	0.9782253060303492
chr14	24216857	24232367	NEDD8	0.9820612624809613
chr14	24265538	24271611	RABGGTA	0.9949794099396401
chr14	35278633	35317493	PSMA6	0.9977999661533254
chr14	49570984	49599164	RPS29	0.955378800699498
chr14	49598761	49614672	LRR1	0.9972358549105884
chr14	49643555	49688422	POLE2	0.9940768319512608
chr14	52707178	52728590	PSMC6	0.9889434196423534
chr14	58200080	58235636	ACTR10	0.9488915214080217
chr14	58244843	58272012	PSMA3	0.9761945055564958
chr14	60971441	60981170	TRMT5	0.9508094996333277
chr14	64388031	64463457	MTHFD1	0.9593275793986574
chr14	64986895	65062652	FNTB	0.9811586844925819
chr14	65006174	65102695	MAX	0.9696508151407458
chr14	67294371	67360265	ATP6V1D	0.985558752185931
chr14	67360328	67386516	EIF2S1	0.999605122130084
chr14	69380128	69398299	ERH	0.9537428780955605
chr14	73058532	73123899	RBM25	0.9713995599932307
chr14	74084956	74201493	LIN52	0.9469735431827156
chr14	74763316	74859435	YLPM1	0.9504710328876854
chr14	74881891	74903743	DLST	0.9627122468550798
chr14	75002921	75012366	EIF2B2	0.9737124160884526
chr14	90256527	90275429	PSMC1	0.9629943024764483
chr14	90267860	90331969	NRDE2	0.9876459637840582
chr14	92121969	92172145	CPSF2	0.9845433519490043
chr14	100333790	100376805	WARS1	0.9731483048457156
chr14	100376418	100530303	WDR25	0.9549275117053083
chr14	101964573	102056443	DYNC1H1	0.9971794437863146
chr14	102341102	102362916	CINP	0.9473684210526316
chr14	103333544	103345025	EIF5	0.9896767642579116
chr14	103529196	103537073	TRMT61A	0.9565634343092458
chr14	105489855	105499575	TEDC1	0.9459017318215153
chr15	22983192	23039572	TUBGCP5	0.9537992892198341
chr15	23127066	23136822	GOLGA6L1	0.9947537654425452
chr15	29264989	29269822	NSMCE3	0.9672815479212501
chr15	34084017	34101862	EMC7	0.9750098719467479
chr15	34339159	34343180	NOP10	0.9467478986856208
chr15	34851782	34969742	AQR	0.9989845997630733
chr15	40694774	40732340	RAD51	0.9760816833079483
chr15	40765161	40807478	DNAJC17	0.9742765273311897
chr15	40894450	40903975	VPS18	0.9499633327692221
chr15	40978880	41116280	INO80	0.9750662830710216
chr15	41408408	41483563	RTF1	0.9437581090991144
chr15	41517176	41544269	RPAP1	0.9856715744344785
chr15	41981394	42051190	PLA2G4E	0.9444350425903988
chr15	42723544	42737128	CDAN1	0.9474248321769053
chr15	43804492	43824690	MFAP1	0.963445591470638
chr15	45402336	45421415	SPATA5L1	0.9879280194054267
chr15	48331011	48343373	DUT	0.9682969481581768
chr15	50275389	50355408	GABPB1	0.9523325999887178
chr15	55180806	55197049	RSL24D1	0.9886049528967112
chr15	66490135	66497780	SNAPC5	0.9737688272127264
chr15	66498015	66524532	RPL4	0.9872510859141422
chr15	72199029	72231819	PKM	0.9494556326507587
chr15	74069857	74082550	GOLGA6A	0.953630055847013
chr15	75023586	75117462	PPCDC	0.9648558695774807
chr15	75369379	75455842	SIN3A	0.9521069554916229
chr15	75639085	75648706	IMP3	0.9974614994076832
chr15	78277835	78299703	SKIC8	0.9864049190500367
chr15	78540405	78552417	PSMA4	0.9495684548993062
chr15	88459477	88467390	MRPL46	0.9578608901675411
chr15	89575469	89631056	TICRR	0.9667738478027867
chr15	90966040	90995629	PRC1	0.9697636373892932
chr15	101281510	101295282	SNRPA1	0.9506402662605066
chr16	53828	57669	SNRNP25	0.9814407401139504
chr16	729760	741329	CIAO3	0.9701585152592092
chr16	1308880	1327018	UBE2I	0.9847689964460992
chr16	1493344	1510457	TELO2	0.9781124837818018
chr16	1771890	1773150	MRPS34	0.9578044790432674
chr16	1962058	1964841	RPS2	0.9831894849664354
chr16	1972053	1982929	TBL3	0.9808202177469397
chr16	1984193	1987749	GFER	0.9593839905229311
chr16	2223580	2235742	E4F1	0.9444914537146726
chr16	2513952	2520218	ATP6V0C	0.9993230665087155
chr16	2752626	2772538	SRRM2	0.9481017656681898
chr16	2968024	2980479	PKMYT1	0.962881480227901
chr16	4425805	4456775	DNAJA3	0.9725277824787049
chr16	5033702	5087379	ALG1	0.9446042759632199
chr16	10743786	10769351	NUBP1	0.9676764257911661
chr16	11868128	11916082	GSPT1	0.9543069893382975
chr16	14922802	14952060	NPIPA1	0.9871946747898686
chr16	15060033	15094311	RRN3	0.9585942347830992
chr16	18781295	18790383	RPS15A	0.9949229988153664
chr16	18804860	18926408	SMG1	0.9631635358492695
chr16	21953288	21983660	UQCRC2	0.9524454222372652
chr16	22297375	22335101	POLR3E	0.977491961414791
chr16	23520754	23557731	EARS2	0.9616404354938795
chr16	23581014	23596316	NDUFAB1	0.9579737124160884
chr16	23641466	23677472	DCTN5	0.9800868731313815
chr16	23677656	23690367	PLK1	0.9898459976307328
chr16	24537693	24572863	RBBP6	0.954589044959666
chr16	27459555	27549913	GTF3C1	0.9821176736052349
chr16	28688558	28735727	EIF3C	0.9856151633102048
chr16	28842411	28846348	TUFM	0.9618660799909743
chr16	29858357	29863414	CDIPT	0.9840920629548147
chr16	30064164	30070457	ALDOA	0.9791278840187285
chr16	30075978	30085376	PPP4C	0.9912562757375755
chr16	31114489	31131393	KAT8	0.9595532238957523
chr16	46689643	46698394	ORC6	0.9704405708805777
chr16	56429133	56452199	NUDT21	0.9789022395216337
chr16	56730118	56850286	NUP93	0.9694815817679246
chr16	57462660	57472009	POLR2C	0.9946409431939979
chr16	58295080	58406147	GINS3	0.9719636712359677
chr16	66932065	66934423	CIAO2B	0.960963502002595
chr16	67438014	67481181	ATP6V0D1	0.9707790376262199
chr16	67842320	67844195	THAP11	0.9539121114683816
chr16	67846882	67872567	NUTF2	0.9814971512382242
chr16	68284503	68310946	SLC7A6OS	0.9762509166807695
chr16	68843531	69085182	TANGO6	0.9756868054380324
chr16	69131291	69231130	UTP4	0.9862920968014892
chr16	69337996	69343106	NIP7	0.9668302589270604
chr16	69355567	69408571	TERF2	0.971907260111694
chr16	69741871	69754926	NOB1	0.9677892480397134
chr16	70246778	70251940	EXOSC6	0.9953742878095561
chr16	70251983	70289707	AARS1	0.9827381959722458
chr16	70523791	70577670	SF3B3	0.9998307666271788
chr16	72008588	72027664	DHODH	0.9849382298189203
chr16	72093613	72112912	DHX38	0.9534044113499183
chr16	74296814	74306288	PSMD7	0.9722457268573362
chr16	75627474	75648643	KARS1	0.9888305973938061
chr16	84177847	84187070	TAF1C	0.9562249675636035
chr16	85676198	85690073	GINS2	0.9967281547921251
chr16	85798633	85807068	COX4I1	0.96575844756586
chr16	88651935	88663161	MVD	0.9960512213008406
chr16	88803789	88809258	CDT1	0.9882100750267953
chr16	89560677	89564542	RPL13	0.9963896880464828
chr17	1650629	1684867	PRPF8	0.9971230326620409
chr17	1829702	1900082	RPA1	0.9861228634286682
chr17	2322396	2336657	TSR1	0.9535736447227393
chr17	2405562	2511891	METTL16	0.9691995261465561
chr17	2593210	2685615	PAFAH1B1	0.9776611947876122
chr17	4538897	4555386	MYBBP1A	0.9717380267388729
chr17	4669774	4704337	PELP1	0.9825689625994246
chr17	4731428	4733608	MED11	0.9801432842556552
chr17	4796144	4798502	PSMB6	0.9811022733683082
chr17	4945652	4949061	PFN1	0.961527613245332
chr17	5359668	5420164	NUP88	0.945958142945789
chr17	5440917	5468982	DHX33	0.9802561065042027
chr17	7012417	7014532	RNASEK	0.9461837874428838
chr17	7306999	7312463	EIF5A	0.9667174366785131
chr17	7484366	7514616	POLR2A	0.9945845320697242
chr17	7572824	7579006	EIF4A1	0.964404580583291
chr17	7930345	7932123	TRAPPC1	0.9676200146668923
chr17	8204733	8210600	AURKB	0.983076662717888
chr17	8247618	8270491	PFAS	0.98538951881311
chr17	8377516	8383213	RPL26	0.9910306312404806
chr17	12991612	13018065	ELAC2	0.9677328369154398
chr17	14069490	14231736	COX10	0.9569583121791617
chr17	16380798	16382745	UBB	0.9592147571501101
chr17	17246616	17281273	COPS3	0.9519377221188018
chr17	28662198	28702679	SUPT6H	0.9547018672082135
chr17	28719985	28724359	RPL23A	0.9999435888757263
chr17	31860904	31901708	UTP6	0.9655328030687652
chr17	32444379	32483319	PSMD11	0.9557736785694139
chr17	35128730	35142304	NLE1	0.9602865685113104
chr17	36165683	36176636	TBC1D3B	0.9490607547808428
chr17	36428618	36439566	TBC1D3F	0.961132735375416
chr17	38057693	38068634	TBC1D3C	0.9662097365600496
chr17	38181659	38192555	TBC1D3	0.9632199469735432
chr17	38297023	38323217	MRPL45	0.9526146556100863
chr17	38752741	38764225	PSMB3	0.9891126530151746
chr17	38847860	38853764	RPL23	0.9936255429570712
chr17	39200283	39204840	RPL19	0.9466350764370735
chr17	39404285	39451272	MED1	0.962091724488069
chr17	39980807	39997959	PSMD3	0.9693687595193773
chr17	40287879	40304657	CDC6	0.9594968127714786
chr17	42561467	42566277	COASY	0.9572403678005302
chr17	42609641	42615238	TUBG1	0.968635414903819
chr17	42773449	42779599	VPS25	0.9767586167992328
chr17	42998273	43002959	RPL27	0.9739944717098212
chr17	43483865	43610338	DHX8	0.9858972189315733
chr17	44849948	44899445	EFTUD2	0.9992102442601681
chr17	46590669	46757679	NSF	0.9886613640209849
chr17	47117703	47189422	CDC27	0.9783381282788967
chr17	47649476	47685505	KPNB1	0.9952050544367349
chr17	49404049	49414905	PHB1	0.9746714052011056
chr17	50719565	50756219	LUC7L3	0.9738816494612738
chr17	58000919	58007346	SRSF1	0.9884357195238901
chr17	58692573	58735611	RAD51C	0.945563265075873
chr17	59619684	59696956	CLTC	0.9529531223557286
chr17	59707192	59842255	VMP1	0.953065944604276
chr17	63827152	63832026	PSMC5	0.9851074631917415
chr17	67337916	67366605	PSMD12	0.9501889772663169
chr17	74203582	74210655	RPL38	0.984994640943194
chr17	75109952	75130272	ARMC7	0.9666046144299656
chr17	75205659	75235758	NUP85	0.9826253737236983
chr17	75236599	75262363	GGA3	0.9511479663789699
chr17	75515944	75524735	TSEN54	0.9570147233034354
chr17	75667251	75708062	SAP30BP	0.9721893157330626
chr17	75898644	75905093	MRPL38	0.9639532915891014
chr17	76734115	76737333	SRSF2	0.9985897218931573
chr17	78214186	78225636	BIRC5	0.9736560049641789
chr17	78378649	78425114	PGS1	0.9440965758447566
chr17	80134369	80147151	EIF4A3	1.0
chr17	80544819	80966371	RPTOR	0.9813843289896768
chr17	80991598	81009517	CHMP6	0.9725841936029785
chr17	81189593	81222999	CEP131	0.948045354543916
chr17	81556887	81648465	NPLOC4	0.9721329046087889
chr17	81887835	81891586	ALYREF	0.961922491115248
chr17	81890790	81900991	ANAPC11	0.9873639081626897
chr17	82050691	82057470	GPS1	0.9697072262650195
chr17	82752042	82945914	TBCD	0.9574660122976251
chr18	2571557	2616635	NDC80	0.9928357872172393
chr18	12328944	12377227	AFG3L2	0.9703277486320302
chr18	21612314	21633524	SNRPD1	0.9893947086365431
chr18	46080248	46104334	ATP5F1A	0.9654199808202177
chr18	46104378	46128333	HAUS1	0.9618096688667005
chr18	49488453	49492508	RPL17	0.9848254075703728
chr18	57600656	57622213	NARS1	0.9966153325435776
chr18	79970813	80033949	TXNL4A	0.9994922998815366
chr19	617221	633537	POLRMT	0.9552659784509505
chr19	984332	998438	WDR18	0.9625430134822587
chr19	1086574	1095380	POLR2E	0.9857279855587522
chr19	1241746	1244825	ATP5F1D	0.9730354825971682
chr19	1438358	1440495	RPS15	0.9954306989338297
chr19	1609291	1652615	TCF3	0.9548146894567608
chr19	2236824	2248655	SF3A2	0.9869690302927737
chr19	2321520	2328611	LSM7	0.9641789360861962
chr19	2425625	2427586	TIMM13	0.9456196762001466
chr19	3490821	3500674	DOHH	0.9536864669712868
chr19	3976056	3985463	EEF2	0.9979127884018728
chr19	4247080	4269088	YJU2	0.9712303266204095
chr19	4402640	4445018	CHAF1A	0.968071303661082
chr19	5674947	5691875	RPL36	0.9973486771591358
chr19	7619525	7629545	XAB2	0.9906921644948384
chr19	7926718	7943667	TIMM44	0.9518248998702544
chr19	8321158	8323340	RPS28	0.9984204885203363
chr19	9827892	9830115	UBL5	0.9848818186946466
chr19	10106223	10114780	PPAN-P2RY11	0.9458453206972415
chr19	10106362	10112012	PPAN	0.9457889095729678
chr19	10115014	10119918	EIF3G	0.9943024764483557
chr19	10133342	10231286	DNMT1	0.9645174028318384
chr19	10251901	10260055	MRPL4	0.9808766288712134
chr19	10391133	10420121	CDC37	0.9518813109945281
chr19	10553085	10566031	KRI1	0.9829074293450668
chr19	10654304	10692400	ILF3	0.9515992553731596
chr19	10718055	10833488	DNM2	0.9997179443786315
chr19	10960932	11079426	SMARCA4	0.960568624132679
chr19	11131520	11155807	SPC24	0.9899024087550065
chr19	12922479	12934037	FARSA	0.9964460991707564
chr19	12953119	12957223	GADD45GIP1	0.9562813786878772
chr19	16517894	16542437	CHERP	0.978056072657528
chr19	17049729	17075625	HAUS8	0.9516556664974333
chr19	17292609	17306843	MRPL34	0.9485530546623794
chr19	17859910	17864153	RPL18A	0.9969537992892199
chr19	18306236	18323112	LSM4	0.947481243301179
chr19	18442663	18522116	ELL	0.9732047159699893
chr19	18571730	18577550	UBA52	0.9842048852033621
chr19	18831959	18868230	UPF1	0.986517741298584
chr19	18899514	18919387	COPE	0.99193320922886
chr19	18919705	18929189	DDX49	0.9953178766852824
chr19	19145567	19192131	MEF2B	0.9456760873244204
chr19	19145569	19192158	BORCS8-MEF2B	0.9457324984486941
chr19	19320829	19358754	MAU2	0.9879844305297004
chr19	29606283	29617237	POP4	0.9600045128899419
chr19	35612735	35625355	HAUS5	0.984599763073278
chr19	35648323	35658782	COX6B1	0.946522254188526
chr19	36113709	36115213	POLR2I	0.9918203869803125
chr19	36114289	36125947	TBCB	0.9645738139561122
chr19	38836370	38852347	HNRNPL	0.9601173351384893
chr19	38915266	38930763	SARS2	0.9741072939583686
chr19	39433137	39435949	RPS16	0.9783945394031703
chr19	39436156	39476670	SUPT5H	0.9794663507643707
chr19	39834458	39846379	FBL	0.9567890788063407
chr19	39971165	39981764	PSMC4	0.9789586506459074
chr19	41386371	41397362	EXOSC5	0.9687482371523665
chr19	41860255	41872925	RPS19	0.9976307327805043
chr19	42068477	42081552	ZNF574	0.977097083544875
chr19	44890569	44903689	TOMM40	0.946917132058442
chr19	45349837	45370918	ERCC2	0.9896203531336379
chr19	45687460	45692569	SNRPD2	0.9823997292266035
chr19	46838136	46850846	AP2S1	0.9658148586901337
chr19	47064187	47113776	ZC3H4	0.9584814125345519
chr19	47113274	47210636	SAE1	0.9684097704067243
chr19	47487637	47515091	NAPA	0.976927850172054
chr19	48115445	48170603	LIG1	0.9483274101652847
chr19	48445841	48457022	GRWD1	0.9609070908783213
chr19	48615328	48619184	RPL18	0.9989281886387996
chr19	48993562	49015970	RUVBL2	0.9995487110058103
chr19	49085419	49108605	SNRNP70	0.9735431827156316
chr19	49487510	49493057	RPL13A	0.9962204546736617
chr19	49496365	49499708	RPS11	0.9920460314774073
chr19	49642209	49658642	SCAF1	0.9528403001071811
chr19	49675786	49689029	PRMT1	0.9806509843741186
chr19	49859882	49878351	PNKP	0.9643481694590174
chr19	49906825	49929764	NUP62	0.9786765950245389
chr19	52170936	52229518	PPP2R1A	0.9660405031872286
chr19	54115410	54131719	PRPF31	0.9955435211823772
chr19	54189938	54194536	TSEN34	0.9604558018841316
chr19	54200809	54249003	RPS9	0.9948665876910927
chr19	54449190	54462016	LENG8	0.9532915891013708
chr19	55654146	55674716	U2AF2	0.9895639420093643
chr19	58386400	58394806	RPS5	0.9860664523043945
chr19	58551452	58555105	CHMP2A	0.9807073954983923
chr19	58555712	58558954	UBE2M	0.9801996953799289
chr2	1789113	2331664	MYT1L	0.9570711344277092
chr2	3575260	3580920	RPS7	0.9925537315958707
chr2	9423651	9473101	CPSF3	0.9757996276865798
chr2	10120698	10211725	RRM2	0.9941896541998082
chr2	10562347	10689987	NOL10	0.9553223895752242
chr2	26764289	26801067	CENPA	0.9598352795171208
chr2	27130756	27134666	PREB	0.956507023184972
chr2	27217369	27243943	CAD	0.9766457945506855
chr2	27325849	27356999	GTF3C2	0.969030292773735
chr2	27364352	27370338	EIF2B4	0.9587070570316466
chr2	27628247	27651511	GPN1	0.9554352118237717
chr2	27771717	27988087	MRPL33	0.9453940317030518
chr2	28751640	28802940	PPP1CB	0.9649122807017544
chr2	28894667	28948219	WDR43	0.9935127207085237
chr2	31867809	32039805	DPY30	0.9513171997517911
chr2	32628032	32821051	TTC27	0.9843741185761833
chr2	37201612	37231596	CEBPZ	0.969594404016472
chr2	38293954	38377285	ATL2	0.9594404016472048
chr2	38743599	38751494	SRSF7	0.9678456591639871
chr2	45388680	45612165	SRBD1	0.978450950527444
chr2	55231903	55235853	RPS27A	0.988266486151069
chr2	61476032	61538741	XPO1	0.9976871439047781
chr2	61868085	61888671	CCT4	0.9861792745529419
chr2	68122936	68157549	DNAAF10	0.9586506459073729
chr2	69319780	69387250	GFPT1	0.9566198454335195
chr2	70087477	70089203	PCBP1	0.9527274778586338
chr2	70281362	70293740	SNRPG	0.9671687256727026
chr2	71130310	71150101	MPHOSPH10	0.9588198792801941
chr2	73233420	73253021	CCT7	0.9824561403508772
chr2	73892314	73919865	ACTG2	0.9438145202233881
chr2	74471982	74472687	MRPL53	0.9583685902860044
chr2	85539168	85545281	MAT2A	0.9778304281604332
chr2	85602856	85649283	USP39	0.990579342246291
chr2	86020216	86106155	POLR1A	0.986348507925763
chr2	95085369	95122006	MRPS5	0.9477632989225475
chr2	96266159	96274173	CIAO1	0.9632763580978169
chr2	96274338	96321271	SNRNP200	0.9831330738421616
chr2	96335766	96377091	NCAPH	0.9770406724206013
chr2	98599314	98608515	COA5	0.9775483725390647
chr2	99337371	99401326	EIF5B	0.9919896203531336
chr2	101002229	101024032	RPL31	0.9622045467366165
chr2	109792758	109857705	RGPD5	0.9556044451965928
chr2	112541915	112579818	POLR1B	0.9958255768037457
chr2	112645939	112663825	SLC20A1	0.9796355841371919
chr2	113437691	113496204	ZNG1B	0.9499069216449484
chr2	117814691	117832377	DDX18	0.9772099057934225
chr2	127257290	127294166	ERCC3	0.9691431150222825
chr2	127701027	127811187	WDR33	0.9864613301743104
chr2	127843553	127858155	POLR2D	0.973261127094263
chr2	130342877	130347967	IMP4	0.9661533254357759
chr2	135905881	135986100	DARS1	0.9913126868618491
chr2	161308425	161411717	PSMD14	0.9933434873357027
chr2	168834132	168913371	SPC25	0.9465786653127997
chr2	189441446	189475552	WDR75	0.9698764596378406
chr2	197388515	197435079	SF3B1	0.9527838889829074
chr2	197486584	197516737	HSPD1	0.9640661138376488
chr2	197500140	197503449	HSPE1	0.9990974220116207
chr2	197705369	197708395	MARS2	0.9767022056749591
chr2	202265736	202303661	NOP58	0.9843177074519095
chr2	202874261	203014798	WDR12	0.971512382241778
chr2	215311956	215349773	ATIC	0.9763637389293168
chr2	216107464	216206303	XRCC5	0.9613583798725108
chr2	216498825	216579180	RPL37A	0.9862356856772155
chr2	218264129	218270178	AAMP	0.9791842951430022
chr2	222566899	222656092	FARSB	0.9829638404693406
chr2	223957463	223967714	MRPL44	0.9448863315845885
chr2	231056845	231173116	PSMD1	0.9601737462627631
chr2	241675747	241686944	DTYMK	0.9979691995261466
chr20	2461634	2470853	SNRPB	0.9599481017656682
chr20	2652593	2658393	NOP56	0.9462401985671575
chr20	5114953	5126626	PCNA	0.9983640773960625
chr20	20034368	20056046	CRNKL1	0.9452812094545044
chr20	25391008	25452700	GINS1	0.9581993569131833
chr20	31739271	31801805	TPX2	0.968466181530998
chr20	31944337	31952046	PDRG1	0.9451683872059571
chr20	33811348	33854366	CHMP4B	0.9483838212895583
chr20	34088309	34112243	EIF2S2	0.9776047836633385
chr20	34280268	34311802	AHCY	0.9680148925368083
chr20	35278907	35284985	EIF6	0.9883793083996164
chr20	35668052	35699355	NFS1	0.9803125176284764
chr20	35701347	35742312	RBM39	0.9841484740790885
chr20	37983007	38033461	TTI1	0.9917075647317651
chr20	41028822	41124487	TOP1	0.9664917921814182
chr20	46684365	46689444	TP53RK	0.9650815140745755
chr20	49046246	49096960	CSE1L	0.9768714390477803
chr20	49219347	49244077	DDX27	0.9793535285158234
chr20	56369389	56392337	AURKA	0.9747842274496531
chr20	56392371	56406362	CSTF1	0.963840469340554
chr20	56468585	56519449	RTF2	0.9688610594009138
chr20	57351223	57379211	RAE1	0.9710610932475885
chr20	59033145	59042809	PRELID3B	0.9496248660235799
chr20	62136733	62143440	PSMA7	0.9915947424832177
chr20	62183028	62203568	MTG2	0.9674507812940712
chr20	62387103	62388520	RPS21	0.9581429457889096
chr20	63981132	64033100	PRPF6	0.9923280870987758
chr21	25585656	25607517	MRPL39	0.9512043775032436
chr21	28872191	28885371	N6AMT1	0.9436452868505669
chr21	29055805	29073797	CCT8	0.9669994922998816
chr21	32592079	32612603	CFAP298	0.9888870085180798
chr21	33503931	33543491	GART	0.9597788683928471
chr21	33543038	33577481	SON	0.9653071585716704
chr21	33559542	33588706	DONSON	0.9765893834264117
chr21	34073224	34143034	MRPS6	0.9478197100468212
chr21	43092956	43107570	U2AF1	0.9809330399954871
chr21	44107373	44131181	PWP2	0.9835279517120776
chr22	17592136	17628749	ATP6V1E1	0.9506966773847803
chr22	19130279	19144684	ESS2	0.9535172335984656
chr22	19449911	19479202	UFD1	0.9627686579793535
chr22	19479457	19520612	CDC45	0.9986461330174311
chr22	19783223	19854939	GNB1L	0.9628250691036272
chr22	20080221	20111877	DGCR8	0.9690867038980087
chr22	21549447	21624034	UBE2L3	0.9523890111129915
chr22	21632716	21637329	CCDC116	0.9728662492243471
chr22	21666000	21700015	PPIL2	0.9932306650871552
chr22	23179704	23318037	BCR	0.9835843628363513
chr22	23786931	23838009	SMARCB1	0.9649686918260281
chr22	24555958	24582052	SNRPD3	0.99847689964461
chr22	26491225	26512505	TFIP11	0.9724149602301574
chr22	28742039	28757515	HSCB	0.9730918937214419
chr22	29730956	29767011	ZMAT5	0.9615840243696057
chr22	30331988	30356919	SF3A1	0.9950358210639139
chr22	30576625	30607083	PES1	0.9917639758560388
chr22	31618491	31662221	PISD	0.9510351441304226
chr22	32387582	32412248	RTCB	0.9635020025949117
chr22	35400134	35425431	MCM5	0.9825125514751509
chr22	36281280	36388010	MYH9	0.9503582106391381
chr22	36510855	36529184	EIF3D	0.9958819879280194
chr22	37681673	37693476	NOL12	0.9449991538331359
chr22	37952607	38041915	POLR2F	0.9768150279235065
chr22	38681957	38685421	TOMM22	0.9625994246065325
chr22	39312882	39320389	RPL3	0.9963332769222091
chr22	40346461	40390463	ADSL	0.9798612286342867
chr22	40951347	40973309	RBX1	0.9724713713544311
chr22	41092592	41180077	EP300	0.9673379590455238
chr22	41244779	41286187	RANGAP1	0.9844869408247306
chr22	41447830	41529273	ACO2	0.9682405370339031
chr22	41459717	41468692	PHF5A	0.9978563772775991
chr22	41525799	41544606	POLR3H	0.9870818525413212
chr22	41621163	41664048	XRCC6	0.9758560388108535
chr22	41673933	41690504	SNU13	0.9929486094657867
chr22	41938737	41947152	CENPM	0.9839792407062673
chr22	43955442	44010531	SAMM50	0.9460145540700626
chr22	50523568	50526461	SCO2	0.9440401647204829
chr3	10293131	10321112	SEC13	0.9924409093473233
chr3	12834485	12841582	RPL32	0.9987025441417048
chr3	14178817	14201122	LSM3	0.9487222880352005
chr3	15009611	15065339	MRPS25	0.9468607209341682
chr3	16257061	16264969	DPH3	0.9453376205787781
chr3	23916591	23924374	RPL15	0.9977435550290518
chr3	39406716	39426255	RPSA	0.993851187454166
chr3	40457292	40468587	RPL14	0.9918767981045863
chr3	42581840	42596934	SS18L2	0.9826817848479721
chr3	44975241	45036066	EXOSC7	0.9716816156145992
chr3	45689056	45745412	SACM1L	0.9557172674451402
chr3	47413681	47477126	SCAP	0.9528967112314548
chr3	47495640	47513712	ELP6	0.9514864331246122
chr3	47802909	47850195	DHX30	0.963050713600722
chr3	48446710	48467645	ATRIP	0.9503017995148644
chr3	49024325	49029447	IMPDH2	0.964009702713375
chr3	49095932	49105130	QARS1	0.9968409770406724
chr3	49359139	49412998	RHOA	0.9450555649574096
chr3	49716844	49723973	GMPPB	0.9957127545551983
chr3	53088483	53130453	RFT1	0.9439837535962092
chr3	53867066	53882152	ACTR8	0.9603429796355841
chr3	58306245	58324695	RPP14	0.9514300220003384
chr3	63833870	63863868	THOC7	0.9733739493428104
chr3	64010550	64024010	PSMD6	0.9751226941952953
chr3	69054730	69080408	UBA3	0.9733175382185367
chr3	72749277	72861914	SHQ1	0.9501325661420432
chr3	101648889	101677135	ZBTB11	0.9779432504089807
chr3	101681091	101686733	RPL24	0.9846561741975518
chr3	111592900	111595346	ZBED2	0.94612737631861
chr3	113002444	113019861	NEPRO	0.9591019349015626
chr3	113716458	113746300	NAA50	0.9521633666158966
chr3	113746770	113812056	ATP6V1A	0.9981948440232414
chr3	119654513	119677454	COX17	0.9644609917075647
chr3	124730433	124749273	UMPS	0.9897331753821854
chr3	127598410	127622436	MCM2	0.9906357533705646
chr3	128051641	128071705	SEC61A1	0.9812150956168556
chr3	128064778	128153914	RUVBL1	0.9962768657979354
chr3	128619969	128681075	RPN1	0.970384159756304
chr3	138160988	138174949	DBR1	0.999041010887347
chr3	139353946	139389736	COPB2	0.9869126191685
chr3	142449007	142578733	ATR	0.9660969143115022
chr3	155870650	155944020	GMPS	0.9560557341907824
chr3	172750682	172821474	ECT2	0.9558300896936877
chr3	179562886	179588407	ACTL6A	0.9773227280419698
chr3	184135038	184146127	EIF2B5	0.9706662153776725
chr3	184299198	184309050	PSMD2	0.9715687933660518
chr3	184314495	184335358	EIF4G1	0.955548034072319
chr3	184361710	184368596	POLR2H	0.9575224234218989
chr3	186789880	186807058	RFC4	0.9620353133637953
chr3	196012511	196082153	TFRC	0.9970102104134936
chr3	196935402	196942594	NCBP2	0.993061431714334
chr3	197950190	197956610	RPL35A	0.9954871100581034
chr4	7058671	7068085	GRPEL1	0.9860100411801207
chr4	10068089	10116972	WDR1	0.9589327015287414
chr4	24517441	24584554	DHX15	0.9855023410616573
chr4	25377263	25418498	ANAPC4	0.9550967450781295
chr4	39287456	39366375	RFC1	0.9706098042533988
chr4	39452587	39458931	RPL9	0.9981384328989676
chr4	53377569	53464382	FIP1L1	0.9631071247249958
chr4	56393362	56435615	PPAT	0.9711739154961359
chr4	56435741	56464578	PAICS	0.9597224572685734
chr4	56977722	57031158	POLR2B	0.9942460653240819
chr4	68310387	68350090	YTHDC1	0.9786201839002652
chr4	75940950	75990962	SDAD1	0.9642917583347437
chr4	108620569	108630412	RPL34	0.9792971173915497
chr4	139301446	139420033	NAA15	0.9505274440119592
chr4	145098288	145129524	ABCE1	0.9819484402324139
chr4	151099624	151104642	RPS3A	0.9988717775145258
chr5	218303	257082	SDHA	0.9728098381000734
chr5	10249929	10266389	CCT5	0.9904101088734698
chr5	16451519	16465800	ZNF622	0.9647430473289332
chr5	33440696	33468091	TARS1	0.9838664184577198
chr5	34915677	34925996	BRIX1	0.9612455576239635
chr5	36876769	37066413	NIPBL	0.9663789699328708
chr5	37379285	37753435	WDR70	0.9500761550177695
chr5	40825262	40835222	RPL37	0.9935691318327975
chr5	43287470	43313512	HMGCS1	0.9809894511197609
chr5	52787916	52804044	PELO	0.9585378236588256
chr5	55307989	55425579	MTREX	0.954024933716929
chr5	62347284	62403943	DIMT1	0.9596660461442996
chr5	65563236	65587549	PPWD1	0.9479889434196423
chr5	69234795	69277430	CDK7	0.9651379251988492
chr5	69560191	69595221	GTF2H2C	0.9636712359677329
chr5	72214953	72321717	MRPS27	0.9579173012918147
chr5	73565443	73583380	UTP15	0.947876121171095
chr5	74766991	74780113	NSA2	0.954983922829582
chr5	75336329	75364001	HMGCR	0.9921588537259548
chr5	80626226	80654983	DHFR	0.9902408755006488
chr5	82273320	82278396	RPS23	0.9908049867433858
chr5	87318416	87412930	CCNH	0.9663225588085971
chr5	97160867	97183247	RIOK2	0.9466914875613471
chr5	111092321	111130502	WDR36	0.9673943701697975
chr5	112861188	112898371	SRP19	0.9540813448412027
chr5	134148935	134176964	SKP1	0.9451119760816833
chr5	134194035	134226073	PPP2CA	0.9931742539628815
chr5	134758771	134855133	DDX46	0.9894511197608169
chr5	138187650	138213343	CDC23	0.9756303943137586
chr5	138506095	138543236	ETF1	0.9818356179838664
chr5	138553756	138575675	HSPA9	0.998082021774694
chr5	140664868	140674124	WDR55	0.9743893495797371
chr5	140673035	140691537	HARS1	0.9975743216562306
chr5	140691430	140699305	HARS2	0.9619789022395216
chr5	140698680	140706686	ZMAT2	0.9720200823602414
chr5	141620876	141636849	HDAC3	0.9699328707621143
chr5	146110566	146182696	LARS1	0.9576916567947199
chr5	150442635	150449739	RPS14	0.9951486433124612
chr5	150690792	150701077	RBM22	0.9688046482766401
chr5	154887411	154938211	GEMIN5	0.9832458960907091
chr5	157743712	157760709	LSM11	0.9561121453150562
chr5	160009113	160065543	TTC1	0.9520505443673493
chr5	160401641	160421711	SLU7	0.9473120099283578
chr5	168486451	168519301	RARS1	0.9764765611778643
chr5	171861549	172006873	FBXW11	0.9546454560839398
chr5	175917873	176034680	THOC3	0.957296778924804
chr5	176383946	176388927	NOP16	0.969425170643651
chr5	177303799	177306949	PRELID1	0.9752919275681164
chr5	177511577	177516961	DDX41	0.9522761888644441
chr5	178149463	178153894	NHP2	0.9525018333615389
chr5	179614178	179634784	HNRNPH1	0.9662661476843234
chr5	181236897	181248096	RACK1	0.9900152310035539
chr6	5261044	5829192	FARS2	0.9610763242511423
chr6	10694972	10709782	PAK1IP1	0.9755175720652113
chr6	26596953	26600739	ABT1	0.948440232413832
chr6	30345131	30346884	RPP21	0.9923844982230496
chr6	30571393	30597179	ABCF1	0.9605122130084053
chr6	30699807	30717447	MDC1	0.9447735093360411
chr6	30717435	30725538	TUBB	0.9970666215377673
chr6	30908207	30914106	GTF2H4	0.9626558357308062
chr6	31665227	31670343	CSNK2B	0.9636148248434592
chr6	31777518	31795752	VARS1	0.9968973881649461
chr6	31797396	31806966	LSM2	0.992497320471597
chr6	33250272	33272047	VPS52	0.9588762904044678
chr6	33272075	33276511	RPS18	0.9785637727759915
chr6	33279108	33289247	WDR46	0.9810458622440346
chr6	33289302	33298401	PFDN6	0.97884582839736
chr6	34417454	34426069	RPS10	0.9911434534890281
chr6	34757505	34773857	SNRPC	0.9484966435381057
chr6	35468401	35470785	RPL10A	0.9710046821233147
chr6	36594353	36605600	SRSF3	0.9754047498166638
chr6	41072974	41102403	NFYA	0.9623173689851638
chr6	41905354	41921139	MED20	0.9659840920629549
chr6	41921499	41933046	BYSL	0.9735995938399052
chr6	42744498	42746103	TBCC	0.99345630958425
chr6	42879616	42889925	RPL7L1	0.9590455237772889
chr6	43509702	43562419	POLR1C	0.9893382975122694
chr6	44387706	44450425	CDC5L	0.9689738816494613
chr6	52264014	52284881	MCM3	0.9836971850848988
chr6	73489308	73525587	EEF1A1	0.9943588875726294
chr6	87513459	87590028	RARS2	0.9624301912337113
chr6	87590067	87667453	ORC3	0.9492299881536639
chr6	88609897	88963618	RNGTT	0.9914819202346703
chr6	89642498	89819794	MDN1	0.9497376882721272
chr6	106629578	106668417	QRSL1	0.949004343656569
chr6	117675469	117710727	NUS1	0.9633327692220907
chr6	131708441	131711017	CTAGE9	0.9653635696959441
chr6	132814569	132817564	RPS12	0.9967845659163987
chr6	135181308	135219173	MYB	0.9629378913521747
chr6	143843338	143863812	LTV1	0.9568454899306144
chr6	144094884	144095573	SF3B5	0.9772663169176962
chr6	149724315	149749665	NUP43	0.9500197438934959
chr6	159778498	159789703	TCP1	0.977886839284707
chr6	170535120	170553307	PSMB1	0.9463530208157048
chr7	1470277	1504389	INTS1	0.9622609578608902
chr7	1567332	1571005	PSMG3	0.9852202854402888
chr7	2354086	2380745	EIF3B	0.9566762565577932
chr7	19695461	19709037	POLR1F	0.9718508489874204
chr7	25118656	25125260	CYCS	0.9787894172730862
chr7	30580533	30634033	GARS1	0.9475376544254527
chr7	39566385	39610320	YAE1	0.9509223218818751
chr7	42916828	42932185	PSMA2	0.9734303604670841
chr7	43866558	43869893	MRPS24	0.9508659107576014
chr7	44114631	44124358	POLD2	0.9833587183392565
chr7	44379119	44490658	NUDCD3	0.9509787330061489
chr7	44565804	44575051	DDX56	0.9905229311220173
chr7	44606572	44709066	OGDH	0.9927229649686918
chr7	47963288	47979615	HUS1	0.9472555988040842
chr7	56051685	56063989	CCT6A	0.9865741524228578
chr7	73683597	73698212	BUD23	0.9878716082811531
chr7	74231499	74254458	RFC2	0.9910870423647543
chr7	75027122	75074228	RCC1L	0.9447170982117674
chr7	98877933	99050831	TRRAP	0.9790714728944548
chr7	99408641	99419616	BUD31	0.9823433181023298
chr7	99416739	99466163	PTCD1	0.9544762227111186
chr7	100088969	100092187	COPS6	0.9498505105206747
chr7	100092233	100101940	MCM7	0.9800304620071079
chr7	100106876	100119841	TAF6	0.9583121791617307
chr7	100428322	100434126	MEPCE	0.9685790037795453
chr7	100706121	100707486	POP7	0.9708354487504937
chr7	100875103	100888664	SRRT	0.97230213798161
chr7	102473128	102478922	POLR2J	0.9965589214193039
chr7	102537918	102572653	POLR2J3	0.9992666553844418
chr7	102665368	102671663	POLR2J2	0.994020420826987
chr7	103297407	103331818	PMPCB	0.9541941670897501
chr7	103328570	103370346	PSMC2	0.9787330061488125
chr7	106248298	106285966	NAMPT	0.9804817510012974
chr7	128862856	128865847	ATP6V1F	0.9774355502905173
chr7	128954180	129055173	TNPO3	0.9574096011733514
chr7	129611720	129757082	NRF1	0.9575788345461725
chr7	135557917	135648757	NUP205	0.9502453883905906
chr7	148697914	148801110	CUL1	0.9526710667343601
chr8	20197381	20226819	ATP6V1B2	0.992102442601681
chr8	28089673	28191156	ELP3	0.9552095673266768
chr8	28767661	28890242	INTS9	0.9747278163253794
chr8	33473386	33513185	TTI2	0.9633891803463643
chr8	33485182	33501262	MAK16	0.9763073278050431
chr8	37843268	37849861	BRF2	0.976532972302138
chr8	38105493	38144076	ASH2L	0.9623737801094376
chr8	41529218	41545030	GINS4	0.9556608563208665
chr8	47960185	47978160	MCM4	0.9598916906413945
chr8	56067254	56074510	RPS20	0.9717944378631467
chr8	66429014	66430733	RRS1	0.9614712021210583
chr8	67043079	67083783	COPS5	0.9531787668528234
chr8	73290242	73295789	RPL7	0.971343148868957
chr8	98024851	98046469	RPL30	0.9839228295819936
chr8	98117293	98159835	POP1	0.9551531562024032
chr8	100150623	100154003	POLR2K	0.9441529869690303
chr8	108162787	108443496	EIF3E	0.9513736108760648
chr8	116766505	116849463	UTP23	0.984430529700457
chr8	116845934	116874776	RAD21	0.9698200485135668
chr8	117520713	117540262	MED30	0.9729226603486207
chr8	127735434	127742951	MYC	0.9828510182207931
chr8	131904093	132013642	EFR3A	0.9531223557285496
chr8	143816344	143830709	PUF60	0.9875895526597845
chr8	144078648	144080648	EXOSC4	0.9955999323066509
chr8	144095039	144097525	CYC1	0.9571839566762566
chr8	144393229	144409335	CPSF1	0.9852766965645625
chr8	144423601	144428563	VPS28	0.9939075985784397
chr8	144428775	144444440	TONSL	0.9936819540813449
chr8	144789765	144792587	RPL8	0.9997743555029052
chr9	120837	179147	ZNG1A	0.9525582444858126
chr9	4792944	4885917	RCL1	0.9686918260280928
chr9	19375715	19380236	RPS6	0.9966717436678513
chr9	33041765	33076674	SMU1	0.9985333107688836
chr9	33461353	33473930	NOL6	0.975573983189485
chr9	34613545	34620523	DCTN3	0.9542505782140238
chr9	35053928	35072668	VCP	0.9904665199977436
chr9	41131306	41199261	ZNG1F	0.9761380944322221
chr9	68232003	68300035	ZNG1C	0.9838100073334461
chr9	83968083	83980631	HNRNPK	0.9799176397585604
chr9	86264546	86283102	ISCA1	0.9495120437750324
chr9	92210207	92293854	IARS1	0.999435888757263
chr9	97633668	97673748	NCBP1	0.9460709651943363
chr9	99216425	99221942	ALG2	0.975968861059401
chr9	104094260	104141419	SMC2	0.9702149263834828
chr9	113275642	113294009	PRPF4	0.9738252383370001
chr9	124353465	124415444	PSMB7	0.9875331415355109
chr9	124857880	124861981	RPL35	0.9744457607040109
chr9	125234853	125241382	HSPA5	0.9993794776329893
chr9	127447674	127451406	RPL12	0.9867433857956789
chr9	127785679	127790792	CDK9	0.9782817171546229
chr9	127794597	127814327	FPGS	0.9652507474473967
chr9	128504655	128543874	GLE1	0.9606250352569526
chr9	128819651	128829794	SPOUT1	0.9880408416539742
chr9	128945530	128947603	DOLK	0.9795791730129182
chr9	130693721	130707288	EXOSC2	0.9486094657866532
chr9	130713043	130887675	ABL1	0.9812715067411294
chr9	131125573	131234663	NUP214	0.9878151971568794
chr9	132670035	132694953	GTF3C4	0.947086365431263
chr9	133338312	133348131	MED22	0.9589891126530152
chr9	133348218	133351426	RPL7A	0.9974050882834095
chr9	134135365	134159968	WDR5	0.9655892141930389
chr9	136359480	136363744	DNLZ	0.9617532577424268
chr9	136375567	136400176	SNAPC4	0.9889998307666272
chr9	136410630	136427992	PMPCA	0.9740508828340949
chr9	136440096	136483759	SEC16A	0.9445478648389463
chr9	137174784	137188560	ANAPC2	0.9909178089919333
chr9	137205685	137219361	NDOR1	0.9693123483951035
chr9	137255327	137273542	NELFB	0.990974220116207
chr9	137551879	137552555	MRPL41	0.9711175043718622
chrX	24054946	24078810	EIF2S3	0.9870254414170475
chrX	24693873	24996986	POLA1	0.9753483386923901
chrX	40579372	40606848	ATP6AP2	0.9671123145484289
chrX	47190861	47215128	UBA1	0.9913690979861228
chrX	47651796	47659180	UXT	0.9532351779770971
chrX	53374149	53422728	SMC1A	0.9887177751452586
chrX	53431258	53434370	HSD17B10	0.9584250014102781
chrX	54440404	54448032	TSR2	0.9897895865064591
chrX	65438549	65534810	LAS1L	0.9701021041349355
chrX	70133447	70166324	IGBP1	0.9496812771478536
chrX	71118543	71144103	MED12	0.953460822474192
chrX	71533087	71575892	OGT	0.9443222203418514
chrX	72255679	72277248	RPS4X	0.9937947763298922
chrX	75051048	75156732	ABCB7	0.9611891464996898
chrX	77910739	78129295	PGK1	0.969989281886388
chrX	101098188	101166126	CENPI	0.956901901054888
chrX	119870475	119871733	RNF113A	0.9607378575055001
chrX	119920672	119943751	NKAP	0.9664353810571444
chrX	123600561	123733056	THOC2	0.983471540587804
chrX	136848004	136880764	RBMX	0.9637276470920065
chrX	153947557	153971818	HCFC1	0.9726970158515259
chrX	154389955	154409168	RPL10	0.9991538331358945
chrX	154411524	154421726	TAFAZZIN	0.9519941332430756
chrX	154428633	154436516	ATP6AP1	0.9880972527782479
chrX	154444141	154450654	FAM50A	0.994810176566819
chrX	154762742	154777689	DKC1	0.9792407062672759
